{
"type": "FeatureCollection",
"name": "neighbourhood_coverage",
"crs": { "type": "name", "properties": { "name": "urn:ogc:def:crs:OGC:1.3:CRS84" } },
"features": [
{ "type": "Feature", "properties": { "name": "Ayvansaray", "osm_relation": 2463274, "zone_id": "Z001", "image_count": 7113, "area_km2": 0.62118058815687605, "eligible_km": 19.42220911025273, "covered_km": 7.9567034790823099, "coverage_pct": 40.967036416480916, "image_density_per_km2": 11450.776369405232, "images_per_eligible_km": 366.23022435924349 }, "geometry": { "type": "Polygon", "coordinates": [ [ [ 28.9400293, 41.033317 ], [ 28.9402465, 41.0336192 ], [ 28.9403179, 41.0345293 ], [ 28.9397611, 41.0346128 ], [ 28.9393923, 41.0347881 ], [ 28.9391074, 41.0349707 ], [ 28.9394073, 41.0361816 ], [ 28.9393886, 41.0364593 ], [ 28.9393748, 41.036665 ], [ 28.9392217, 41.0371418 ], [ 28.9391852, 41.0373909 ], [ 28.9393804, 41.0378873 ], [ 28.9401441, 41.038171 ], [ 28.9404606, 41.0382353 ], [ 28.9411335, 41.0388417 ], [ 28.9413422, 41.0390597 ], [ 28.9414326, 41.0390353 ], [ 28.9417027, 41.0397306 ], [ 28.9421769, 41.0398192 ], [ 28.9424535, 41.0398427 ], [ 28.9425656, 41.0399782 ], [ 28.9433461, 41.039518799999989 ], [ 28.944566, 41.0407646 ], [ 28.9448171, 41.04086 ], [ 28.9448547, 41.0408106 ], [ 28.9448996, 41.0407799 ], [ 28.9447463, 41.0406939 ], [ 28.9455174, 41.0394408 ], [ 28.945967, 41.0387288 ], [ 28.9460579, 41.0385848 ], [ 28.9462944, 41.0381695 ], [ 28.9463477, 41.038075099999986 ], [ 28.9463132, 41.0378976 ], [ 28.9463991, 41.037771399999983 ], [ 28.9465682, 41.037577 ], [ 28.9465801, 41.0375429 ], [ 28.9465945, 41.0374992 ], [ 28.9466188, 41.0374302 ], [ 28.9467538, 41.037162 ], [ 28.946942, 41.0368212 ], [ 28.9471305, 41.0365973 ], [ 28.9473571, 41.0363734 ], [ 28.9479428, 41.036123499999988 ], [ 28.9481775, 41.036062 ], [ 28.9483335, 41.036050299999985 ], [ 28.948486, 41.0360084 ], [ 28.9485607, 41.0359744 ], [ 28.9484968, 41.0358381 ], [ 28.9488153, 41.0357457 ], [ 28.948866, 41.0357172 ], [ 28.948843, 41.03569730000001 ], [ 28.949069, 41.0354811 ], [ 28.9492422, 41.0352998 ], [ 28.9491945, 41.035179 ], [ 28.9491751, 41.0350059 ], [ 28.9491771, 41.0349555 ], [ 28.9492926, 41.034931 ], [ 28.9492827, 41.0348915 ], [ 28.9493421, 41.0348791 ], [ 28.9493238, 41.0348188 ], [ 28.9492988, 41.0347364 ], [ 28.9490982, 41.0347727 ], [ 28.9490861, 41.0345609 ], [ 28.9491634, 41.0343012 ], [ 28.9491023, 41.0342451 ], [ 28.9492514, 41.0338878 ], [ 28.9495473, 41.0337375 ], [ 28.9486604, 41.033182600000018 ], [ 28.9480218, 41.032761599999986 ], [ 28.9479093, 41.0325976 ], [ 28.9467211, 41.0330922 ], [ 28.9463362, 41.0332421 ], [ 28.9460827, 41.0328636 ], [ 28.9458823, 41.0326018 ], [ 28.9457087, 41.0323315 ], [ 28.9455077, 41.032048699999983 ], [ 28.9453479, 41.0318022 ], [ 28.9451587, 41.0315372 ], [ 28.9447409, 41.03168680000001 ], [ 28.9444757, 41.0318141 ], [ 28.9441306, 41.0319348 ], [ 28.9438491, 41.0320411 ], [ 28.9435621, 41.0321461 ], [ 28.9434204, 41.031954499999983 ], [ 28.9433328, 41.0318358 ], [ 28.9432043, 41.0316762 ], [ 28.9431143, 41.0316379 ], [ 28.9430139, 41.0315964 ], [ 28.9432276, 41.0311334 ], [ 28.9428934, 41.0309471 ], [ 28.9428317, 41.0309143 ], [ 28.9426413, 41.0308854 ], [ 28.9425836, 41.03088 ], [ 28.9425044, 41.0308172 ], [ 28.942404, 41.0306922 ], [ 28.9423035, 41.030517499999988 ], [ 28.9422537, 41.0302936 ], [ 28.942121, 41.0301266 ], [ 28.9417721, 41.029734 ], [ 28.9415374, 41.0297574 ], [ 28.9412148, 41.0298154 ], [ 28.940769, 41.030109099999983 ], [ 28.9406121, 41.0302405 ], [ 28.9404533, 41.030407 ], [ 28.9405063, 41.030529099999988 ], [ 28.9405349, 41.0307692 ], [ 28.9405569, 41.0308519 ], [ 28.9407767, 41.0311483 ], [ 28.9402487, 41.0314115 ], [ 28.9402242, 41.0314222 ], [ 28.9400307, 41.0314945 ], [ 28.9399381, 41.0315352 ], [ 28.9398977, 41.031545399999985 ], [ 28.9397981, 41.0315706 ], [ 28.9396564, 41.031599 ], [ 28.9396071, 41.031611299999987 ], [ 28.9394149, 41.0314629 ], [ 28.9391097, 41.0314731 ], [ 28.939078, 41.0313759 ], [ 28.9389197, 41.0313947 ], [ 28.9388549, 41.0313691 ], [ 28.9387074, 41.0314181 ], [ 28.938224, 41.0315458 ], [ 28.9376762, 41.0318086 ], [ 28.937778, 41.0319908 ], [ 28.937651, 41.0321139 ], [ 28.9400293, 41.033317 ] ] ] } },
{ "type": "Feature", "properties": { "name": "Balat", "osm_relation": 2463371, "zone_id": "Z002", "image_count": 2503, "area_km2": 0.40250730683512509, "eligible_km": 13.671123699960724, "covered_km": 3.6444782321095754, "coverage_pct": 26.658219997819536, "image_density_per_km2": 6218.5206516642893, "images_per_eligible_km": 183.08663244757201 }, "geometry": { "type": "MultiPolygon", "coordinates": [ [ [ [ 28.9447654, 41.0277521 ], [ 28.9448009, 41.028005899999989 ], [ 28.9448172, 41.028127499999989 ], [ 28.944819, 41.0281567 ], [ 28.944819, 41.0282702 ], [ 28.9448069, 41.0283487 ], [ 28.9448076, 41.0284223 ], [ 28.9447272, 41.0288207 ], [ 28.9449049, 41.028779 ], [ 28.9451028, 41.0287217 ], [ 28.9453233, 41.0286651 ], [ 28.9451534, 41.028909 ], [ 28.9449878, 41.029145799999988 ], [ 28.9449481, 41.0292151 ], [ 28.9449764, 41.0293372 ], [ 28.9449898, 41.0293734 ], [ 28.9450796, 41.0294897 ], [ 28.9451646, 41.0296103 ], [ 28.9452735, 41.0297345 ], [ 28.9454331, 41.0297115 ], [ 28.9456241, 41.0296839 ], [ 28.9456815, 41.0296876 ], [ 28.9457824, 41.0297346 ], [ 28.9459057, 41.0298843 ], [ 28.9460457, 41.0302101 ], [ 28.9462247, 41.0304239 ], [ 28.9463792, 41.0306562 ], [ 28.9464562, 41.0307391 ], [ 28.9465642, 41.0308242 ], [ 28.9464272, 41.0310501 ], [ 28.9463291, 41.0312279 ], [ 28.9461275, 41.0311729 ], [ 28.9457274, 41.031029599999982 ], [ 28.945606, 41.0309171 ], [ 28.9454963, 41.030796100000011 ], [ 28.9453522, 41.030672 ], [ 28.9450662, 41.0308444 ], [ 28.9448327, 41.0310372 ], [ 28.944948, 41.0312123 ], [ 28.9451587, 41.0315372 ], [ 28.9453479, 41.0318022 ], [ 28.9455077, 41.032048699999983 ], [ 28.9457087, 41.0323315 ], [ 28.9458823, 41.0326018 ], [ 28.9460827, 41.0328636 ], [ 28.9463362, 41.0332421 ], [ 28.9467211, 41.0330922 ], [ 28.9479093, 41.0325976 ], [ 28.9480218, 41.032761599999986 ], [ 28.9486604, 41.033182600000018 ], [ 28.9495473, 41.0337375 ], [ 28.9496266, 41.0337872 ], [ 28.9500233, 41.0335129 ], [ 28.950161, 41.0333067 ], [ 28.9497399, 41.0331372 ], [ 28.9497316, 41.0331549 ], [ 28.9496919, 41.0330931 ], [ 28.9497808, 41.0330162 ], [ 28.9498476, 41.032487899999985 ], [ 28.9497859, 41.032425699999983 ], [ 28.9497618, 41.0323937 ], [ 28.9497438, 41.0323595 ], [ 28.9501349, 41.0319849 ], [ 28.9505269, 41.0315251 ], [ 28.9505876, 41.031463 ], [ 28.95104, 41.0312109 ], [ 28.9512106, 41.0312027 ], [ 28.9516557, 41.0310635 ], [ 28.9519963, 41.0309529 ], [ 28.9522571, 41.031077 ], [ 28.9523287, 41.0310872 ], [ 28.9524403, 41.0310105 ], [ 28.9524711, 41.0309807 ], [ 28.952489, 41.0309603 ], [ 28.9525473, 41.030906899999984 ], [ 28.9518111, 41.0298824 ], [ 28.9515556, 41.029712 ], [ 28.9514784, 41.029802099999984 ], [ 28.9514143, 41.0298642 ], [ 28.9511291, 41.0300227 ], [ 28.9509642, 41.0298009 ], [ 28.9508623, 41.029494299999989 ], [ 28.9508274, 41.0293232 ], [ 28.9507817, 41.029084 ], [ 28.9510399, 41.0291533 ], [ 28.9511401, 41.0291678 ], [ 28.9512873, 41.0289975 ], [ 28.9513416, 41.02892820000001 ], [ 28.9513238, 41.028612099999989 ], [ 28.9513606, 41.0285397 ], [ 28.9514784, 41.028416 ], [ 28.9514877, 41.0283654 ], [ 28.9514902, 41.0283519 ], [ 28.9514971, 41.0283142 ], [ 28.951439, 41.0282135 ], [ 28.9515435, 41.0280991 ], [ 28.9517351, 41.0278499 ], [ 28.9519069, 41.0276611 ], [ 28.952257, 41.0274507 ], [ 28.9523829, 41.0273885 ], [ 28.9525147, 41.0273471 ], [ 28.9527165, 41.0273049 ], [ 28.9529592, 41.0273413 ], [ 28.9531866, 41.0270904 ], [ 28.9526526, 41.0267976 ], [ 28.9524249, 41.0266805 ], [ 28.9522271, 41.0265674 ], [ 28.9520185, 41.0263703 ], [ 28.9516653, 41.0260692 ], [ 28.9513047, 41.0258637 ], [ 28.9504903, 41.0254489 ], [ 28.9502584, 41.0253002 ], [ 28.9497379, 41.0250392 ], [ 28.9487648, 41.024501099999988 ], [ 28.948705, 41.0244687 ], [ 28.9485461, 41.0243607 ], [ 28.9485135, 41.0245764 ], [ 28.9484055, 41.0255212 ], [ 28.9482981, 41.025664599999985 ], [ 28.9482799, 41.025766 ], [ 28.9482625, 41.0259244 ], [ 28.9482918, 41.0260859 ], [ 28.9481864, 41.0262092 ], [ 28.9480469, 41.0263144 ], [ 28.9478733, 41.026435 ], [ 28.947567, 41.0265815 ], [ 28.947441, 41.0266229 ], [ 28.9471282, 41.0267679 ], [ 28.9467709, 41.026993 ], [ 28.9466123, 41.0271584 ], [ 28.9465465, 41.027243 ], [ 28.9458749, 41.027072799999985 ], [ 28.945747, 41.027061 ], [ 28.9453437, 41.0271087 ], [ 28.945186, 41.0271263 ], [ 28.9450416, 41.027168 ], [ 28.9449063, 41.0268583 ], [ 28.9445505, 41.0269265 ], [ 28.9446688, 41.0273636 ], [ 28.9447654, 41.0277521 ] ] ], [ [ [ 28.946966, 41.0343863 ], [ 28.9469731, 41.0343841 ], [ 28.9469789, 41.0343803 ], [ 28.9469828, 41.0343754 ], [ 28.9469844, 41.0343695 ], [ 28.9469834, 41.0343637 ], [ 28.9469798, 41.0343584 ], [ 28.9469741, 41.0343542 ], [ 28.946967, 41.0343517 ], [ 28.9469591, 41.0343512 ], [ 28.9469515, 41.0343526 ], [ 28.9469449, 41.0343558 ], [ 28.9469401, 41.0343605 ], [ 28.9469376, 41.034366 ], [ 28.9469376, 41.034371799999988 ], [ 28.94694, 41.0343773 ], [ 28.9469446, 41.0343819 ], [ 28.946951, 41.0343851 ], [ 28.9469584, 41.0343866 ], [ 28.946966, 41.0343863 ] ] ] ] } },
{ "type": "Feature", "properties": { "name": "Derviş Ali", "osm_relation": 2463390, "zone_id": "Z003", "image_count": 3652, "area_km2": 0.36782721335658142, "eligible_km": 14.298320349447192, "covered_km": 5.6483137647129569, "coverage_pct": 39.503337641552662, "image_density_per_km2": 9928.5747965027658, "images_per_eligible_km": 255.4146158951597 }, "geometry": { "type": "Polygon", "coordinates": [ [ [ 28.9354625, 41.030305699999985 ], [ 28.9359626, 41.0311126 ], [ 28.9360791, 41.0312895 ], [ 28.9361332, 41.0313447 ], [ 28.937651, 41.0321139 ], [ 28.937778, 41.0319908 ], [ 28.9376762, 41.0318086 ], [ 28.938224, 41.0315458 ], [ 28.9387074, 41.0314181 ], [ 28.9388549, 41.0313691 ], [ 28.9389197, 41.0313947 ], [ 28.939078, 41.0313759 ], [ 28.9391097, 41.0314731 ], [ 28.9394149, 41.0314629 ], [ 28.9396071, 41.031611299999987 ], [ 28.9396564, 41.031599 ], [ 28.9397981, 41.0315706 ], [ 28.9398977, 41.031545399999985 ], [ 28.9399381, 41.0315352 ], [ 28.9400307, 41.0314945 ], [ 28.9402242, 41.0314222 ], [ 28.9402487, 41.0314115 ], [ 28.9407767, 41.0311483 ], [ 28.9405569, 41.0308519 ], [ 28.9405349, 41.0307692 ], [ 28.9405063, 41.030529099999988 ], [ 28.9404533, 41.030407 ], [ 28.9406121, 41.0302405 ], [ 28.940769, 41.030109099999983 ], [ 28.9412148, 41.0298154 ], [ 28.9415374, 41.0297574 ], [ 28.9417721, 41.029734 ], [ 28.942121, 41.0301266 ], [ 28.9422537, 41.0302936 ], [ 28.9423035, 41.030517499999988 ], [ 28.942404, 41.0306922 ], [ 28.9425044, 41.0308172 ], [ 28.9425836, 41.03088 ], [ 28.9426413, 41.0308854 ], [ 28.9428317, 41.0309143 ], [ 28.9428934, 41.0309471 ], [ 28.9432276, 41.0311334 ], [ 28.9430139, 41.0315964 ], [ 28.9431143, 41.0316379 ], [ 28.9432043, 41.0316762 ], [ 28.9433328, 41.0318358 ], [ 28.9434204, 41.031954499999983 ], [ 28.9435621, 41.0321461 ], [ 28.9438491, 41.0320411 ], [ 28.9441306, 41.0319348 ], [ 28.9444757, 41.0318141 ], [ 28.9447409, 41.03168680000001 ], [ 28.9451587, 41.0315372 ], [ 28.944948, 41.0312123 ], [ 28.9448327, 41.0310372 ], [ 28.9450662, 41.0308444 ], [ 28.9453522, 41.030672 ], [ 28.9454963, 41.030796100000011 ], [ 28.945606, 41.0309171 ], [ 28.9457274, 41.031029599999982 ], [ 28.9461275, 41.0311729 ], [ 28.9463291, 41.0312279 ], [ 28.9464272, 41.0310501 ], [ 28.9465642, 41.0308242 ], [ 28.9464562, 41.0307391 ], [ 28.9463792, 41.0306562 ], [ 28.9462247, 41.0304239 ], [ 28.9460457, 41.0302101 ], [ 28.9459057, 41.0298843 ], [ 28.9457824, 41.0297346 ], [ 28.9456815, 41.0296876 ], [ 28.9456241, 41.0296839 ], [ 28.9454331, 41.0297115 ], [ 28.9452735, 41.0297345 ], [ 28.9451646, 41.0296103 ], [ 28.9450796, 41.0294897 ], [ 28.9449898, 41.0293734 ], [ 28.9449764, 41.0293372 ], [ 28.9449481, 41.0292151 ], [ 28.9449878, 41.029145799999988 ], [ 28.9451534, 41.028909 ], [ 28.9453233, 41.0286651 ], [ 28.9451028, 41.0287217 ], [ 28.9449049, 41.028779 ], [ 28.9447272, 41.0288207 ], [ 28.9448076, 41.0284223 ], [ 28.9448069, 41.0283487 ], [ 28.944819, 41.0282702 ], [ 28.944819, 41.0281567 ], [ 28.9448172, 41.028127499999989 ], [ 28.9448009, 41.028005899999989 ], [ 28.9447654, 41.0277521 ], [ 28.9446688, 41.0273636 ], [ 28.9445505, 41.0269265 ], [ 28.944529, 41.026847299999986 ], [ 28.9439035, 41.0270282 ], [ 28.9434075, 41.0271213 ], [ 28.9429491, 41.0272136 ], [ 28.9423497, 41.0273041 ], [ 28.9423206, 41.0271566 ], [ 28.9422628, 41.0268637 ], [ 28.9420932, 41.0263603 ], [ 28.9419927, 41.026113 ], [ 28.9418954, 41.0258639 ], [ 28.941818, 41.0256841 ], [ 28.9417223, 41.025371099999987 ], [ 28.9415532, 41.025420499999989 ], [ 28.9414499, 41.0251861 ], [ 28.941131, 41.0252571 ], [ 28.9410346, 41.025251 ], [ 28.9409594, 41.025257099999983 ], [ 28.9408508, 41.0251911 ], [ 28.940776, 41.025117 ], [ 28.9405968, 41.0252594 ], [ 28.9403823, 41.0254618 ], [ 28.9399163, 41.0259971 ], [ 28.9395545, 41.026401899999989 ], [ 28.9391645, 41.026789199999989 ], [ 28.9384172, 41.0275007 ], [ 28.937516, 41.0282877 ], [ 28.9373712, 41.0284253 ], [ 28.9372156, 41.0285993 ], [ 28.9370225, 41.02883 ], [ 28.9369552, 41.0290513 ], [ 28.936261, 41.0295749 ], [ 28.9360875, 41.0296655 ], [ 28.935845, 41.0298537 ], [ 28.9356288, 41.0300073 ], [ 28.9355167, 41.0300513 ], [ 28.9354625, 41.030305699999985 ] ] ] } },
{ "type": "Feature", "properties": { "name": "Atikali", "osm_relation": 2464768, "zone_id": "Z004", "image_count": 765, "area_km2": 0.22780304154928799, "eligible_km": 8.1885428107339653, "covered_km": 1.4669171298836607, "coverage_pct": 17.91426342621974, "image_density_per_km2": 3358.1641175518848, "images_per_eligible_km": 93.423215544186746 }, "geometry": { "type": "Polygon", "coordinates": [ [ [ 28.9408508, 41.0251911 ], [ 28.9409594, 41.025257099999983 ], [ 28.9410346, 41.025251 ], [ 28.941131, 41.0252571 ], [ 28.9414499, 41.0251861 ], [ 28.9415532, 41.025420499999989 ], [ 28.9417223, 41.025371099999987 ], [ 28.941818, 41.0256841 ], [ 28.9418954, 41.0258639 ], [ 28.9419927, 41.026113 ], [ 28.9420932, 41.0263603 ], [ 28.9422628, 41.0268637 ], [ 28.9423206, 41.0271566 ], [ 28.9423497, 41.0273041 ], [ 28.9429491, 41.0272136 ], [ 28.9434075, 41.0271213 ], [ 28.9439035, 41.0270282 ], [ 28.944529, 41.026847299999986 ], [ 28.9445505, 41.0269265 ], [ 28.9449063, 41.0268583 ], [ 28.9450416, 41.027168 ], [ 28.945186, 41.0271263 ], [ 28.9453437, 41.0271087 ], [ 28.945747, 41.027061 ], [ 28.9458749, 41.027072799999985 ], [ 28.9465465, 41.027243 ], [ 28.9466123, 41.0271584 ], [ 28.9467709, 41.026993 ], [ 28.9471282, 41.0267679 ], [ 28.947441, 41.0266229 ], [ 28.947567, 41.0265815 ], [ 28.9478733, 41.026435 ], [ 28.9480469, 41.0263144 ], [ 28.9481864, 41.0262092 ], [ 28.9482918, 41.0260859 ], [ 28.9482625, 41.0259244 ], [ 28.9482799, 41.025766 ], [ 28.9482981, 41.025664599999985 ], [ 28.9484055, 41.0255212 ], [ 28.9485135, 41.0245764 ], [ 28.9485461, 41.0243607 ], [ 28.9485017, 41.0243336 ], [ 28.9474277, 41.0236786 ], [ 28.9469764, 41.0234306 ], [ 28.9469006, 41.0233831 ], [ 28.9466171, 41.0232188 ], [ 28.9463961, 41.0230943 ], [ 28.9459097, 41.0228204 ], [ 28.9455108, 41.0225878 ], [ 28.9449352, 41.0222933 ], [ 28.9448574, 41.0222566 ], [ 28.944765, 41.0223172 ], [ 28.9444163, 41.0225843 ], [ 28.9440086, 41.0228716 ], [ 28.9427517, 41.0237511 ], [ 28.9412926, 41.0247588 ], [ 28.940776, 41.025117 ], [ 28.9408508, 41.0251911 ] ] ] } },
{ "type": "Feature", "properties": { "name": "Yavuz Sultan Selim", "osm_relation": 2464918, "zone_id": "Z005", "image_count": 3613, "area_km2": 0.35052801739248551, "eligible_km": 12.419847728351355, "covered_km": 4.4094026667724568, "coverage_pct": 35.502872202747795, "image_density_per_km2": 10307.30732132756, "images_per_eligible_km": 290.9053378933495 }, "geometry": { "type": "Polygon", "coordinates": [ [ [ 28.9504903, 41.0254489 ], [ 28.9513047, 41.0258637 ], [ 28.9516653, 41.0260692 ], [ 28.9520185, 41.0263703 ], [ 28.9522271, 41.0265674 ], [ 28.9524249, 41.0266805 ], [ 28.9526526, 41.0267976 ], [ 28.9531866, 41.0270904 ], [ 28.9529592, 41.0273413 ], [ 28.9527165, 41.0273049 ], [ 28.9525147, 41.0273471 ], [ 28.9523829, 41.0273885 ], [ 28.952257, 41.0274507 ], [ 28.9519069, 41.0276611 ], [ 28.9517351, 41.0278499 ], [ 28.9515435, 41.0280991 ], [ 28.951439, 41.0282135 ], [ 28.9514971, 41.0283142 ], [ 28.9514902, 41.0283519 ], [ 28.9514877, 41.0283654 ], [ 28.9514784, 41.028416 ], [ 28.9513606, 41.0285397 ], [ 28.9513238, 41.028612099999989 ], [ 28.9513416, 41.02892820000001 ], [ 28.9512873, 41.0289975 ], [ 28.9511401, 41.0291678 ], [ 28.9510399, 41.0291533 ], [ 28.9507817, 41.029084 ], [ 28.9508274, 41.0293232 ], [ 28.9508623, 41.029494299999989 ], [ 28.9509642, 41.0298009 ], [ 28.9511291, 41.0300227 ], [ 28.9514143, 41.0298642 ], [ 28.9514784, 41.029802099999984 ], [ 28.9515556, 41.029712 ], [ 28.9518111, 41.0298824 ], [ 28.9525473, 41.030906899999984 ], [ 28.9526135, 41.0308557 ], [ 28.9525685, 41.0308233 ], [ 28.9527501, 41.0306771 ], [ 28.9527724, 41.0306527 ], [ 28.952814, 41.0305708 ], [ 28.9529678, 41.0303922 ], [ 28.9529884, 41.0302852 ], [ 28.952735, 41.030068199999988 ], [ 28.9526473, 41.0299896 ], [ 28.952623, 41.0299433 ], [ 28.9526139, 41.0298943 ], [ 28.9526325, 41.0298353 ], [ 28.9526532, 41.0298095 ], [ 28.953034, 41.029335 ], [ 28.9532249, 41.02919030000001 ], [ 28.9534118, 41.0291388 ], [ 28.9539711, 41.0290442 ], [ 28.9543123, 41.0289155 ], [ 28.9545665, 41.0288452 ], [ 28.9551284, 41.0287307 ], [ 28.9553792, 41.0286929 ], [ 28.9555857, 41.0286938 ], [ 28.9559171, 41.0286134 ], [ 28.9559915, 41.0286081 ], [ 28.9563364, 41.0285516 ], [ 28.956662, 41.028549 ], [ 28.9569584, 41.0285814 ], [ 28.9571205, 41.0286118 ], [ 28.957197, 41.028587799999983 ], [ 28.9573208, 41.0285103 ], [ 28.9574603, 41.02841 ], [ 28.9575124, 41.0283342 ], [ 28.9575122, 41.0282441 ], [ 28.9574996, 41.0281902 ], [ 28.957452, 41.0281416 ], [ 28.9575418, 41.02796330000001 ], [ 28.9577177, 41.0276676 ], [ 28.9577987, 41.0275633 ], [ 28.9578344, 41.0275354 ], [ 28.9578654, 41.0275273 ], [ 28.9578964, 41.0275588 ], [ 28.9582498, 41.0272888 ], [ 28.9582394, 41.0272724 ], [ 28.9582682, 41.0272262 ], [ 28.9583436, 41.027190899999987 ], [ 28.9584578, 41.0271141 ], [ 28.9585766, 41.026991 ], [ 28.9587248, 41.0269222 ], [ 28.9588484, 41.0268524 ], [ 28.95895, 41.0267833 ], [ 28.9591279, 41.0266679 ], [ 28.9592158, 41.0266309 ], [ 28.9593521, 41.0265902 ], [ 28.9594321, 41.0265211 ], [ 28.9594585, 41.0265174 ], [ 28.9593798, 41.0264806 ], [ 28.9591776, 41.0263857 ], [ 28.958801, 41.0263044 ], [ 28.9585576, 41.0261986 ], [ 28.9584751, 41.0260462 ], [ 28.9584995, 41.0259266 ], [ 28.9584611, 41.025878 ], [ 28.9583618, 41.0257976 ], [ 28.9583092, 41.0257537 ], [ 28.9582474, 41.0256484 ], [ 28.9579628, 41.0255393 ], [ 28.9580282, 41.0254419 ], [ 28.9580343, 41.0254328 ], [ 28.9578001, 41.0253399 ], [ 28.9578741, 41.025219 ], [ 28.9575598, 41.0250749 ], [ 28.9576215, 41.0249961 ], [ 28.9574325, 41.0247962 ], [ 28.95731, 41.0246557 ], [ 28.9571874, 41.0246036 ], [ 28.9569578, 41.0245335 ], [ 28.9568333, 41.0244421 ], [ 28.95674, 41.0242916 ], [ 28.9566653, 41.024099 ], [ 28.9564814, 41.0236304 ], [ 28.9556773, 41.0238942 ], [ 28.9553276, 41.0239936 ], [ 28.9548362, 41.0241401 ], [ 28.9547191, 41.0238954 ], [ 28.954549, 41.0235771 ], [ 28.9544339, 41.023386299999984 ], [ 28.9543815, 41.023232299999989 ], [ 28.9540538, 41.022575 ], [ 28.9538406, 41.0221335 ], [ 28.9537745, 41.0219921 ], [ 28.9525019, 41.0225085 ], [ 28.9518353, 41.0227397 ], [ 28.9511013, 41.0229692 ], [ 28.9512078, 41.023159 ], [ 28.9512329, 41.023172699999989 ], [ 28.9520465, 41.024360099999988 ], [ 28.951811, 41.024464 ], [ 28.951546, 41.024544 ], [ 28.9510002, 41.0246629 ], [ 28.9505471, 41.0249416 ], [ 28.9504515, 41.0250161 ], [ 28.9502584, 41.0253002 ], [ 28.9504903, 41.0254489 ] ] ] } },
{ "type": "Feature", "properties": { "name": "Karagümrük", "osm_relation": 2468218, "zone_id": "Z006", "image_count": 1343, "area_km2": 0.3560592655917349, "eligible_km": 10.150512729161775, "covered_km": 4.1544650429131913, "coverage_pct": 40.928622560884811, "image_density_per_km2": 3771.8439871746305, "images_per_eligible_km": 132.30858734275034 }, "geometry": { "type": "Polygon", "coordinates": [ [ [ 28.9299073, 41.0247441 ], [ 28.9317858, 41.0265262 ], [ 28.932271, 41.027057299999989 ], [ 28.9330336, 41.0276827 ], [ 28.9335027, 41.028089199999989 ], [ 28.934378, 41.0288529 ], [ 28.934935, 41.0293353 ], [ 28.9354455, 41.0298938 ], [ 28.9355167, 41.0300513 ], [ 28.9356288, 41.0300073 ], [ 28.935845, 41.0298537 ], [ 28.9360875, 41.0296655 ], [ 28.936261, 41.0295749 ], [ 28.9369552, 41.0290513 ], [ 28.9370225, 41.02883 ], [ 28.9372156, 41.0285993 ], [ 28.9373712, 41.0284253 ], [ 28.937516, 41.0282877 ], [ 28.9384172, 41.0275007 ], [ 28.9391645, 41.026789199999989 ], [ 28.9395545, 41.026401899999989 ], [ 28.9399163, 41.0259971 ], [ 28.9396574, 41.0255096 ], [ 28.9395291, 41.0253601 ], [ 28.9392246, 41.0255412 ], [ 28.938989, 41.0256736 ], [ 28.9388217, 41.0254872 ], [ 28.9385638, 41.0252132 ], [ 28.9378821, 41.025656199999986 ], [ 28.9374918, 41.0259302 ], [ 28.9368222, 41.0263412 ], [ 28.9364474, 41.0265022 ], [ 28.9362361, 41.0265306 ], [ 28.936129, 41.0265071 ], [ 28.9360599, 41.0258998 ], [ 28.9360726, 41.0256052 ], [ 28.9360614, 41.025379 ], [ 28.9360201, 41.0249857 ], [ 28.9358738, 41.0242686 ], [ 28.9358198, 41.0240043 ], [ 28.9354895, 41.0232706 ], [ 28.9356717, 41.0231079 ], [ 28.9357428, 41.0229571 ], [ 28.9356972, 41.0226766 ], [ 28.9354434, 41.0226497 ], [ 28.935405, 41.0226485 ], [ 28.9353537, 41.0226495 ], [ 28.9352154, 41.0225799 ], [ 28.9340969, 41.0216713 ], [ 28.9337641, 41.02148170000001 ], [ 28.9336409, 41.0215416 ], [ 28.9315636, 41.0230011 ], [ 28.9295982, 41.024385100000011 ], [ 28.9299073, 41.0247441 ] ] ] } },
{ "type": "Feature", "properties": { "name": "Hırka-i Şerif", "osm_relation": 2468219, "zone_id": "Z007", "image_count": 2052, "area_km2": 0.43105907277263888, "eligible_km": 13.818650254318024, "covered_km": 5.9968789448618223, "coverage_pct": 43.396994890929598, "image_density_per_km2": 4760.3684265388902, "images_per_eligible_km": 148.49496602309586 }, "geometry": { "type": "Polygon", "coordinates": [ [ [ 28.9340969, 41.0216713 ], [ 28.9352154, 41.0225799 ], [ 28.9353537, 41.0226495 ], [ 28.935405, 41.0226485 ], [ 28.9354434, 41.0226497 ], [ 28.9356972, 41.0226766 ], [ 28.9357428, 41.0229571 ], [ 28.9356717, 41.0231079 ], [ 28.9354895, 41.0232706 ], [ 28.9358198, 41.0240043 ], [ 28.9358738, 41.0242686 ], [ 28.9360201, 41.0249857 ], [ 28.9360614, 41.025379 ], [ 28.9360726, 41.0256052 ], [ 28.9360599, 41.0258998 ], [ 28.936129, 41.0265071 ], [ 28.9362361, 41.0265306 ], [ 28.9364474, 41.0265022 ], [ 28.9368222, 41.0263412 ], [ 28.9374918, 41.0259302 ], [ 28.9378821, 41.025656199999986 ], [ 28.9385638, 41.0252132 ], [ 28.9388217, 41.0254872 ], [ 28.938989, 41.0256736 ], [ 28.9392246, 41.0255412 ], [ 28.9395291, 41.0253601 ], [ 28.9396574, 41.0255096 ], [ 28.9399163, 41.0259971 ], [ 28.9403823, 41.0254618 ], [ 28.9405968, 41.0252594 ], [ 28.940776, 41.025117 ], [ 28.9412926, 41.0247588 ], [ 28.9427517, 41.0237511 ], [ 28.9440086, 41.0228716 ], [ 28.9444163, 41.0225843 ], [ 28.944765, 41.0223172 ], [ 28.9448574, 41.0222566 ], [ 28.9448199, 41.0222259 ], [ 28.9447027, 41.0221574 ], [ 28.9443676, 41.0219615 ], [ 28.9439434, 41.021730499999983 ], [ 28.9435496, 41.0215462 ], [ 28.9408335, 41.0198963 ], [ 28.9396606, 41.0192245 ], [ 28.9389759, 41.0188243 ], [ 28.9385606, 41.018638 ], [ 28.9382231, 41.018411399999984 ], [ 28.9337641, 41.02148170000001 ], [ 28.9340969, 41.0216713 ] ] ] } },
{ "type": "Feature", "properties": { "name": "Topkapı", "osm_relation": 2468242, "zone_id": "Z008", "image_count": 3660, "area_km2": 0.68980254067035962, "eligible_km": 18.880772239008092, "covered_km": 6.7094292658243058, "coverage_pct": 35.535777779059678, "image_density_per_km2": 5305.8662214307906, "images_per_eligible_km": 193.84800333740372 }, "geometry": { "type": "Polygon", "coordinates": [ [ [ 28.9245796, 41.0198446 ], [ 28.9252078, 41.0208116 ], [ 28.926146, 41.0215371 ], [ 28.9260524, 41.021608400000012 ], [ 28.9261921, 41.021786 ], [ 28.9291116, 41.0244431 ], [ 28.929299, 41.0245906 ], [ 28.9295982, 41.024385100000011 ], [ 28.9315636, 41.0230011 ], [ 28.9336409, 41.0215416 ], [ 28.9337641, 41.02148170000001 ], [ 28.9382231, 41.018411399999984 ], [ 28.939417, 41.0175514 ], [ 28.9416459, 41.0160091 ], [ 28.9411931, 41.0155739 ], [ 28.9410307, 41.0153633 ], [ 28.9409361, 41.0153963 ], [ 28.9399004, 41.0158373 ], [ 28.9395122, 41.0159545 ], [ 28.9391179, 41.0160629 ], [ 28.9386188, 41.0162248 ], [ 28.9384124, 41.0162918 ], [ 28.9382449, 41.0163091 ], [ 28.937571, 41.0165309 ], [ 28.9370026, 41.0167306 ], [ 28.9367984, 41.0167923 ], [ 28.9363062, 41.0158858 ], [ 28.9358833, 41.0153529 ], [ 28.9358357, 41.0152891 ], [ 28.9357295, 41.0153165 ], [ 28.9354686, 41.0150302 ], [ 28.9352019, 41.0147375 ], [ 28.9351149, 41.0146421 ], [ 28.93495, 41.0144438 ], [ 28.9281701, 41.0177564 ], [ 28.9244064, 41.0195883 ], [ 28.9245796, 41.0198446 ] ] ] } },
{ "type": "Feature", "properties": { "name": "Şehremini", "osm_relation": 6868850, "zone_id": "Z009", "image_count": 3002, "area_km2": 0.46470706758223285, "eligible_km": 12.720022585333188, "covered_km": 6.5823100100840399, "coverage_pct": 51.747628323189979, "image_density_per_km2": 6459.9835238545775, "images_per_eligible_km": 236.005870261697 }, "geometry": { "type": "Polygon", "coordinates": [ [ [ 28.9259491, 41.0119032 ], [ 28.9261211, 41.0126308 ], [ 28.9257616, 41.0127624 ], [ 28.9259521, 41.0129871 ], [ 28.926848, 41.0136144 ], [ 28.9269821, 41.0138047 ], [ 28.9276526, 41.0145535 ], [ 28.9278611, 41.0149687 ], [ 28.9275078, 41.0154036 ], [ 28.9269928, 41.0154521 ], [ 28.9270947, 41.015624099999989 ], [ 28.9274139, 41.01574560000001 ], [ 28.9279772, 41.0175204 ], [ 28.9281701, 41.0177564 ], [ 28.93495, 41.0144438 ], [ 28.9371874, 41.01335659999998 ], [ 28.9386872, 41.012558 ], [ 28.939153, 41.0123518 ], [ 28.9384639, 41.01093680000001 ], [ 28.9330291, 41.0110871 ], [ 28.9315124, 41.0111291 ], [ 28.9314909, 41.0105381 ], [ 28.9307935, 41.0105826 ], [ 28.9306486, 41.0106636 ], [ 28.930373, 41.010806100000011 ], [ 28.9297096, 41.0112917 ], [ 28.929494, 41.0114237 ], [ 28.928798, 41.011797 ], [ 28.9285404, 41.0118739 ], [ 28.9279611, 41.0117888 ], [ 28.9274086, 41.011651199999989 ], [ 28.926754, 41.0116269 ], [ 28.9260567, 41.0118374 ], [ 28.9259441, 41.011882 ], [ 28.9259491, 41.0119032 ] ] ] } },
{ "type": "Feature", "properties": { "name": "Mevlanakapı", "osm_relation": 7648808, "zone_id": "Z010", "image_count": 1235, "area_km2": 0.50245181332228528, "eligible_km": 10.344295481321543, "covered_km": 3.0795606721721152, "coverage_pct": 29.770617803143839, "image_density_per_km2": 2457.9471448893742, "images_per_eligible_km": 119.38947434651409 }, "geometry": { "type": "Polygon", "coordinates": [ [ [ 28.9215812, 41.0065206 ], [ 28.9220005, 41.0081726 ], [ 28.9223285, 41.0082642 ], [ 28.922393, 41.0089513 ], [ 28.9221, 41.0089873 ], [ 28.9221021, 41.0093001 ], [ 28.9222845, 41.009306199999983 ], [ 28.9223402, 41.0116278 ], [ 28.9219022, 41.0127467 ], [ 28.9217529, 41.0133155 ], [ 28.922184, 41.0155277 ], [ 28.9224141, 41.016118 ], [ 28.9229188, 41.017331199999987 ], [ 28.9232168, 41.0179168 ], [ 28.9233041, 41.0178825 ], [ 28.9241248, 41.019400099999984 ], [ 28.9242622, 41.0193455 ], [ 28.9244064, 41.0195883 ], [ 28.9281701, 41.0177564 ], [ 28.9279772, 41.0175204 ], [ 28.9274139, 41.01574560000001 ], [ 28.9270947, 41.015624099999989 ], [ 28.9269928, 41.0154521 ], [ 28.9275078, 41.0154036 ], [ 28.9278611, 41.0149687 ], [ 28.9276526, 41.0145535 ], [ 28.9269821, 41.0138047 ], [ 28.926848, 41.0136144 ], [ 28.9259521, 41.0129871 ], [ 28.9257616, 41.0127624 ], [ 28.9261211, 41.0126308 ], [ 28.9259491, 41.0119032 ], [ 28.9259441, 41.011882 ], [ 28.9259018, 41.0116657 ], [ 28.9258398, 41.0111793 ], [ 28.9258233, 41.0110981 ], [ 28.9258236, 41.0110306 ], [ 28.9258441, 41.011003799999983 ], [ 28.9259052, 41.010965 ], [ 28.9260162, 41.0108838 ], [ 28.9261308, 41.0107768 ], [ 28.9262153, 41.010494 ], [ 28.9262473, 41.0104104 ], [ 28.9262588, 41.0103234 ], [ 28.9262718, 41.01026550000001 ], [ 28.9263394, 41.0100784 ], [ 28.9264292, 41.0097582 ], [ 28.9263329, 41.0093607 ], [ 28.9262955, 41.0092394 ], [ 28.9262465, 41.0090879 ], [ 28.9262337, 41.0089293 ], [ 28.9261737, 41.0087207 ], [ 28.9261354, 41.0083665 ], [ 28.9260379, 41.0083583 ], [ 28.9257273, 41.008395899999989 ], [ 28.9256284, 41.0081834 ], [ 28.9254437, 41.0077265 ], [ 28.9253959, 41.0076523 ], [ 28.9252648, 41.0075182 ], [ 28.9252354, 41.0074054 ], [ 28.9250627, 41.0070033 ], [ 28.9249694, 41.0067717 ], [ 28.9248813, 41.0067718 ], [ 28.9240429, 41.0066334 ], [ 28.9229526, 41.0063872 ], [ 28.9224468, 41.006251 ], [ 28.9220667, 41.0061422 ], [ 28.9219027, 41.006083 ], [ 28.9218297, 41.0060695 ], [ 28.9214833, 41.0060829 ], [ 28.9215812, 41.0065206 ] ] ] } },
{ "type": "Feature", "properties": { "name": "Seyyid Ömer", "osm_relation": 7648809, "zone_id": "Z011", "image_count": 1495, "area_km2": 0.46628532652548266, "eligible_km": 12.538775871786354, "covered_km": 3.4367200287302686, "coverage_pct": 27.408736417908806, "image_density_per_km2": 3206.1913917385468, "images_per_eligible_km": 119.23013979091188 }, "geometry": { "type": "Polygon", "coordinates": [ [ [ 28.9250627, 41.0070033 ], [ 28.9252354, 41.0074054 ], [ 28.9252648, 41.0075182 ], [ 28.9253959, 41.0076523 ], [ 28.9254437, 41.0077265 ], [ 28.9256284, 41.0081834 ], [ 28.9257273, 41.008395899999989 ], [ 28.9260379, 41.0083583 ], [ 28.9261354, 41.0083665 ], [ 28.9261737, 41.0087207 ], [ 28.9262337, 41.0089293 ], [ 28.9262465, 41.0090879 ], [ 28.9262955, 41.0092394 ], [ 28.9263329, 41.0093607 ], [ 28.9264292, 41.0097582 ], [ 28.9263394, 41.0100784 ], [ 28.9262718, 41.01026550000001 ], [ 28.9262588, 41.0103234 ], [ 28.9262473, 41.0104104 ], [ 28.9262153, 41.010494 ], [ 28.9261308, 41.0107768 ], [ 28.9260162, 41.0108838 ], [ 28.9259052, 41.010965 ], [ 28.9258441, 41.011003799999983 ], [ 28.9258236, 41.0110306 ], [ 28.9258233, 41.0110981 ], [ 28.9258398, 41.0111793 ], [ 28.9259018, 41.0116657 ], [ 28.9259441, 41.011882 ], [ 28.9260567, 41.0118374 ], [ 28.926754, 41.0116269 ], [ 28.9274086, 41.011651199999989 ], [ 28.9279611, 41.0117888 ], [ 28.9285404, 41.0118739 ], [ 28.928798, 41.011797 ], [ 28.929494, 41.0114237 ], [ 28.9297096, 41.0112917 ], [ 28.930373, 41.010806100000011 ], [ 28.9306486, 41.0106636 ], [ 28.9307935, 41.0105826 ], [ 28.9314909, 41.0105381 ], [ 28.9315124, 41.0111291 ], [ 28.9330291, 41.0110871 ], [ 28.9384639, 41.01093680000001 ], [ 28.9380076, 41.0099845 ], [ 28.9377272, 41.0093897 ], [ 28.9366248, 41.0072076 ], [ 28.9363572, 41.0066458 ], [ 28.9361134, 41.0066733 ], [ 28.9359494, 41.006654 ], [ 28.9356255, 41.0066283 ], [ 28.9348212, 41.0067407 ], [ 28.934284, 41.0068117 ], [ 28.9331945, 41.0068068 ], [ 28.9328233, 41.0068185 ], [ 28.9320259, 41.0068401 ], [ 28.9313827, 41.006850199999988 ], [ 28.9312265, 41.0068623 ], [ 28.9312192, 41.0069945 ], [ 28.9312241, 41.0073167 ], [ 28.9309868, 41.00728010000001 ], [ 28.9305578, 41.0072261 ], [ 28.9292299, 41.0070882 ], [ 28.9289921, 41.0070712 ], [ 28.9283223, 41.0070334 ], [ 28.9282281, 41.0070235 ], [ 28.9277403, 41.007005 ], [ 28.9271717, 41.0070103 ], [ 28.9270504, 41.0070208 ], [ 28.9268751, 41.007011 ], [ 28.9266976, 41.0069598 ], [ 28.926457, 41.0068554 ], [ 28.9262469, 41.006758399999988 ], [ 28.9260907, 41.006702 ], [ 28.925961, 41.0066779 ], [ 28.9258506, 41.0066837 ], [ 28.9254739, 41.006718799999987 ], [ 28.9251693, 41.006761 ], [ 28.9249694, 41.0067717 ], [ 28.9250627, 41.0070033 ] ] ] } },
{ "type": "Feature", "properties": { "name": "Silivrikapı", "osm_relation": 7648810, "zone_id": "Z012", "image_count": 803, "area_km2": 0.31474316399890562, "eligible_km": 7.8789571606670021, "covered_km": 1.2980522808441768, "coverage_pct": 16.474924972612602, "image_density_per_km2": 2551.2865467756183, "images_per_eligible_km": 101.9170410024188 }, "geometry": { "type": "Polygon", "coordinates": [ [ [ 28.9214833, 41.0060829 ], [ 28.9218297, 41.0060695 ], [ 28.9219027, 41.006083 ], [ 28.9220667, 41.0061422 ], [ 28.9224468, 41.006251 ], [ 28.9229526, 41.0063872 ], [ 28.9240429, 41.0066334 ], [ 28.9248813, 41.0067718 ], [ 28.9249694, 41.0067717 ], [ 28.9251693, 41.006761 ], [ 28.9254739, 41.006718799999987 ], [ 28.9258506, 41.0066837 ], [ 28.925961, 41.0066779 ], [ 28.9260907, 41.006702 ], [ 28.9262469, 41.006758399999988 ], [ 28.926457, 41.0068554 ], [ 28.9266976, 41.0069598 ], [ 28.9268751, 41.007011 ], [ 28.9270504, 41.0070208 ], [ 28.9271717, 41.0070103 ], [ 28.9277403, 41.007005 ], [ 28.9282281, 41.0070235 ], [ 28.9283223, 41.0070334 ], [ 28.9289921, 41.0070712 ], [ 28.9292299, 41.0070882 ], [ 28.9305578, 41.0072261 ], [ 28.9309868, 41.00728010000001 ], [ 28.9312241, 41.0073167 ], [ 28.9312192, 41.0069945 ], [ 28.9312265, 41.0068623 ], [ 28.9313827, 41.006850199999988 ], [ 28.9320259, 41.0068401 ], [ 28.9328233, 41.0068185 ], [ 28.9327585, 41.0062777 ], [ 28.9326475, 41.005533799999988 ], [ 28.9325987, 41.0053158 ], [ 28.9325449, 41.0051502 ], [ 28.9324887, 41.0049245 ], [ 28.9324386, 41.0045324 ], [ 28.9324184, 41.004172 ], [ 28.9324371, 41.0040891 ], [ 28.9322008, 41.0040079 ], [ 28.9316969, 41.0038614 ], [ 28.9314975, 41.0037898 ], [ 28.9307545, 41.0035549 ], [ 28.9302683, 41.0033865 ], [ 28.9300755, 41.0033579 ], [ 28.930015, 41.0034249 ], [ 28.9296304, 41.0036419 ], [ 28.9294908, 41.0037307 ], [ 28.9292993, 41.0039495 ], [ 28.9291725, 41.0041194 ], [ 28.9291039, 41.0041418 ], [ 28.9290037, 41.0041539 ], [ 28.928817, 41.0041275 ], [ 28.928618, 41.0040673 ], [ 28.9282996, 41.0039132 ], [ 28.9279793, 41.0037662 ], [ 28.9275212, 41.0035863 ], [ 28.927403, 41.0035672 ], [ 28.9269888, 41.0037074 ], [ 28.926831, 41.003751 ], [ 28.9267598, 41.0037458 ], [ 28.9266423, 41.0036794 ], [ 28.9264479, 41.0036923 ], [ 28.9257228, 41.0037632 ], [ 28.9253644, 41.0038094 ], [ 28.9247929, 41.0038446 ], [ 28.9247036, 41.0036286 ], [ 28.9245628, 41.0035762 ], [ 28.9238684, 41.0033857 ], [ 28.9234116, 41.0032689 ], [ 28.9232967, 41.0032364 ], [ 28.923269, 41.0032989 ], [ 28.9232154, 41.0034198 ], [ 28.9231318, 41.003667 ], [ 28.9227227, 41.0036163 ], [ 28.9220785, 41.0037118 ], [ 28.9223153, 41.0048639 ], [ 28.9213246, 41.0050312 ], [ 28.9214833, 41.0060829 ] ] ] } },
{ "type": "Feature", "properties": { "name": "Sümbül Efendi", "osm_relation": 7648811, "zone_id": "Z013", "image_count": 1615, "area_km2": 0.33714390889274398, "eligible_km": 7.6975920977138879, "covered_km": 2.4581717888824675, "coverage_pct": 31.934295266340776, "image_density_per_km2": 4790.2392936714214, "images_per_eligible_km": 209.80586909504333 }, "geometry": { "type": "Polygon", "coordinates": [ [ [ 28.9202768, 41.000779 ], [ 28.9203384, 41.0010633 ], [ 28.9209408, 41.003174 ], [ 28.9209879, 41.0034021 ], [ 28.9210638, 41.0038189 ], [ 28.9213246, 41.0050312 ], [ 28.9223153, 41.0048639 ], [ 28.9220785, 41.0037118 ], [ 28.9227227, 41.0036163 ], [ 28.9231318, 41.003667 ], [ 28.9232154, 41.0034198 ], [ 28.923269, 41.0032989 ], [ 28.9232967, 41.0032364 ], [ 28.9234116, 41.0032689 ], [ 28.9238684, 41.0033857 ], [ 28.9245628, 41.0035762 ], [ 28.9247036, 41.0036286 ], [ 28.9247929, 41.0038446 ], [ 28.9253644, 41.0038094 ], [ 28.9257228, 41.0037632 ], [ 28.9264479, 41.0036923 ], [ 28.9266423, 41.0036794 ], [ 28.9267598, 41.0037458 ], [ 28.926831, 41.003751 ], [ 28.9269888, 41.0037074 ], [ 28.927403, 41.0035672 ], [ 28.9275212, 41.0035863 ], [ 28.9279793, 41.0037662 ], [ 28.9282996, 41.0039132 ], [ 28.928618, 41.0040673 ], [ 28.928817, 41.0041275 ], [ 28.9290037, 41.0041539 ], [ 28.9291039, 41.0041418 ], [ 28.9291725, 41.0041194 ], [ 28.9292993, 41.0039495 ], [ 28.9294908, 41.0037307 ], [ 28.9296304, 41.0036419 ], [ 28.930015, 41.0034249 ], [ 28.9300755, 41.0033579 ], [ 28.9299946, 41.0032555 ], [ 28.9299991, 41.0032061 ], [ 28.9300393, 41.003143 ], [ 28.9301129, 41.0029756 ], [ 28.9301766, 41.0028501 ], [ 28.930197, 41.0027224 ], [ 28.9302033, 41.0025577 ], [ 28.9301634, 41.002380399999979 ], [ 28.9301018, 41.0022371 ], [ 28.9299582, 41.0018339 ], [ 28.9298238, 41.0014893 ], [ 28.9296938, 41.001234 ], [ 28.9295481, 41.0009051 ], [ 28.9294711, 41.0007184 ], [ 28.9294466, 41.0006652 ], [ 28.9294164, 41.0006145 ], [ 28.9292783, 41.0004781 ], [ 28.9292062, 41.0004286 ], [ 28.9291446, 41.0004049 ], [ 28.9290672, 41.0003861 ], [ 28.9289102, 41.0003586 ], [ 28.9288172, 41.0003466 ], [ 28.9285903, 41.0003077 ], [ 28.928237, 41.0001984 ], [ 28.9279382, 41.00011 ], [ 28.9278442, 41.000086599999989 ], [ 28.9275022, 40.999893899999982 ], [ 28.9273437, 40.9997898 ], [ 28.9270438, 40.9995502 ], [ 28.9268384, 40.9993778 ], [ 28.9267328, 40.9992561 ], [ 28.9265155, 40.9989502 ], [ 28.9263333, 40.9989126 ], [ 28.9262721, 40.998915 ], [ 28.9258717, 40.9989655 ], [ 28.9257715, 40.9989878 ], [ 28.9257216, 40.9990246 ], [ 28.9256846, 40.999072 ], [ 28.9256082, 40.9992239 ], [ 28.9255664, 40.9992932 ], [ 28.9252308, 40.9996166 ], [ 28.9251364, 40.999665199999988 ], [ 28.9249634, 40.9997409 ], [ 28.9248204, 40.9998199 ], [ 28.9246903, 40.9999402 ], [ 28.9242378, 41.0001341 ], [ 28.9241178, 41.00016 ], [ 28.9233035, 41.0002379 ], [ 28.923251, 41.0002374 ], [ 28.9232045, 41.000250499999986 ], [ 28.9231556, 41.0002861 ], [ 28.9229896, 41.000424099999982 ], [ 28.9227521, 41.0007055 ], [ 28.9220825, 41.0003616 ], [ 28.9218346, 41.0002587 ], [ 28.9212616, 40.9999037 ], [ 28.9209486, 40.999815 ], [ 28.9206446, 40.9998021 ], [ 28.9203071, 40.9998086 ], [ 28.9202768, 41.000779 ] ] ] } },
{ "type": "Feature", "properties": { "name": "Koca Mustafapaşa", "osm_relation": 7648812, "zone_id": "Z014", "image_count": 2623, "area_km2": 0.50071332243822264, "eligible_km": 16.727392205461268, "covered_km": 6.2398544407219054, "coverage_pct": 37.303211188440223, "image_density_per_km2": 5238.5264830328579, "images_per_eligible_km": 156.80866256867139 }, "geometry": { "type": "Polygon", "coordinates": [ [ [ 28.9267328, 40.9992561 ], [ 28.9268384, 40.9993778 ], [ 28.9270438, 40.9995502 ], [ 28.9273437, 40.9997898 ], [ 28.9275022, 40.999893899999982 ], [ 28.9278442, 41.000086599999989 ], [ 28.9279382, 41.00011 ], [ 28.928237, 41.0001984 ], [ 28.9285903, 41.0003077 ], [ 28.9288172, 41.0003466 ], [ 28.9289102, 41.0003586 ], [ 28.9290672, 41.0003861 ], [ 28.9291446, 41.0004049 ], [ 28.9292062, 41.0004286 ], [ 28.9292783, 41.0004781 ], [ 28.9294164, 41.0006145 ], [ 28.9294466, 41.0006652 ], [ 28.9294711, 41.0007184 ], [ 28.9295481, 41.0009051 ], [ 28.9296938, 41.001234 ], [ 28.9298238, 41.0014893 ], [ 28.9299582, 41.0018339 ], [ 28.9301018, 41.0022371 ], [ 28.9301634, 41.002380399999979 ], [ 28.9302033, 41.0025577 ], [ 28.930197, 41.0027224 ], [ 28.9301766, 41.0028501 ], [ 28.9301129, 41.0029756 ], [ 28.9300393, 41.003143 ], [ 28.9299991, 41.0032061 ], [ 28.9299946, 41.0032555 ], [ 28.9300755, 41.0033579 ], [ 28.9302683, 41.0033865 ], [ 28.9307545, 41.0035549 ], [ 28.9314975, 41.0037898 ], [ 28.9316969, 41.0038614 ], [ 28.9322008, 41.0040079 ], [ 28.9324371, 41.0040891 ], [ 28.933194, 41.0043323 ], [ 28.9335226, 41.0044524 ], [ 28.9338201, 41.0045714 ], [ 28.9339646, 41.0046185 ], [ 28.9340877, 41.0046512 ], [ 28.9343973, 41.0047576 ], [ 28.9345042, 41.0045785 ], [ 28.9347488, 41.0041981 ], [ 28.9347939, 41.0041174 ], [ 28.9352374, 41.0041782 ], [ 28.9355951, 41.0042399 ], [ 28.9361876, 41.00436890000001 ], [ 28.9362739, 41.0043984 ], [ 28.9364983, 41.0037396 ], [ 28.9365941, 41.0034907 ], [ 28.9369638, 41.0023313 ], [ 28.937033, 41.002236099999983 ], [ 28.9371794, 41.002162 ], [ 28.9371497, 41.0020952 ], [ 28.9369224, 41.001966 ], [ 28.9367788, 41.0015019 ], [ 28.9367371, 41.0013971 ], [ 28.9367329, 41.0013661 ], [ 28.9367724, 41.0013083 ], [ 28.9368684, 41.0011851 ], [ 28.9369102, 41.0011317 ], [ 28.9368102, 41.0010883 ], [ 28.9363877, 41.0007921 ], [ 28.9362437, 41.0005126 ], [ 28.9360855, 41.0004235 ], [ 28.9355619, 41.0002385 ], [ 28.9350211, 40.9998484 ], [ 28.9345888, 40.9994116 ], [ 28.9340843, 40.998603 ], [ 28.9332114, 40.9966042 ], [ 28.9331299, 40.9962505 ], [ 28.932315, 40.9952446 ], [ 28.931956, 40.9948611 ], [ 28.9317586, 40.9947057 ], [ 28.9316936, 40.9946799 ], [ 28.9313709, 40.994552 ], [ 28.9312994, 40.9945114 ], [ 28.9306664, 40.9947246 ], [ 28.930137, 40.9951691 ], [ 28.9302028, 40.9954546 ], [ 28.9301662, 40.9955205 ], [ 28.9300639, 40.9956501 ], [ 28.9299797, 40.9957349 ], [ 28.9297518, 40.995862 ], [ 28.9296013, 40.9959268 ], [ 28.9294864, 40.9959673 ], [ 28.929301, 40.9960212 ], [ 28.9288549, 40.996249499999983 ], [ 28.9285967, 40.9963007 ], [ 28.9281151, 40.9963727 ], [ 28.9280125, 40.996234399999985 ], [ 28.9276196, 40.9964828 ], [ 28.9279755, 40.996751799999984 ], [ 28.9281872, 40.9968888 ], [ 28.9283298, 40.9969621 ], [ 28.9289268, 40.9972023 ], [ 28.9300491, 40.9981779 ], [ 28.9296985, 40.9982625 ], [ 28.9285842, 40.9984952 ], [ 28.9268715, 40.998871 ], [ 28.9265155, 40.9989502 ], [ 28.9267328, 40.9992561 ] ] ] } },
{ "type": "Feature", "properties": { "name": "Yedikule", "osm_relation": 7648813, "zone_id": "Z015", "image_count": 2832, "area_km2": 0.81052671319408398, "eligible_km": 14.75027124950889, "covered_km": 4.8857025726112271, "coverage_pct": 33.122798150399412, "image_density_per_km2": 3494.0242608905423, "images_per_eligible_km": 191.99646922386538 }, "geometry": { "type": "Polygon", "coordinates": [ [ [ 28.9199066, 40.9883492 ], [ 28.9201531, 40.9887213 ], [ 28.92011, 40.9888283 ], [ 28.9200052, 40.988837599999982 ], [ 28.9199991, 40.9888888 ], [ 28.9199066, 40.9888934 ], [ 28.919882, 40.9889772 ], [ 28.9199436, 40.9890237 ], [ 28.9200422, 40.9890144 ], [ 28.9200792, 40.9893958 ], [ 28.9199867, 40.9894377 ], [ 28.9199682, 40.9894935 ], [ 28.9200607, 40.9895214 ], [ 28.9201346, 40.9895028 ], [ 28.9203441, 40.9899586 ], [ 28.9202517, 40.9899865 ], [ 28.9202887, 40.990088800000017 ], [ 28.9204304, 40.9900563 ], [ 28.9205845, 40.990354 ], [ 28.9204612, 40.9904051 ], [ 28.9204674, 40.9905214 ], [ 28.9206091, 40.9905586 ], [ 28.9207065, 40.9905342 ], [ 28.922462, 40.9920516 ], [ 28.9226152, 40.9926551 ], [ 28.9224053, 40.9926393 ], [ 28.9221647, 40.993259 ], [ 28.922377, 40.9933231 ], [ 28.9220939, 40.9939215 ], [ 28.9219913, 40.99386950000001 ], [ 28.9214328, 40.9947385 ], [ 28.9212112, 40.9957666 ], [ 28.9209134, 40.9971539 ], [ 28.9207991, 40.9976553 ], [ 28.9206885, 40.99796090000001 ], [ 28.9203534, 40.9995343 ], [ 28.9203071, 40.9998086 ], [ 28.9206446, 40.9998021 ], [ 28.9209486, 40.999815 ], [ 28.9212616, 40.9999037 ], [ 28.9218346, 41.0002587 ], [ 28.9220825, 41.0003616 ], [ 28.9227521, 41.0007055 ], [ 28.9229896, 41.000424099999982 ], [ 28.9231556, 41.0002861 ], [ 28.9232045, 41.000250499999986 ], [ 28.923251, 41.0002374 ], [ 28.9233035, 41.0002379 ], [ 28.9241178, 41.00016 ], [ 28.9242378, 41.0001341 ], [ 28.9246903, 40.9999402 ], [ 28.9248204, 40.9998199 ], [ 28.9249634, 40.9997409 ], [ 28.9251364, 40.999665199999988 ], [ 28.9252308, 40.9996166 ], [ 28.9255664, 40.9992932 ], [ 28.9256082, 40.9992239 ], [ 28.9256846, 40.999072 ], [ 28.9257216, 40.9990246 ], [ 28.9257715, 40.9989878 ], [ 28.9258717, 40.9989655 ], [ 28.9262721, 40.998915 ], [ 28.9263333, 40.9989126 ], [ 28.9265155, 40.9989502 ], [ 28.9268715, 40.998871 ], [ 28.9285842, 40.9984952 ], [ 28.9296985, 40.9982625 ], [ 28.9300491, 40.9981779 ], [ 28.9289268, 40.9972023 ], [ 28.9283298, 40.9969621 ], [ 28.9281872, 40.9968888 ], [ 28.9279755, 40.996751799999984 ], [ 28.9276196, 40.9964828 ], [ 28.9280125, 40.996234399999985 ], [ 28.9281151, 40.9963727 ], [ 28.9285967, 40.9963007 ], [ 28.9288549, 40.996249499999983 ], [ 28.929301, 40.9960212 ], [ 28.9294864, 40.9959673 ], [ 28.9296013, 40.9959268 ], [ 28.9297518, 40.995862 ], [ 28.9299797, 40.9957349 ], [ 28.9300639, 40.9956501 ], [ 28.9301662, 40.9955205 ], [ 28.9302028, 40.9954546 ], [ 28.930137, 40.9951691 ], [ 28.9306664, 40.9947246 ], [ 28.9312994, 40.9945114 ], [ 28.9296128, 40.9935525 ], [ 28.9295768, 40.9932894 ], [ 28.9296776, 40.993112599999989 ], [ 28.9295746, 40.993032 ], [ 28.929487, 40.9930856 ], [ 28.9292527, 40.9928362 ], [ 28.9291141, 40.992919 ], [ 28.929031, 40.9928852 ], [ 28.9279473, 40.9917755 ], [ 28.9280372, 40.9916432 ], [ 28.928598, 40.9912894 ], [ 28.9291558, 40.9911061 ], [ 28.9292796, 40.9911011 ], [ 28.9293545, 40.9911617 ], [ 28.9295504, 40.991524299999988 ], [ 28.9299891, 40.9924017 ], [ 28.9299774, 40.9924643 ], [ 28.9298783, 40.9927126 ], [ 28.9299778, 40.9927924 ], [ 28.9301473, 40.9927495 ], [ 28.9302918, 40.9925233 ], [ 28.9303002, 40.99233060000001 ], [ 28.929591, 40.9909443 ], [ 28.9294262, 40.9908643 ], [ 28.9287186, 40.9909944 ], [ 28.9279508, 40.9914066 ], [ 28.9278438, 40.9913796 ], [ 28.9253411, 40.9884466 ], [ 28.9250671, 40.9882219 ], [ 28.9247335, 40.9880625 ], [ 28.9238398, 40.9877495 ], [ 28.9234109, 40.987661 ], [ 28.9232515, 40.9876489 ], [ 28.9227473, 40.9876327 ], [ 28.9222645, 40.9876732 ], [ 28.9213203, 40.9878514 ], [ 28.9200758, 40.9879 ], [ 28.9199245, 40.987921 ], [ 28.9199066, 40.9883492 ] ] ] } },
{ "type": "Feature", "properties": { "name": "Cerrahpaşa", "osm_relation": 7648814, "zone_id": "Z016", "image_count": 3740, "area_km2": 0.85582591525926588, "eligible_km": 16.479906896321811, "covered_km": 8.3611280708075739, "coverage_pct": 50.73528705840998, "image_density_per_km2": 4370.0476151940265, "images_per_eligible_km": 226.94302968633514 }, "geometry": { "type": "Polygon", "coordinates": [ [ [ 28.9324184, 41.004172 ], [ 28.9324386, 41.0045324 ], [ 28.9324887, 41.0049245 ], [ 28.9325449, 41.0051502 ], [ 28.9325987, 41.0053158 ], [ 28.9326475, 41.005533799999988 ], [ 28.9327585, 41.0062777 ], [ 28.9328233, 41.0068185 ], [ 28.9331945, 41.0068068 ], [ 28.934284, 41.0068117 ], [ 28.9348212, 41.0067407 ], [ 28.9356255, 41.0066283 ], [ 28.9359494, 41.006654 ], [ 28.9361134, 41.0066733 ], [ 28.9363572, 41.0066458 ], [ 28.9373586, 41.0069414 ], [ 28.93761, 41.0070158 ], [ 28.9379962, 41.007142299999984 ], [ 28.9386253, 41.0073019 ], [ 28.939403, 41.0076221 ], [ 28.939704, 41.0077677 ], [ 28.9399879, 41.0079261 ], [ 28.9401547, 41.0080159 ], [ 28.9404159, 41.0081252 ], [ 28.941087, 41.008589 ], [ 28.9416142, 41.008657 ], [ 28.9421135, 41.0087392 ], [ 28.9424702, 41.008805 ], [ 28.9424999, 41.008726 ], [ 28.9425728, 41.0085373 ], [ 28.9426224, 41.00842440000001 ], [ 28.942723, 41.0082333 ], [ 28.9428377, 41.0079781 ], [ 28.942985, 41.0076865 ], [ 28.943123, 41.0075347 ], [ 28.9429122, 41.0074278 ], [ 28.9422644, 41.0071081 ], [ 28.9418662, 41.0069199 ], [ 28.9419322, 41.0068592 ], [ 28.9420484, 41.0065771 ], [ 28.9421392, 41.0063299 ], [ 28.9422004, 41.0061815 ], [ 28.9422458, 41.0060848 ], [ 28.9423722, 41.0059184 ], [ 28.9425044, 41.005774 ], [ 28.9427497, 41.0055373 ], [ 28.9429671, 41.005411599999988 ], [ 28.943041, 41.0053425 ], [ 28.9432577, 41.0050939 ], [ 28.9435938, 41.0046216 ], [ 28.9437015, 41.0044785 ], [ 28.9442007, 41.0039023 ], [ 28.9442712, 41.0039525 ], [ 28.9447931, 41.004394 ], [ 28.9448777, 41.0043947 ], [ 28.9453043, 41.004178 ], [ 28.9454078, 41.0041114 ], [ 28.9454149, 41.0040395 ], [ 28.9454029, 41.0039763 ], [ 28.9455516, 41.0038516 ], [ 28.9456813, 41.0037313 ], [ 28.9457555, 41.0036464 ], [ 28.9462068, 41.0037389 ], [ 28.9462842, 41.0037548 ], [ 28.9464274, 41.003738099999985 ], [ 28.9459317, 41.0035378 ], [ 28.9455047, 41.0032427 ], [ 28.9451075, 41.0030419 ], [ 28.9452335, 41.0026729 ], [ 28.9453109, 41.002457699999987 ], [ 28.9454273, 41.0024008 ], [ 28.9457343, 41.002421199999986 ], [ 28.9458479, 41.0015137 ], [ 28.9458777, 41.0014594 ], [ 28.9461083, 41.0010879 ], [ 28.9467872, 40.996211699999989 ], [ 28.9461377, 40.9962017 ], [ 28.9455552, 40.9962221 ], [ 28.9449427, 40.9962668 ], [ 28.9443147, 40.9963503 ], [ 28.9437272, 40.9964619 ], [ 28.9431984, 40.9965854 ], [ 28.9428347, 40.9966772 ], [ 28.9421, 40.9969049 ], [ 28.9417572, 40.9970445 ], [ 28.941296, 40.997229 ], [ 28.9407734, 40.9974773 ], [ 28.9402707, 40.9977416 ], [ 28.9398149, 40.9980139 ], [ 28.9394387, 40.9982607 ], [ 28.9390784, 40.9985348 ], [ 28.9387649, 40.9988213 ], [ 28.9385226, 40.9991098 ], [ 28.9383236, 40.999394500000015 ], [ 28.9381589, 40.9997165 ], [ 28.9380479, 41.0000195 ], [ 28.937978, 41.000364500000011 ], [ 28.9379863, 41.0006263 ], [ 28.937989, 41.0007118 ], [ 28.9380206, 41.0007563 ], [ 28.9388639, 41.0011368 ], [ 28.9389455, 41.0012049 ], [ 28.9389833, 41.001288899999984 ], [ 28.9389839, 41.0013881 ], [ 28.9389494, 41.001492 ], [ 28.9388948, 41.001583 ], [ 28.9388205, 41.0016702 ], [ 28.9387601, 41.0017218 ], [ 28.9385549, 41.0016336 ], [ 28.9385029, 41.001552899999986 ], [ 28.9385832, 41.0013781 ], [ 28.9385225, 41.001272299999989 ], [ 28.9383302, 41.0012122 ], [ 28.9381631, 41.001249 ], [ 28.9378913, 41.001217 ], [ 28.937785, 41.0013076 ], [ 28.9376349, 41.0013129 ], [ 28.9371837, 41.0012678 ], [ 28.9369102, 41.0011317 ], [ 28.9368684, 41.0011851 ], [ 28.9367724, 41.0013083 ], [ 28.9367329, 41.0013661 ], [ 28.9367371, 41.0013971 ], [ 28.9367788, 41.0015019 ], [ 28.9369224, 41.001966 ], [ 28.9371497, 41.0020952 ], [ 28.9371794, 41.002162 ], [ 28.937033, 41.002236099999983 ], [ 28.9369638, 41.0023313 ], [ 28.9365941, 41.0034907 ], [ 28.9364983, 41.0037396 ], [ 28.9362739, 41.0043984 ], [ 28.9361876, 41.00436890000001 ], [ 28.9355951, 41.0042399 ], [ 28.9352374, 41.0041782 ], [ 28.9347939, 41.0041174 ], [ 28.9347488, 41.0041981 ], [ 28.9345042, 41.0045785 ], [ 28.9343973, 41.0047576 ], [ 28.9340877, 41.0046512 ], [ 28.9339646, 41.0046185 ], [ 28.9338201, 41.0045714 ], [ 28.9335226, 41.0044524 ], [ 28.933194, 41.0043323 ], [ 28.9324371, 41.0040891 ], [ 28.9324184, 41.004172 ] ] ] } },
{ "type": "Feature", "properties": { "name": "Haseki Sultan", "osm_relation": 7648815, "zone_id": "Z017", "image_count": 1272, "area_km2": 0.29344539834488287, "eligible_km": 8.6051723559218534, "covered_km": 3.2098018666028421, "coverage_pct": 37.300843421154035, "image_density_per_km2": 4334.7076054845256, "images_per_eligible_km": 147.81807352465671 }, "geometry": { "type": "Polygon", "coordinates": [ [ [ 28.9366248, 41.0072076 ], [ 28.9377272, 41.0093897 ], [ 28.9380076, 41.0099845 ], [ 28.9384639, 41.01093680000001 ], [ 28.939153, 41.0123518 ], [ 28.9400091, 41.0120218 ], [ 28.9408198, 41.011626 ], [ 28.9415826, 41.011408 ], [ 28.9424331, 41.0111909 ], [ 28.9429583, 41.0110497 ], [ 28.9436661, 41.0108603 ], [ 28.9446341, 41.0106011 ], [ 28.9452931, 41.010414799999985 ], [ 28.9461066, 41.0102413 ], [ 28.9469537, 41.0100627 ], [ 28.9482615, 41.0098597 ], [ 28.9491182, 41.0097152 ], [ 28.9491613, 41.0095253 ], [ 28.9491677, 41.0094657 ], [ 28.9491742, 41.0094056 ], [ 28.9491805, 41.0093942 ], [ 28.9484874, 41.0091823 ], [ 28.9481202, 41.0090571 ], [ 28.9475477, 41.0088538 ], [ 28.9473435, 41.0087926 ], [ 28.9466866, 41.0085328 ], [ 28.9463621, 41.0083632 ], [ 28.9457976, 41.0082509 ], [ 28.9456131, 41.0082504 ], [ 28.9453336, 41.00816660000001 ], [ 28.945089, 41.0080425 ], [ 28.9444366, 41.0078391 ], [ 28.9440448, 41.0077472 ], [ 28.9439305, 41.0077042 ], [ 28.943193, 41.0075441 ], [ 28.943123, 41.0075347 ], [ 28.942985, 41.0076865 ], [ 28.9428377, 41.0079781 ], [ 28.942723, 41.0082333 ], [ 28.9426224, 41.00842440000001 ], [ 28.9425728, 41.0085373 ], [ 28.9424999, 41.008726 ], [ 28.9424702, 41.008805 ], [ 28.9421135, 41.0087392 ], [ 28.9416142, 41.008657 ], [ 28.941087, 41.008589 ], [ 28.9404159, 41.0081252 ], [ 28.9401547, 41.0080159 ], [ 28.9399879, 41.0079261 ], [ 28.939704, 41.0077677 ], [ 28.939403, 41.0076221 ], [ 28.9386253, 41.0073019 ], [ 28.9379962, 41.007142299999984 ], [ 28.93761, 41.0070158 ], [ 28.9373586, 41.0069414 ], [ 28.9363572, 41.0066458 ], [ 28.9366248, 41.0072076 ] ] ] } },
{ "type": "Feature", "properties": { "name": "Molla Gürani", "osm_relation": 7648816, "zone_id": "Z018", "image_count": 3233, "area_km2": 0.40395613089843313, "eligible_km": 12.785284320466639, "covered_km": 6.3996192019950788, "coverage_pct": 50.054570876852466, "image_density_per_km2": 8003.3443057530294, "images_per_eligible_km": 252.86883881218228 }, "geometry": { "type": "Polygon", "coordinates": [ [ [ 28.9351149, 41.0146421 ], [ 28.9352019, 41.0147375 ], [ 28.9354686, 41.0150302 ], [ 28.9357295, 41.0153165 ], [ 28.9358357, 41.0152891 ], [ 28.9358833, 41.0153529 ], [ 28.9363062, 41.0158858 ], [ 28.9367984, 41.0167923 ], [ 28.9370026, 41.0167306 ], [ 28.937571, 41.0165309 ], [ 28.9382449, 41.0163091 ], [ 28.9384124, 41.0162918 ], [ 28.9386188, 41.0162248 ], [ 28.9391179, 41.0160629 ], [ 28.9395122, 41.0159545 ], [ 28.9399004, 41.0158373 ], [ 28.9409361, 41.0153963 ], [ 28.9410307, 41.0153633 ], [ 28.9411931, 41.0155739 ], [ 28.9416459, 41.0160091 ], [ 28.9445969, 41.0139944 ], [ 28.945054, 41.0136651 ], [ 28.9479055, 41.0117033 ], [ 28.9491737, 41.0108361 ], [ 28.9495694, 41.0105883 ], [ 28.9496092, 41.0104483 ], [ 28.9496442, 41.0101893 ], [ 28.9495924, 41.0100944 ], [ 28.9495385, 41.0100167 ], [ 28.9494203, 41.0099565 ], [ 28.9492587, 41.0098283 ], [ 28.9491182, 41.0097152 ], [ 28.9482615, 41.0098597 ], [ 28.9469537, 41.0100627 ], [ 28.9461066, 41.0102413 ], [ 28.9452931, 41.010414799999985 ], [ 28.9446341, 41.0106011 ], [ 28.9436661, 41.0108603 ], [ 28.9429583, 41.0110497 ], [ 28.9424331, 41.0111909 ], [ 28.9415826, 41.011408 ], [ 28.9408198, 41.011626 ], [ 28.9400091, 41.0120218 ], [ 28.939153, 41.0123518 ], [ 28.9386872, 41.012558 ], [ 28.9371874, 41.01335659999998 ], [ 28.93495, 41.0144438 ], [ 28.9351149, 41.0146421 ] ] ] } },
{ "type": "Feature", "properties": { "name": "Akşemsettin", "osm_relation": 7648817, "zone_id": "Z019", "image_count": 3459, "area_km2": 0.4402667992119087, "eligible_km": 13.028995851470759, "covered_km": 7.1187392024734706, "coverage_pct": 54.63766573899003, "image_density_per_km2": 7856.5996940757695, "images_per_eligible_km": 265.48477253598452 }, "geometry": { "type": "Polygon", "coordinates": [ [ [ 28.9385606, 41.018638 ], [ 28.9389759, 41.0188243 ], [ 28.9396606, 41.0192245 ], [ 28.9408335, 41.0198963 ], [ 28.9435496, 41.0215462 ], [ 28.9439434, 41.021730499999983 ], [ 28.9443676, 41.0219615 ], [ 28.9447027, 41.0221574 ], [ 28.9448199, 41.0222259 ], [ 28.9448574, 41.0222566 ], [ 28.9464319, 41.02074850000001 ], [ 28.9474647, 41.0197167 ], [ 28.949893, 41.0173092 ], [ 28.9498747, 41.017267 ], [ 28.9497841, 41.0171716 ], [ 28.9494711, 41.0169482 ], [ 28.9492488, 41.0167661 ], [ 28.9490845, 41.0165845 ], [ 28.9488984, 41.0163532 ], [ 28.9487751, 41.016208 ], [ 28.9486944, 41.016261299999982 ], [ 28.9484968, 41.0164215 ], [ 28.9483847, 41.0165301 ], [ 28.9479831, 41.016997599999989 ], [ 28.947421, 41.0166864 ], [ 28.9475742, 41.01652570000001 ], [ 28.9472544, 41.01627460000001 ], [ 28.947124, 41.0161479 ], [ 28.9468968, 41.0159747 ], [ 28.9459181, 41.015164399999989 ], [ 28.9454338, 41.0147413 ], [ 28.9448611, 41.0142183 ], [ 28.9445969, 41.0139944 ], [ 28.9416459, 41.0160091 ], [ 28.939417, 41.0175514 ], [ 28.9382231, 41.018411399999984 ], [ 28.9385606, 41.018638 ] ] ] } },
{ "type": "Feature", "properties": { "name": "Ali Kuşçu", "osm_relation": 7648818, "zone_id": "Z020", "image_count": 1060, "area_km2": 0.31027847975441974, "eligible_km": 9.1790048158775157, "covered_km": 2.3412303451899619, "coverage_pct": 25.506363621687886, "image_density_per_km2": 3416.2859146369815, "images_per_eligible_km": 115.48092862599329 }, "geometry": { "type": "Polygon", "coordinates": [ [ [ 28.9449352, 41.0222933 ], [ 28.9455108, 41.0225878 ], [ 28.9459097, 41.0228204 ], [ 28.9463961, 41.0230943 ], [ 28.9466171, 41.0232188 ], [ 28.9469006, 41.0233831 ], [ 28.9469764, 41.0234306 ], [ 28.9474277, 41.0236786 ], [ 28.9485017, 41.0243336 ], [ 28.9485461, 41.0243607 ], [ 28.948705, 41.0244687 ], [ 28.9487648, 41.024501099999988 ], [ 28.9497379, 41.0250392 ], [ 28.9502584, 41.0253002 ], [ 28.9504515, 41.0250161 ], [ 28.9505471, 41.0249416 ], [ 28.9510002, 41.0246629 ], [ 28.951546, 41.024544 ], [ 28.951811, 41.024464 ], [ 28.9520465, 41.024360099999988 ], [ 28.9512329, 41.023172699999989 ], [ 28.9512078, 41.023159 ], [ 28.9511013, 41.0229692 ], [ 28.950226, 41.0213707 ], [ 28.9509726, 41.0206311 ], [ 28.9516479, 41.0199619 ], [ 28.9518916, 41.0197298 ], [ 28.9524159, 41.0192305 ], [ 28.9526889, 41.018953899999985 ], [ 28.9533435, 41.018343 ], [ 28.9529756, 41.0181416 ], [ 28.9527576, 41.0180323 ], [ 28.9523771, 41.0178345 ], [ 28.9522577, 41.0177479 ], [ 28.9521177, 41.0175575 ], [ 28.9517817, 41.0171673 ], [ 28.9514196, 41.01672580000001 ], [ 28.9511864, 41.01644910000001 ], [ 28.9504344, 41.0169024 ], [ 28.949893, 41.0173092 ], [ 28.9474647, 41.0197167 ], [ 28.9464319, 41.02074850000001 ], [ 28.9448574, 41.0222566 ], [ 28.9449352, 41.0222933 ] ] ] } },
{ "type": "Feature", "properties": { "name": "Cibali", "osm_relation": 7648819, "zone_id": "Z021", "image_count": 3690, "area_km2": 0.27605170434863963, "eligible_km": 9.9466288014644828, "covered_km": 5.1854624586110969, "coverage_pct": 52.132863929210068, "image_density_per_km2": 13367.061104392649, "images_per_eligible_km": 370.97996453398423 }, "geometry": { "type": "Polygon", "coordinates": [ [ [ 28.9538406, 41.0221335 ], [ 28.9540538, 41.022575 ], [ 28.9543815, 41.023232299999989 ], [ 28.9544339, 41.023386299999984 ], [ 28.954549, 41.0235771 ], [ 28.9547191, 41.0238954 ], [ 28.9548362, 41.0241401 ], [ 28.9553276, 41.0239936 ], [ 28.9556773, 41.0238942 ], [ 28.9564814, 41.0236304 ], [ 28.9566653, 41.024099 ], [ 28.95674, 41.0242916 ], [ 28.9568333, 41.0244421 ], [ 28.9569578, 41.0245335 ], [ 28.9571874, 41.0246036 ], [ 28.95731, 41.0246557 ], [ 28.9574325, 41.0247962 ], [ 28.9576215, 41.0249961 ], [ 28.9575598, 41.0250749 ], [ 28.9578741, 41.025219 ], [ 28.9578001, 41.0253399 ], [ 28.9580343, 41.0254328 ], [ 28.9580282, 41.0254419 ], [ 28.9579628, 41.0255393 ], [ 28.9582474, 41.0256484 ], [ 28.9583092, 41.0257537 ], [ 28.9583618, 41.0257976 ], [ 28.9584611, 41.025878 ], [ 28.9584995, 41.0259266 ], [ 28.9584751, 41.0260462 ], [ 28.9585576, 41.0261986 ], [ 28.958801, 41.0263044 ], [ 28.9591776, 41.0263857 ], [ 28.9593798, 41.0264806 ], [ 28.9594585, 41.0265174 ], [ 28.9595475, 41.0263838 ], [ 28.9596095, 41.0263111 ], [ 28.9596986, 41.0262778 ], [ 28.9597327, 41.026288799999989 ], [ 28.9597449, 41.0262192 ], [ 28.9596655, 41.0261985 ], [ 28.959596, 41.02592090000001 ], [ 28.9596525, 41.0259078 ], [ 28.9596168, 41.0257357 ], [ 28.9597353, 41.0254602 ], [ 28.9597796, 41.0254767 ], [ 28.9598773, 41.0252654 ], [ 28.9598903, 41.0252269 ], [ 28.9601566, 41.0249792 ], [ 28.960137, 41.0249726 ], [ 28.9604556, 41.0246173 ], [ 28.9604146, 41.0245878 ], [ 28.9610607, 41.0239509 ], [ 28.9612507, 41.023763099999989 ], [ 28.961367, 41.0236851 ], [ 28.9618827, 41.023444599999983 ], [ 28.9622398, 41.0232975 ], [ 28.962546, 41.023125199999988 ], [ 28.9626836, 41.02304 ], [ 28.962533, 41.0229812 ], [ 28.9622575, 41.0228466 ], [ 28.9619023, 41.0226698 ], [ 28.9614215, 41.0224057 ], [ 28.9608428, 41.0220708 ], [ 28.9605632, 41.0219051 ], [ 28.9602476, 41.0216504 ], [ 28.9599749, 41.0213603 ], [ 28.9589609, 41.0201195 ], [ 28.9582412, 41.019100699999989 ], [ 28.9581514, 41.019097899999984 ], [ 28.9580005, 41.019101 ], [ 28.9579128, 41.0190777 ], [ 28.9577849, 41.0190222 ], [ 28.9578382, 41.0191176 ], [ 28.9580506, 41.0195492 ], [ 28.9581097, 41.0196693 ], [ 28.9581441, 41.0197521 ], [ 28.9581513, 41.0197822 ], [ 28.9580705, 41.0198445 ], [ 28.9580778, 41.0199439 ], [ 28.9576764, 41.020098 ], [ 28.9576211, 41.020123 ], [ 28.9574544, 41.0201998 ], [ 28.9572804, 41.0202926 ], [ 28.9568988, 41.020496 ], [ 28.9564514, 41.020664 ], [ 28.956021, 41.020786200000011 ], [ 28.9559098, 41.020802 ], [ 28.9556896, 41.0208412 ], [ 28.9557153, 41.0209257 ], [ 28.955437, 41.0209793 ], [ 28.9552764, 41.0210211 ], [ 28.9551603, 41.0210473 ], [ 28.9548514, 41.021148 ], [ 28.9547677, 41.0211788 ], [ 28.954663, 41.0210563 ], [ 28.9543855, 41.021088699999986 ], [ 28.9537202, 41.0211538 ], [ 28.9537745, 41.0219921 ], [ 28.9538406, 41.0221335 ] ] ] } },
{ "type": "Feature", "properties": { "name": "Zeyrek", "osm_relation": 7648820, "zone_id": "Z022", "image_count": 1103, "area_km2": 0.3121149683844523, "eligible_km": 11.407413806468373, "covered_km": 3.171852320719641, "coverage_pct": 27.805183317897157, "image_density_per_km2": 3533.9541890902306, "images_per_eligible_km": 96.691504201816826 }, "geometry": { "type": "Polygon", "coordinates": [ [ [ 28.9518353, 41.0227397 ], [ 28.9525019, 41.0225085 ], [ 28.9537745, 41.0219921 ], [ 28.9537202, 41.0211538 ], [ 28.9543855, 41.021088699999986 ], [ 28.954663, 41.0210563 ], [ 28.9547677, 41.0211788 ], [ 28.9548514, 41.021148 ], [ 28.9551603, 41.0210473 ], [ 28.9552764, 41.0210211 ], [ 28.955437, 41.0209793 ], [ 28.9557153, 41.0209257 ], [ 28.9556896, 41.0208412 ], [ 28.9559098, 41.020802 ], [ 28.956021, 41.020786200000011 ], [ 28.9564514, 41.020664 ], [ 28.9568988, 41.020496 ], [ 28.9572804, 41.0202926 ], [ 28.9574544, 41.0201998 ], [ 28.9576211, 41.020123 ], [ 28.9576764, 41.020098 ], [ 28.9580778, 41.0199439 ], [ 28.9580705, 41.0198445 ], [ 28.9581513, 41.0197822 ], [ 28.9581441, 41.0197521 ], [ 28.9581097, 41.0196693 ], [ 28.9580506, 41.0195492 ], [ 28.9578382, 41.0191176 ], [ 28.9577849, 41.0190222 ], [ 28.9579128, 41.0190777 ], [ 28.9580005, 41.019101 ], [ 28.9581514, 41.019097899999984 ], [ 28.9582412, 41.019100699999989 ], [ 28.957369, 41.0179253 ], [ 28.9571071, 41.0176379 ], [ 28.9565313, 41.0169916 ], [ 28.9559217, 41.016273 ], [ 28.9557979, 41.0161432 ], [ 28.9556088, 41.0159474 ], [ 28.9554, 41.0157298 ], [ 28.9551652, 41.0154711 ], [ 28.954393, 41.014670099999989 ], [ 28.9532052, 41.0153286 ], [ 28.9511864, 41.01644910000001 ], [ 28.9514196, 41.01672580000001 ], [ 28.9517817, 41.0171673 ], [ 28.9521177, 41.0175575 ], [ 28.9522577, 41.0177479 ], [ 28.9523771, 41.0178345 ], [ 28.9527576, 41.0180323 ], [ 28.9529756, 41.0181416 ], [ 28.9533435, 41.018343 ], [ 28.9526889, 41.018953899999985 ], [ 28.9524159, 41.0192305 ], [ 28.9518916, 41.0197298 ], [ 28.9516479, 41.0199619 ], [ 28.9509726, 41.0206311 ], [ 28.950226, 41.0213707 ], [ 28.9511013, 41.0229692 ], [ 28.9518353, 41.0227397 ] ] ] } },
{ "type": "Feature", "properties": { "name": "İskenderpaşa", "osm_relation": 7648821, "zone_id": "Z023", "image_count": 2348, "area_km2": 0.42042693667104458, "eligible_km": 14.341661761765669, "covered_km": 6.0978515308257961, "coverage_pct": 42.518444738966295, "image_density_per_km2": 5584.7991534309085, "images_per_eligible_km": 163.71882415046767 }, "geometry": { "type": "Polygon", "coordinates": [ [ [ 28.9448611, 41.0142183 ], [ 28.9454338, 41.0147413 ], [ 28.9459181, 41.015164399999989 ], [ 28.9468968, 41.0159747 ], [ 28.947124, 41.0161479 ], [ 28.9472544, 41.01627460000001 ], [ 28.9475742, 41.01652570000001 ], [ 28.947421, 41.0166864 ], [ 28.9479831, 41.016997599999989 ], [ 28.9483847, 41.0165301 ], [ 28.9484968, 41.0164215 ], [ 28.9486944, 41.016261299999982 ], [ 28.9487751, 41.016208 ], [ 28.9488984, 41.0163532 ], [ 28.9490845, 41.0165845 ], [ 28.9492488, 41.0167661 ], [ 28.9494711, 41.0169482 ], [ 28.9497841, 41.0171716 ], [ 28.9498747, 41.017267 ], [ 28.949893, 41.0173092 ], [ 28.9504344, 41.0169024 ], [ 28.9511864, 41.01644910000001 ], [ 28.9532052, 41.0153286 ], [ 28.954393, 41.014670099999989 ], [ 28.9534561, 41.0134017 ], [ 28.9534062, 41.0133195 ], [ 28.9533101, 41.0131168 ], [ 28.9532901, 41.0129308 ], [ 28.9532906, 41.012721899999988 ], [ 28.9533036, 41.0115289 ], [ 28.9533617, 41.010116 ], [ 28.9533726, 41.0098383 ], [ 28.9533674, 41.0097307 ], [ 28.9533349, 41.0096178 ], [ 28.9532739, 41.0094824 ], [ 28.9531976, 41.009426200000014 ], [ 28.9509208, 41.0092956 ], [ 28.950031, 41.0094382 ], [ 28.9491613, 41.0095253 ], [ 28.9491182, 41.0097152 ], [ 28.9492587, 41.0098283 ], [ 28.9494203, 41.0099565 ], [ 28.9495385, 41.0100167 ], [ 28.9495924, 41.0100944 ], [ 28.9496442, 41.0101893 ], [ 28.9496092, 41.0104483 ], [ 28.9495694, 41.0105883 ], [ 28.9491737, 41.0108361 ], [ 28.9479055, 41.0117033 ], [ 28.945054, 41.0136651 ], [ 28.9445969, 41.0139944 ], [ 28.9448611, 41.0142183 ] ] ] } },
{ "type": "Feature", "properties": { "name": "Aksaray", "osm_relation": 7648822, "zone_id": "Z024", "image_count": 4936, "area_km2": 0.98892395102101505, "eligible_km": 19.528043379387295, "covered_km": 9.9923509637658636, "coverage_pct": 51.169237847521515, "image_density_per_km2": 4991.283702759777, "images_per_eligible_km": 252.76469864923405 }, "geometry": { "type": "Polygon", "coordinates": [ [ [ 28.943193, 41.0075441 ], [ 28.9439305, 41.0077042 ], [ 28.9440448, 41.0077472 ], [ 28.9444366, 41.0078391 ], [ 28.945089, 41.0080425 ], [ 28.9453336, 41.00816660000001 ], [ 28.9456131, 41.0082504 ], [ 28.9457976, 41.0082509 ], [ 28.9463621, 41.0083632 ], [ 28.9466866, 41.0085328 ], [ 28.9473435, 41.0087926 ], [ 28.9475477, 41.0088538 ], [ 28.9481202, 41.0090571 ], [ 28.9484874, 41.0091823 ], [ 28.9491805, 41.0093942 ], [ 28.9491742, 41.0094056 ], [ 28.9491677, 41.0094657 ], [ 28.9491613, 41.0095253 ], [ 28.950031, 41.0094382 ], [ 28.9509208, 41.0092956 ], [ 28.9531976, 41.009426200000014 ], [ 28.9534181, 41.009461 ], [ 28.9534288, 41.009325199999985 ], [ 28.9534447, 41.0082059 ], [ 28.9534852, 41.007245599999983 ], [ 28.9534996, 41.006552 ], [ 28.9536117, 41.0031889 ], [ 28.953502, 41.0029781 ], [ 28.9537443, 41.0021298 ], [ 28.9528696, 41.00122360000001 ], [ 28.9531455, 41.0005808 ], [ 28.9535575, 41.0006924 ], [ 28.9535916, 41.000622300000011 ], [ 28.9531825, 41.0004946 ], [ 28.9533486, 41.0001076 ], [ 28.9537629, 41.0002142 ], [ 28.953791, 41.0001484 ], [ 28.9533822, 41.0000294 ], [ 28.9537328, 40.9992127 ], [ 28.9547749, 40.9986844 ], [ 28.9598644, 40.9986068 ], [ 28.9598595, 40.9984246 ], [ 28.9602874, 40.9984188 ], [ 28.9606821, 40.9984932 ], [ 28.9607694, 40.9985174 ], [ 28.9608585, 40.998517 ], [ 28.9609421, 40.9984937 ], [ 28.9610355, 40.9984226 ], [ 28.9610656, 40.9983593 ], [ 28.9610692, 40.9983212 ], [ 28.9610514, 40.9982554 ], [ 28.9610048, 40.998198 ], [ 28.9609175, 40.9981497 ], [ 28.9608311, 40.998133299999985 ], [ 28.9607202, 40.9981459 ], [ 28.9602822, 40.9982245 ], [ 28.9554241, 40.9982979 ], [ 28.9550131, 40.9983089 ], [ 28.9546545, 40.998348099999987 ], [ 28.9534297, 40.9983668 ], [ 28.9531355, 40.9981549 ], [ 28.9527749, 40.9979254 ], [ 28.9523867, 40.9976936 ], [ 28.9519476, 40.9974632 ], [ 28.9514561, 40.9972372 ], [ 28.9509356, 40.9970245 ], [ 28.9503847, 40.9968297 ], [ 28.9498037, 40.9966575 ], [ 28.9492013, 40.9965081 ], [ 28.948632, 40.9963976 ], [ 28.9480318, 40.9963078 ], [ 28.9474042, 40.9962443 ], [ 28.9467872, 40.996211699999989 ], [ 28.9461083, 41.0010879 ], [ 28.9458777, 41.0014594 ], [ 28.9458479, 41.0015137 ], [ 28.9457343, 41.002421199999986 ], [ 28.9454273, 41.0024008 ], [ 28.9453109, 41.002457699999987 ], [ 28.9452335, 41.0026729 ], [ 28.9451075, 41.0030419 ], [ 28.9455047, 41.0032427 ], [ 28.9459317, 41.0035378 ], [ 28.9464274, 41.003738099999985 ], [ 28.9462842, 41.0037548 ], [ 28.9462068, 41.0037389 ], [ 28.9457555, 41.0036464 ], [ 28.9456813, 41.0037313 ], [ 28.9455516, 41.0038516 ], [ 28.9454029, 41.0039763 ], [ 28.9454149, 41.0040395 ], [ 28.9454078, 41.0041114 ], [ 28.9453043, 41.004178 ], [ 28.9448777, 41.0043947 ], [ 28.9447931, 41.004394 ], [ 28.9442712, 41.0039525 ], [ 28.9442007, 41.0039023 ], [ 28.9437015, 41.0044785 ], [ 28.9435938, 41.0046216 ], [ 28.9432577, 41.0050939 ], [ 28.943041, 41.0053425 ], [ 28.9429671, 41.005411599999988 ], [ 28.9427497, 41.0055373 ], [ 28.9425044, 41.005774 ], [ 28.9423722, 41.0059184 ], [ 28.9422458, 41.0060848 ], [ 28.9422004, 41.0061815 ], [ 28.9421392, 41.0063299 ], [ 28.9420484, 41.0065771 ], [ 28.9419322, 41.0068592 ], [ 28.9418662, 41.0069199 ], [ 28.9422644, 41.0071081 ], [ 28.9429122, 41.0074278 ], [ 28.943123, 41.0075347 ], [ 28.943193, 41.0075441 ] ] ] } },
{ "type": "Feature", "properties": { "name": "Katip Kasım", "osm_relation": 7648823, "zone_id": "Z025", "image_count": 1462, "area_km2": 0.16942927320597173, "eligible_km": 7.2087990370051207, "covered_km": 3.9084355759346403, "coverage_pct": 54.217568777702965, "image_density_per_km2": 8628.9693176141773, "images_per_eligible_km": 202.80770659510361 }, "geometry": { "type": "Polygon", "coordinates": [ [ [ 28.9537012, 41.0072856 ], [ 28.953945, 41.0072182 ], [ 28.954084, 41.0071793 ], [ 28.9542452, 41.0071744 ], [ 28.9555937, 41.0071499 ], [ 28.956248, 41.007149300000016 ], [ 28.9563637, 41.0071433 ], [ 28.9569602, 41.0070849 ], [ 28.9572834, 41.0070782 ], [ 28.957919, 41.0069392 ], [ 28.957675, 41.0062473 ], [ 28.9573974, 41.0056495 ], [ 28.9572039, 41.0051968 ], [ 28.9569395, 41.0051954 ], [ 28.9567656, 41.0047519 ], [ 28.9567072, 41.0045578 ], [ 28.9570895, 41.0022854 ], [ 28.9570334, 41.0022321 ], [ 28.9562205, 41.0014236 ], [ 28.956168, 41.0014579 ], [ 28.9561012, 41.0015015 ], [ 28.9564125, 41.0017933 ], [ 28.9558633, 41.002138399999986 ], [ 28.9556981, 41.0019861 ], [ 28.955548, 41.0018477 ], [ 28.9554561, 41.0019007 ], [ 28.9557649, 41.0021876 ], [ 28.9554778, 41.0023818 ], [ 28.9541165, 41.0022146 ], [ 28.9541738, 41.0019835 ], [ 28.9542622, 41.001627 ], [ 28.9541898, 41.0016092 ], [ 28.9540639, 41.0021701 ], [ 28.9537443, 41.0021298 ], [ 28.953502, 41.0029781 ], [ 28.9536117, 41.0031889 ], [ 28.9534996, 41.006552 ], [ 28.9534852, 41.007245599999983 ], [ 28.9537012, 41.0072856 ] ] ] } },
{ "type": "Feature", "properties": { "name": "Mesihpaşa", "osm_relation": 7648824, "zone_id": "Z026", "image_count": 222, "area_km2": 0.07935433671337927, "eligible_km": 2.4081813274531845, "covered_km": 0.93954336540063976, "coverage_pct": 39.014643735082473, "image_density_per_km2": 2797.5786730074256, "images_per_eligible_km": 92.18574924953019 }, "geometry": { "type": "Polygon", "coordinates": [ [ [ 28.9533872, 41.0095966 ], [ 28.9539268, 41.0096026 ], [ 28.9544096, 41.009590199999984 ], [ 28.954866, 41.009581 ], [ 28.9552446, 41.0095884 ], [ 28.9554773, 41.0095786 ], [ 28.9562203, 41.0095741 ], [ 28.9570763, 41.0095545 ], [ 28.9572483, 41.0095597 ], [ 28.9573227, 41.0094094 ], [ 28.9575216, 41.0089892 ], [ 28.9576805, 41.0085363 ], [ 28.9577069, 41.008233 ], [ 28.9571442, 41.0081954 ], [ 28.9562437, 41.0082052 ], [ 28.9562523, 41.0078184 ], [ 28.9562549, 41.0076678 ], [ 28.956248, 41.007149300000016 ], [ 28.9555937, 41.0071499 ], [ 28.9542452, 41.0071744 ], [ 28.954084, 41.0071793 ], [ 28.953945, 41.0072182 ], [ 28.9537012, 41.0072856 ], [ 28.9534852, 41.007245599999983 ], [ 28.9534447, 41.0082059 ], [ 28.9534288, 41.009325199999985 ], [ 28.9534181, 41.009461 ], [ 28.9533872, 41.0095966 ] ] ] } },
{ "type": "Feature", "properties": { "name": "Kemalpaşa", "osm_relation": 7648825, "zone_id": "Z027", "image_count": 1129, "area_km2": 0.17564781432638416, "eligible_km": 6.0072582301307911, "covered_km": 2.7704351920390153, "coverage_pct": 46.118130533214938, "image_density_per_km2": 6427.634777749764, "images_per_eligible_km": 187.93931553287317 }, "geometry": { "type": "Polygon", "coordinates": [ [ [ 28.9532739, 41.0094824 ], [ 28.9533349, 41.0096178 ], [ 28.9533674, 41.0097307 ], [ 28.9533726, 41.0098383 ], [ 28.9533617, 41.010116 ], [ 28.9533036, 41.0115289 ], [ 28.9532906, 41.012721899999988 ], [ 28.9532901, 41.0129308 ], [ 28.9533101, 41.0131168 ], [ 28.9534062, 41.0133195 ], [ 28.9534561, 41.0134017 ], [ 28.954393, 41.014670099999989 ], [ 28.9548495, 41.0143912 ], [ 28.9558328, 41.0138325 ], [ 28.9564154, 41.0135117 ], [ 28.9566166, 41.0134173 ], [ 28.9569057, 41.0133148 ], [ 28.9578084, 41.0129244 ], [ 28.959159, 41.0123206 ], [ 28.9594868, 41.0122034 ], [ 28.9591356, 41.0121149 ], [ 28.9590594, 41.0120848 ], [ 28.9575674, 41.0116312 ], [ 28.9572971, 41.0112282 ], [ 28.9572667, 41.0109934 ], [ 28.9572673, 41.0107989 ], [ 28.9572724, 41.0103049 ], [ 28.957265, 41.0099771 ], [ 28.9572609, 41.0097355 ], [ 28.9572483, 41.0095597 ], [ 28.9570763, 41.0095545 ], [ 28.9562203, 41.0095741 ], [ 28.9554773, 41.0095786 ], [ 28.9552446, 41.0095884 ], [ 28.954866, 41.009581 ], [ 28.9544096, 41.009590199999984 ], [ 28.9539268, 41.0096026 ], [ 28.9533872, 41.0095966 ], [ 28.9534181, 41.009461 ], [ 28.9531976, 41.009426200000014 ], [ 28.9532739, 41.0094824 ] ] ] } },
{ "type": "Feature", "properties": { "name": "Kalenderhane", "osm_relation": 7648826, "zone_id": "Z028", "image_count": 1090, "area_km2": 0.1331733080129594, "eligible_km": 2.9549132664039557, "covered_km": 1.9614779692219353, "coverage_pct": 66.380221427243356, "image_density_per_km2": 8184.8233423317051, "images_per_eligible_km": 368.87715534422387 }, "geometry": { "type": "Polygon", "coordinates": [ [ [ 28.9551652, 41.0154711 ], [ 28.9554, 41.0157298 ], [ 28.9556088, 41.0159474 ], [ 28.9557979, 41.0161432 ], [ 28.9559217, 41.016273 ], [ 28.9567477, 41.0159164 ], [ 28.9573377, 41.0156366 ], [ 28.9581874, 41.015256 ], [ 28.9584171, 41.0151418 ], [ 28.9588206, 41.014833300000014 ], [ 28.9589829, 41.0146303 ], [ 28.9593003, 41.0144561 ], [ 28.9597281, 41.0141553 ], [ 28.9600163, 41.013966 ], [ 28.9605039, 41.0136584 ], [ 28.9610924, 41.0133531 ], [ 28.9611456, 41.0133453 ], [ 28.9611535, 41.0132411 ], [ 28.9611588, 41.0129609 ], [ 28.9611885, 41.0126319 ], [ 28.9613417, 41.0119957 ], [ 28.9611501, 41.0116753 ], [ 28.961075, 41.0115238 ], [ 28.9611249, 41.0111917 ], [ 28.9611034, 41.0110705 ], [ 28.9608311, 41.0112785 ], [ 28.9607532, 41.0113298 ], [ 28.9604255, 41.011599800000013 ], [ 28.9602314, 41.0117879 ], [ 28.96005, 41.0119263 ], [ 28.9598795, 41.012023499999984 ], [ 28.9594868, 41.0122034 ], [ 28.959159, 41.0123206 ], [ 28.9578084, 41.0129244 ], [ 28.9569057, 41.0133148 ], [ 28.9566166, 41.0134173 ], [ 28.9564154, 41.0135117 ], [ 28.9558328, 41.0138325 ], [ 28.9548495, 41.0143912 ], [ 28.954393, 41.014670099999989 ], [ 28.9551652, 41.0154711 ] ] ] } },
{ "type": "Feature", "properties": { "name": "Molla Hüsrev", "osm_relation": 7648827, "zone_id": "Z029", "image_count": 361, "area_km2": 0.089220149203899035, "eligible_km": 2.3029720880776479, "covered_km": 0.61386490456839626, "coverage_pct": 26.655334111357192, "image_density_per_km2": 4046.171220527659, "images_per_eligible_km": 156.75396235537372 }, "geometry": { "type": "Polygon", "coordinates": [ [ [ 28.9565313, 41.0169916 ], [ 28.9571071, 41.0176379 ], [ 28.9577059, 41.017367799999988 ], [ 28.9587872, 41.0167861 ], [ 28.9589463, 41.016706 ], [ 28.9594197, 41.0164402 ], [ 28.9594666, 41.0164985 ], [ 28.9598645, 41.0163491 ], [ 28.960127, 41.0163048 ], [ 28.9601263, 41.0162055 ], [ 28.9601438, 41.0161439 ], [ 28.9601207, 41.0158694 ], [ 28.9602541, 41.0158413 ], [ 28.9603391, 41.015813399999985 ], [ 28.9605246, 41.0157414 ], [ 28.9606748, 41.0157205 ], [ 28.9608456, 41.0157223 ], [ 28.9610048, 41.0157273 ], [ 28.9612378, 41.0157491 ], [ 28.9612521, 41.0156258 ], [ 28.9612943, 41.0153873 ], [ 28.9613006, 41.0150152 ], [ 28.9611763, 41.0142584 ], [ 28.9611527, 41.0140664 ], [ 28.9611473, 41.0135809 ], [ 28.9611589, 41.0134178 ], [ 28.9611456, 41.0133453 ], [ 28.9610924, 41.0133531 ], [ 28.9605039, 41.0136584 ], [ 28.9600163, 41.013966 ], [ 28.9597281, 41.0141553 ], [ 28.9593003, 41.0144561 ], [ 28.9589829, 41.0146303 ], [ 28.9588206, 41.014833300000014 ], [ 28.9584171, 41.0151418 ], [ 28.9581874, 41.015256 ], [ 28.9573377, 41.0156366 ], [ 28.9567477, 41.0159164 ], [ 28.9559217, 41.016273 ], [ 28.9565313, 41.0169916 ] ] ] } },
{ "type": "Feature", "properties": { "name": "Hacı Kadın", "osm_relation": 7648828, "zone_id": "Z030", "image_count": 639, "area_km2": 0.10267746346036191, "eligible_km": 2.4497805206896928, "covered_km": 0.71731205253017272, "coverage_pct": 29.280666021796353, "image_density_per_km2": 6223.3715020305553, "images_per_eligible_km": 260.83969343510853 }, "geometry": { "type": "Polygon", "coordinates": [ [ [ 28.957369, 41.0179253 ], [ 28.9582412, 41.019100699999989 ], [ 28.9589609, 41.0201195 ], [ 28.9599749, 41.0213603 ], [ 28.960385, 41.0209136 ], [ 28.9604872, 41.0208857 ], [ 28.9606898, 41.020669399999989 ], [ 28.9607813, 41.0205837 ], [ 28.9608758, 41.0205539 ], [ 28.9611421, 41.020444 ], [ 28.9611361, 41.0204212 ], [ 28.9607797, 41.0195673 ], [ 28.9607694, 41.019497 ], [ 28.9607722, 41.0194465 ], [ 28.9607615, 41.0193666 ], [ 28.9607999, 41.0191537 ], [ 28.9608152, 41.0191327 ], [ 28.9608418, 41.0190306 ], [ 28.9608574, 41.0189961 ], [ 28.9610448, 41.0187586 ], [ 28.9610531, 41.0187325 ], [ 28.9608331, 41.0180059 ], [ 28.9607685, 41.0176451 ], [ 28.960615, 41.0173226 ], [ 28.9604263, 41.017129 ], [ 28.9603406, 41.016999799999986 ], [ 28.9603073, 41.0169029 ], [ 28.9601936, 41.0164159 ], [ 28.9601598, 41.0162924 ], [ 28.960127, 41.0163048 ], [ 28.9598645, 41.0163491 ], [ 28.9594666, 41.0164985 ], [ 28.9594197, 41.0164402 ], [ 28.9589463, 41.016706 ], [ 28.9587872, 41.0167861 ], [ 28.9577059, 41.017367799999988 ], [ 28.9571071, 41.0176379 ], [ 28.957369, 41.0179253 ] ] ] } },
{ "type": "Feature", "properties": { "name": "Hoca Gıyasettin", "osm_relation": 7648829, "zone_id": "Z031", "image_count": 275, "area_km2": 0.0854611505915088, "eligible_km": 2.7703075326361768, "covered_km": 0.58669692291951014, "coverage_pct": 21.178043087556404, "image_density_per_km2": 3217.836386435491, "images_per_eligible_km": 99.266957462413842 }, "geometry": { "type": "Polygon", "coordinates": [ [ [ 28.9601598, 41.0162924 ], [ 28.9601936, 41.0164159 ], [ 28.9603073, 41.0169029 ], [ 28.9603406, 41.016999799999986 ], [ 28.9604263, 41.017129 ], [ 28.960615, 41.0173226 ], [ 28.9607685, 41.0176451 ], [ 28.9608331, 41.0180059 ], [ 28.9610531, 41.0187325 ], [ 28.9610448, 41.0187586 ], [ 28.9608574, 41.0189961 ], [ 28.9608418, 41.0190306 ], [ 28.9608152, 41.0191327 ], [ 28.9607999, 41.0191537 ], [ 28.9607615, 41.0193666 ], [ 28.9607722, 41.0194465 ], [ 28.9607694, 41.019497 ], [ 28.9607797, 41.0195673 ], [ 28.9611361, 41.0204212 ], [ 28.9611421, 41.020444 ], [ 28.9616008, 41.0202519 ], [ 28.9621271, 41.0200258 ], [ 28.9622398, 41.019982299999988 ], [ 28.9628682, 41.0198337 ], [ 28.9632597, 41.0197292 ], [ 28.963602, 41.0196429 ], [ 28.9637583, 41.0196088 ], [ 28.9635173, 41.0192813 ], [ 28.9634578, 41.0192352 ], [ 28.9634901, 41.0191985 ], [ 28.963607, 41.019111 ], [ 28.9635237, 41.0191103 ], [ 28.9634399, 41.0191407 ], [ 28.9631697, 41.0192691 ], [ 28.9631156, 41.0192853 ], [ 28.9630777, 41.0192822 ], [ 28.9629944, 41.0192438 ], [ 28.9628681, 41.0191772 ], [ 28.9629868, 41.0190721 ], [ 28.9626545, 41.018836 ], [ 28.9626185, 41.018697 ], [ 28.9625773, 41.018313900000017 ], [ 28.9625734, 41.0182103 ], [ 28.9625973, 41.0181274 ], [ 28.9625979, 41.0180884 ], [ 28.9625636, 41.0179642 ], [ 28.9625584, 41.0178365 ], [ 28.9625466, 41.0177599 ], [ 28.9624145, 41.0173627 ], [ 28.9631284, 41.0174282 ], [ 28.9636647, 41.0173613 ], [ 28.9623365, 41.0164333 ], [ 28.9622356, 41.016375 ], [ 28.9621091, 41.0162749 ], [ 28.961733, 41.0159774 ], [ 28.9612521, 41.0156258 ], [ 28.9612378, 41.0157491 ], [ 28.9610048, 41.0157273 ], [ 28.9608456, 41.0157223 ], [ 28.9606748, 41.0157205 ], [ 28.9605246, 41.0157414 ], [ 28.9603391, 41.015813399999985 ], [ 28.9602541, 41.0158413 ], [ 28.9601207, 41.0158694 ], [ 28.9601438, 41.0161439 ], [ 28.9601263, 41.0162055 ], [ 28.960127, 41.0163048 ], [ 28.9601598, 41.0162924 ] ] ] } },
{ "type": "Feature", "properties": { "name": "Yavuz Sinan", "osm_relation": 7648830, "zone_id": "Z032", "image_count": 823, "area_km2": 0.049687102902814535, "eligible_km": 2.4283140807776351, "covered_km": 1.1427880165192932, "coverage_pct": 47.060964047670907, "image_density_per_km2": 16563.654387532846, "images_per_eligible_km": 338.91826700458995 }, "geometry": { "type": "Polygon", "coordinates": [ [ [ 28.9602476, 41.0216504 ], [ 28.9605632, 41.0219051 ], [ 28.9608428, 41.0220708 ], [ 28.9614215, 41.0224057 ], [ 28.9615133, 41.0223046 ], [ 28.9616748, 41.0221899 ], [ 28.9618974, 41.0220451 ], [ 28.9620388, 41.0219397 ], [ 28.962234, 41.0217364 ], [ 28.9624368, 41.0214634 ], [ 28.9625148, 41.0213593 ], [ 28.9634494, 41.020484 ], [ 28.9637231, 41.0202452 ], [ 28.9641386, 41.0199449 ], [ 28.9644216, 41.0197432 ], [ 28.9643774, 41.0195457 ], [ 28.9643027, 41.0194955 ], [ 28.964215, 41.0195085 ], [ 28.964071, 41.0195307 ], [ 28.9637583, 41.0196088 ], [ 28.963602, 41.0196429 ], [ 28.9632597, 41.0197292 ], [ 28.9628682, 41.0198337 ], [ 28.9622398, 41.019982299999988 ], [ 28.9621271, 41.0200258 ], [ 28.9616008, 41.0202519 ], [ 28.9611421, 41.020444 ], [ 28.9608758, 41.0205539 ], [ 28.9607813, 41.0205837 ], [ 28.9606898, 41.020669399999989 ], [ 28.9604872, 41.0208857 ], [ 28.960385, 41.0209136 ], [ 28.9599749, 41.0213603 ], [ 28.9602476, 41.0216504 ] ] ] } },
{ "type": "Feature", "properties": { "name": "Demirtaş", "osm_relation": 7648831, "zone_id": "Z033", "image_count": 587, "area_km2": 0.084804719345599952, "eligible_km": 2.899897574771686, "covered_km": 1.4915139585355239, "coverage_pct": 51.433332387712127, "image_density_per_km2": 6921.7845955934545, "images_per_eligible_km": 202.42094241766989 }, "geometry": { "type": "Polygon", "coordinates": [ [ [ 28.9631284, 41.0174282 ], [ 28.9624145, 41.0173627 ], [ 28.9625466, 41.0177599 ], [ 28.9625584, 41.0178365 ], [ 28.9625636, 41.0179642 ], [ 28.9625979, 41.0180884 ], [ 28.9625973, 41.0181274 ], [ 28.9625734, 41.0182103 ], [ 28.9625773, 41.018313900000017 ], [ 28.9626185, 41.018697 ], [ 28.9626545, 41.018836 ], [ 28.9629868, 41.0190721 ], [ 28.9628681, 41.0191772 ], [ 28.9629944, 41.0192438 ], [ 28.9630777, 41.0192822 ], [ 28.9631156, 41.0192853 ], [ 28.9631697, 41.0192691 ], [ 28.9634399, 41.0191407 ], [ 28.9635237, 41.0191103 ], [ 28.963607, 41.019111 ], [ 28.9634901, 41.0191985 ], [ 28.9634578, 41.0192352 ], [ 28.9635173, 41.0192813 ], [ 28.9637583, 41.0196088 ], [ 28.964071, 41.0195307 ], [ 28.964215, 41.0195085 ], [ 28.9643027, 41.0194955 ], [ 28.9643208, 41.019465699999984 ], [ 28.9644566, 41.0192882 ], [ 28.9645066, 41.0192066 ], [ 28.9645224, 41.0191879 ], [ 28.9645563, 41.0191143 ], [ 28.9645959, 41.0190525 ], [ 28.9646561, 41.0189895 ], [ 28.9646797, 41.0189725 ], [ 28.9647166, 41.0189525 ], [ 28.9648766, 41.018893399999989 ], [ 28.9653468, 41.018753 ], [ 28.9655063, 41.0187004 ], [ 28.965541, 41.0186824 ], [ 28.9657416, 41.01860580000001 ], [ 28.9658671, 41.018543 ], [ 28.9659788, 41.0185041 ], [ 28.966281, 41.0184583 ], [ 28.9663448, 41.0183916 ], [ 28.9664649, 41.0183157 ], [ 28.9666162, 41.0182356 ], [ 28.9667865, 41.0181607 ], [ 28.9671082, 41.0178929 ], [ 28.9673759, 41.0177627 ], [ 28.9674384, 41.0177113 ], [ 28.9674848, 41.0176545 ], [ 28.9677511, 41.0174818 ], [ 28.9680795, 41.01727910000001 ], [ 28.9679981, 41.0171855 ], [ 28.9679263, 41.0170815 ], [ 28.9678399, 41.016831 ], [ 28.9678307, 41.0168168 ], [ 28.9675033, 41.0168702 ], [ 28.9672733, 41.0169044 ], [ 28.9670569, 41.0169668 ], [ 28.9670363, 41.0169346 ], [ 28.9670132, 41.0169262 ], [ 28.9669901, 41.0169236 ], [ 28.9669569, 41.016926 ], [ 28.9668233, 41.0169471 ], [ 28.9668111, 41.0168333 ], [ 28.9668047, 41.016761 ], [ 28.9668297, 41.016674900000012 ], [ 28.96677, 41.0165673 ], [ 28.9666388, 41.0165415 ], [ 28.9660975, 41.0165552 ], [ 28.9654106, 41.0167658 ], [ 28.9649587, 41.016973 ], [ 28.9647621, 41.017059 ], [ 28.9644089, 41.0172184 ], [ 28.9642871, 41.0172479 ], [ 28.9636647, 41.0173613 ], [ 28.9631284, 41.0174282 ] ] ] } },
{ "type": "Feature", "properties": { "name": "Sarıdemir", "osm_relation": 7648832, "zone_id": "Z034", "image_count": 4596, "area_km2": 0.10679424517609115, "eligible_km": 3.0394069248715869, "covered_km": 2.3129792059486896, "coverage_pct": 76.099688627458519, "image_density_per_km2": 43036.026823559048, "images_per_eligible_km": 1512.1371088519772 }, "geometry": { "type": "Polygon", "coordinates": [ [ [ 28.9619023, 41.0226698 ], [ 28.9622575, 41.0228466 ], [ 28.962533, 41.0229812 ], [ 28.9626836, 41.02304 ], [ 28.9627738, 41.0229213 ], [ 28.962854088410413, 41.022950487418818 ], [ 28.9628893, 41.022932 ], [ 28.963103, 41.0228715 ], [ 28.9634645, 41.0225076 ], [ 28.9634472, 41.0223043 ], [ 28.9634246, 41.0220551 ], [ 28.9634233, 41.021790299999985 ], [ 28.9634318, 41.0217228 ], [ 28.9634595, 41.0216761 ], [ 28.9635111, 41.0216026 ], [ 28.9635484, 41.021529899999983 ], [ 28.963583, 41.0214751 ], [ 28.9638155, 41.0212751 ], [ 28.9637936, 41.0212595 ], [ 28.9641364, 41.0210079 ], [ 28.9643319, 41.020935700000017 ], [ 28.964595, 41.020884599999988 ], [ 28.9650291, 41.0207 ], [ 28.9651186, 41.0207323 ], [ 28.9654492, 41.0207418 ], [ 28.9659721, 41.0204267 ], [ 28.9659124, 41.0198057 ], [ 28.9660249, 41.0196237 ], [ 28.9662921, 41.0194711 ], [ 28.9670166, 41.0196395 ], [ 28.9672869, 41.0197322 ], [ 28.9674211, 41.0195647 ], [ 28.9675863, 41.0195051 ], [ 28.9677931, 41.0194656 ], [ 28.9687529, 41.0194317 ], [ 28.9687577, 41.0195143 ], [ 28.9688726, 41.019512699999986 ], [ 28.9689666, 41.0195209 ], [ 28.968972, 41.019433499999984 ], [ 28.96899, 41.0194416 ], [ 28.9689312, 41.0189876 ], [ 28.9689439, 41.0185804 ], [ 28.9686585, 41.0179758 ], [ 28.9685786, 41.0178525 ], [ 28.9683423, 41.0176326 ], [ 28.9683663, 41.0175894 ], [ 28.9683664, 41.0175807 ], [ 28.9683294, 41.0175335 ], [ 28.968279, 41.0174809 ], [ 28.9682319, 41.0174147 ], [ 28.9681898, 41.0173728 ], [ 28.9680795, 41.01727910000001 ], [ 28.9677511, 41.0174818 ], [ 28.9674848, 41.0176545 ], [ 28.9674384, 41.0177113 ], [ 28.9673759, 41.0177627 ], [ 28.9671082, 41.0178929 ], [ 28.9667865, 41.0181607 ], [ 28.9666162, 41.0182356 ], [ 28.9664649, 41.0183157 ], [ 28.9663448, 41.0183916 ], [ 28.966281, 41.0184583 ], [ 28.9659788, 41.0185041 ], [ 28.9658671, 41.018543 ], [ 28.9657416, 41.01860580000001 ], [ 28.965541, 41.0186824 ], [ 28.9655063, 41.0187004 ], [ 28.9653468, 41.018753 ], [ 28.9648766, 41.018893399999989 ], [ 28.9647166, 41.0189525 ], [ 28.9646797, 41.0189725 ], [ 28.9646561, 41.0189895 ], [ 28.9645959, 41.0190525 ], [ 28.9645563, 41.0191143 ], [ 28.9645224, 41.0191879 ], [ 28.9645066, 41.0192066 ], [ 28.9644566, 41.0192882 ], [ 28.9643208, 41.019465699999984 ], [ 28.9643027, 41.0194955 ], [ 28.9643774, 41.0195457 ], [ 28.9644216, 41.0197432 ], [ 28.9641386, 41.0199449 ], [ 28.9637231, 41.0202452 ], [ 28.9634494, 41.020484 ], [ 28.9625148, 41.0213593 ], [ 28.9624368, 41.0214634 ], [ 28.962234, 41.0217364 ], [ 28.9620388, 41.0219397 ], [ 28.9618974, 41.0220451 ], [ 28.9616748, 41.0221899 ], [ 28.9615133, 41.0223046 ], [ 28.9614215, 41.0224057 ], [ 28.9619023, 41.0226698 ] ] ] } },
{ "type": "Feature", "properties": { "name": "Süleymaniye", "osm_relation": 7648833, "zone_id": "Z035", "image_count": 4760, "area_km2": 0.29116893471741029, "eligible_km": 5.7402648419637368, "covered_km": 3.5436612058537236, "coverage_pct": 61.733409579782418, "image_density_per_km2": 16347.897843634135, "images_per_eligible_km": 829.23003224562206 }, "geometry": { "type": "Polygon", "coordinates": [ [ [ 28.9611249, 41.0111917 ], [ 28.961075, 41.0115238 ], [ 28.9611501, 41.0116753 ], [ 28.9613417, 41.0119957 ], [ 28.9611885, 41.0126319 ], [ 28.9611588, 41.0129609 ], [ 28.9611535, 41.0132411 ], [ 28.9611456, 41.0133453 ], [ 28.9611589, 41.0134178 ], [ 28.9611473, 41.0135809 ], [ 28.9611527, 41.0140664 ], [ 28.9611763, 41.0142584 ], [ 28.9613006, 41.0150152 ], [ 28.9612943, 41.0153873 ], [ 28.9612521, 41.0156258 ], [ 28.961733, 41.0159774 ], [ 28.9621091, 41.0162749 ], [ 28.9622356, 41.016375 ], [ 28.9623365, 41.0164333 ], [ 28.9636647, 41.0173613 ], [ 28.9642871, 41.0172479 ], [ 28.9644089, 41.0172184 ], [ 28.9647621, 41.017059 ], [ 28.9649587, 41.016973 ], [ 28.9654106, 41.0167658 ], [ 28.9660975, 41.0165552 ], [ 28.9666388, 41.0165415 ], [ 28.96677, 41.0165673 ], [ 28.9668297, 41.016674900000012 ], [ 28.9668047, 41.016761 ], [ 28.9668111, 41.0168333 ], [ 28.9668233, 41.0169471 ], [ 28.9669569, 41.016926 ], [ 28.9669901, 41.0169236 ], [ 28.9670132, 41.0169262 ], [ 28.9670363, 41.0169346 ], [ 28.9670569, 41.0169668 ], [ 28.9672733, 41.0169044 ], [ 28.9675033, 41.0168702 ], [ 28.9678307, 41.0168168 ], [ 28.9678247, 41.0168056 ], [ 28.9678094, 41.0167206 ], [ 28.9677693, 41.016623299999985 ], [ 28.9677178, 41.0164386 ], [ 28.9676566, 41.0161593 ], [ 28.9676114, 41.0159951 ], [ 28.9675905, 41.0159324 ], [ 28.9675795, 41.015889 ], [ 28.9675575, 41.0158698 ], [ 28.9675393, 41.0158516 ], [ 28.9675314, 41.0157923 ], [ 28.967523, 41.0157427 ], [ 28.967469, 41.015593 ], [ 28.9674158, 41.0151819 ], [ 28.9674244, 41.0151437 ], [ 28.9673682, 41.0151394 ], [ 28.967153, 41.0151314 ], [ 28.9668061, 41.0150866 ], [ 28.9667092, 41.0150689 ], [ 28.9666423, 41.0150502 ], [ 28.9665963, 41.0150437 ], [ 28.9662811, 41.0150204 ], [ 28.9660516, 41.0149315 ], [ 28.9660477, 41.0149187 ], [ 28.9659693, 41.0141667 ], [ 28.9659693, 41.0134687 ], [ 28.9660383, 41.0130295 ], [ 28.9661025, 41.0120783 ], [ 28.9661082, 41.0117692 ], [ 28.966075, 41.0116269 ], [ 28.9651444, 41.0110252 ], [ 28.9647976, 41.0109053 ], [ 28.9644099, 41.0107803 ], [ 28.9642382, 41.010756199999989 ], [ 28.9639402, 41.010717499999984 ], [ 28.9635086, 41.0106525 ], [ 28.9630489, 41.0106381 ], [ 28.9624829, 41.0105961 ], [ 28.9619972, 41.0105844 ], [ 28.9617649, 41.0105998 ], [ 28.9615937, 41.0107434 ], [ 28.9614377, 41.0107805 ], [ 28.961312, 41.0108941 ], [ 28.9611034, 41.0110705 ], [ 28.9611249, 41.0111917 ] ] ] } },
{ "type": "Feature", "properties": { "name": "Balabanağa", "osm_relation": 7648834, "zone_id": "Z036", "image_count": 668, "area_km2": 0.11080007644347163, "eligible_km": 2.7423412372725551, "covered_km": 1.9704027019654151, "coverage_pct": 71.851113026514327, "image_density_per_km2": 6028.876706965113, "images_per_eligible_km": 243.58748317710143 }, "geometry": { "type": "Polygon", "coordinates": [ [ [ 28.9572609, 41.0097355 ], [ 28.957265, 41.0099771 ], [ 28.9572724, 41.0103049 ], [ 28.9572673, 41.0107989 ], [ 28.9572667, 41.0109934 ], [ 28.9572971, 41.0112282 ], [ 28.9575674, 41.0116312 ], [ 28.9590594, 41.0120848 ], [ 28.9591356, 41.0121149 ], [ 28.9594868, 41.0122034 ], [ 28.9598795, 41.012023499999984 ], [ 28.96005, 41.0119263 ], [ 28.9602314, 41.0117879 ], [ 28.9604255, 41.011599800000013 ], [ 28.9607532, 41.0113298 ], [ 28.9608311, 41.0112785 ], [ 28.9611034, 41.0110705 ], [ 28.961312, 41.0108941 ], [ 28.9614377, 41.0107805 ], [ 28.9615937, 41.0107434 ], [ 28.9617649, 41.0105998 ], [ 28.9619972, 41.0105844 ], [ 28.9624829, 41.0105961 ], [ 28.9630489, 41.0106381 ], [ 28.9635086, 41.0106525 ], [ 28.9639402, 41.010717499999984 ], [ 28.9642382, 41.010756199999989 ], [ 28.9644099, 41.0107803 ], [ 28.9640002, 41.0093732 ], [ 28.963392, 41.009419099999988 ], [ 28.9632318, 41.0094378 ], [ 28.9627248, 41.009528 ], [ 28.9623361, 41.0095692 ], [ 28.962083, 41.0095933 ], [ 28.9614058, 41.0096343 ], [ 28.9608022, 41.0096325 ], [ 28.9603013, 41.0096367 ], [ 28.9592481, 41.0096512 ], [ 28.9588572, 41.0096546 ], [ 28.9585693, 41.0096507 ], [ 28.9580041, 41.0096201 ], [ 28.9572483, 41.0095597 ], [ 28.9572609, 41.0097355 ] ] ] } },
{ "type": "Feature", "properties": { "name": "Nişanca", "osm_relation": 7648835, "zone_id": "Z037", "image_count": 766, "area_km2": 0.2068862353053886, "eligible_km": 7.4254136373832038, "covered_km": 2.160351411756039, "coverage_pct": 29.094021117958487, "image_density_per_km2": 3702.5179508404376, "images_per_eligible_km": 103.1592362940668 }, "geometry": { "type": "Polygon", "coordinates": [ [ [ 28.9570895, 41.0022854 ], [ 28.9567072, 41.0045578 ], [ 28.9567656, 41.0047519 ], [ 28.9569395, 41.0051954 ], [ 28.9572039, 41.0051968 ], [ 28.9573974, 41.0056495 ], [ 28.957675, 41.0062473 ], [ 28.957919, 41.0069392 ], [ 28.9585618, 41.0067612 ], [ 28.958976, 41.006628 ], [ 28.9590926, 41.0068181 ], [ 28.9592789, 41.0070959 ], [ 28.9593562, 41.0072201 ], [ 28.9590911, 41.0073163 ], [ 28.9592127, 41.0075478 ], [ 28.9592992, 41.007524499999988 ], [ 28.9593837, 41.007624399999983 ], [ 28.9594181, 41.0076513 ], [ 28.9597197, 41.0075753 ], [ 28.9597663, 41.0075806 ], [ 28.9598296, 41.007607 ], [ 28.9600007, 41.0077742 ], [ 28.960033, 41.007789899999985 ], [ 28.9600667, 41.0077968 ], [ 28.9600912, 41.0078394 ], [ 28.9601595, 41.007935 ], [ 28.9602199, 41.0081337 ], [ 28.9604796, 41.00866340000001 ], [ 28.9608997, 41.0086712 ], [ 28.9611544, 41.008598 ], [ 28.9612983, 41.008508799999987 ], [ 28.9618672, 41.0083566 ], [ 28.962157, 41.0082269 ], [ 28.9623094, 41.0081586 ], [ 28.9621371, 41.0078917 ], [ 28.9619681, 41.0076307 ], [ 28.9619498, 41.0075869 ], [ 28.9617881, 41.007274599999988 ], [ 28.9624231, 41.0070706 ], [ 28.9623855, 41.0069692 ], [ 28.9621804, 41.0065802 ], [ 28.9620052, 41.0062598 ], [ 28.9619945, 41.0062177 ], [ 28.9618573, 41.00594 ], [ 28.9617232, 41.0057582 ], [ 28.9611705, 41.0049862 ], [ 28.9610648, 41.004716 ], [ 28.9608279, 41.0043366 ], [ 28.9606961, 41.004171 ], [ 28.9606429, 41.0040443 ], [ 28.9605081, 41.0038118 ], [ 28.9599495, 41.0033053 ], [ 28.9596203, 41.0032663 ], [ 28.9595522, 41.0018331 ], [ 28.9595159, 41.0016147 ], [ 28.9589005, 41.0017648 ], [ 28.9585377, 41.0018411 ], [ 28.9583233, 41.001306100000015 ], [ 28.9582461, 41.0010903 ], [ 28.9582214, 41.0010664 ], [ 28.9581975, 41.0010632 ], [ 28.9581571, 41.0010817 ], [ 28.9581472, 41.0011218 ], [ 28.9582141, 41.0012967 ], [ 28.9584351, 41.0018663 ], [ 28.9573137, 41.0020517 ], [ 28.9571416, 41.0021625 ], [ 28.9571226, 41.0021747 ], [ 28.9570334, 41.0022321 ], [ 28.9570895, 41.0022854 ] ] ] } },
{ "type": "Feature", "properties": { "name": "Tahtakale", "osm_relation": 7648836, "zone_id": "Z038", "image_count": 1503, "area_km2": 0.04730586162708865, "eligible_km": 1.4940375007495645, "covered_km": 1.1136393095868999, "coverage_pct": 74.538912780180056, "image_density_per_km2": 31771.961196862347, "images_per_eligible_km": 1005.9988449057931 }, "geometry": { "type": "Polygon", "coordinates": [ [ [ 28.9674158, 41.0151819 ], [ 28.967469, 41.015593 ], [ 28.967523, 41.0157427 ], [ 28.9675314, 41.0157923 ], [ 28.9675393, 41.0158516 ], [ 28.9675575, 41.0158698 ], [ 28.9675795, 41.015889 ], [ 28.9675905, 41.0159324 ], [ 28.9676114, 41.0159951 ], [ 28.9676566, 41.0161593 ], [ 28.9677178, 41.0164386 ], [ 28.9677693, 41.016623299999985 ], [ 28.9678094, 41.0167206 ], [ 28.9678247, 41.0168056 ], [ 28.9678307, 41.0168168 ], [ 28.9678399, 41.016831 ], [ 28.9679263, 41.0170815 ], [ 28.9679981, 41.0171855 ], [ 28.9680795, 41.01727910000001 ], [ 28.9681898, 41.0173728 ], [ 28.9682319, 41.0174147 ], [ 28.968279, 41.0174809 ], [ 28.9683294, 41.0175335 ], [ 28.9683664, 41.0175807 ], [ 28.9683946, 41.0175757 ], [ 28.968575, 41.0174748 ], [ 28.9686847, 41.017422 ], [ 28.9691936, 41.0171513 ], [ 28.9695114, 41.0170042 ], [ 28.9703131, 41.0165471 ], [ 28.9702093, 41.01641870000001 ], [ 28.9703862, 41.0163197 ], [ 28.9700865, 41.0159012 ], [ 28.9698786, 41.01564 ], [ 28.9698583, 41.0156193 ], [ 28.9697466, 41.0154473 ], [ 28.9696223, 41.0152303 ], [ 28.9694984, 41.0149813 ], [ 28.9694713, 41.0149451 ], [ 28.9694257, 41.0149636 ], [ 28.9692481, 41.0149848 ], [ 28.9684549, 41.01505980000001 ], [ 28.9681289, 41.0150758 ], [ 28.96753, 41.0151262 ], [ 28.9674244, 41.0151437 ], [ 28.9674158, 41.0151819 ] ] ] } },
{ "type": "Feature", "properties": { "name": "Rüstempaşa", "osm_relation": 7648837, "zone_id": "Z039", "image_count": 4824, "area_km2": 0.10344076712813839, "eligible_km": 3.957287024403223, "covered_km": 3.3283627195563139, "coverage_pct": 84.107185024271672, "image_density_per_km2": 46635.385002744777, "images_per_eligible_km": 1219.0169604206258 }, "geometry": { "type": "Polygon", "coordinates": [ [ [ 28.9683663, 41.0175894 ], [ 28.9683423, 41.0176326 ], [ 28.9685786, 41.0178525 ], [ 28.9686585, 41.0179758 ], [ 28.9689439, 41.0185804 ], [ 28.9689312, 41.0189876 ], [ 28.96899, 41.0194416 ], [ 28.9691454, 41.0195119 ], [ 28.9693205, 41.0195583 ], [ 28.9696293, 41.0196342 ], [ 28.9701334, 41.0189213 ], [ 28.9701878, 41.0188964 ], [ 28.970211, 41.0189254 ], [ 28.9704378, 41.0188274 ], [ 28.9706437, 41.0187402 ], [ 28.9706182, 41.018701 ], [ 28.9711971, 41.0184027 ], [ 28.9712713, 41.0183672 ], [ 28.9713607, 41.0183204 ], [ 28.9716063, 41.0183391 ], [ 28.9716407, 41.0183258 ], [ 28.9716619, 41.0183176 ], [ 28.9716762, 41.0183121 ], [ 28.9718821, 41.0182325 ], [ 28.9718616, 41.0181325 ], [ 28.9718068, 41.0179343 ], [ 28.971822, 41.0178533 ], [ 28.9718404, 41.0178144 ], [ 28.9718912, 41.0177397 ], [ 28.9719357, 41.017686 ], [ 28.9720641, 41.017591 ], [ 28.9721661, 41.0175378 ], [ 28.9722439, 41.0175114 ], [ 28.9723952, 41.0174782 ], [ 28.9728879, 41.0174405 ], [ 28.9724259, 41.0163631 ], [ 28.9722313, 41.0160989 ], [ 28.9721133, 41.0159749 ], [ 28.9717977, 41.0156746 ], [ 28.9717561, 41.015611199999988 ], [ 28.9717293, 41.015555199999987 ], [ 28.9716724, 41.0154557 ], [ 28.9714313, 41.0150436 ], [ 28.9713615, 41.0149933 ], [ 28.9712776, 41.0149162 ], [ 28.9712032, 41.01483 ], [ 28.9711266, 41.014632 ], [ 28.9709463, 41.01464330000001 ], [ 28.9705357, 41.0146844 ], [ 28.9703784, 41.0146801 ], [ 28.9702471, 41.0146674 ], [ 28.9701984, 41.0146713 ], [ 28.969883, 41.014773199999986 ], [ 28.9695152, 41.0149191 ], [ 28.9694713, 41.0149451 ], [ 28.9694984, 41.0149813 ], [ 28.9696223, 41.0152303 ], [ 28.9697466, 41.0154473 ], [ 28.9698583, 41.0156193 ], [ 28.9698786, 41.01564 ], [ 28.9700865, 41.0159012 ], [ 28.9703862, 41.0163197 ], [ 28.9702093, 41.01641870000001 ], [ 28.9703131, 41.0165471 ], [ 28.9695114, 41.0170042 ], [ 28.9691936, 41.0171513 ], [ 28.9686847, 41.017422 ], [ 28.968575, 41.0174748 ], [ 28.9683946, 41.0175757 ], [ 28.9683664, 41.0175807 ], [ 28.9683663, 41.0175894 ] ] ] } },
{ "type": "Feature", "properties": { "name": "Mercan", "osm_relation": 7648838, "zone_id": "Z040", "image_count": 595, "area_km2": 0.08150538152299569, "eligible_km": 2.3498993543988598, "covered_km": 1.085286566435431, "coverage_pct": 46.18438506329408, "image_density_per_km2": 7300.1314622658192, "images_per_eligible_km": 253.20233348981455 }, "geometry": { "type": "Polygon", "coordinates": [ [ [ 28.9660383, 41.0130295 ], [ 28.9659693, 41.0134687 ], [ 28.9659693, 41.0141667 ], [ 28.9660477, 41.0149187 ], [ 28.9660516, 41.0149315 ], [ 28.9662811, 41.0150204 ], [ 28.9665963, 41.0150437 ], [ 28.9666423, 41.0150502 ], [ 28.9667092, 41.0150689 ], [ 28.9668061, 41.0150866 ], [ 28.967153, 41.0151314 ], [ 28.9673682, 41.0151394 ], [ 28.9674244, 41.0151437 ], [ 28.96753, 41.0151262 ], [ 28.9681289, 41.0150758 ], [ 28.9684549, 41.01505980000001 ], [ 28.9692481, 41.0149848 ], [ 28.9694257, 41.0149636 ], [ 28.9694713, 41.0149451 ], [ 28.9695152, 41.0149191 ], [ 28.969883, 41.014773199999986 ], [ 28.9701984, 41.0146713 ], [ 28.9702471, 41.0146674 ], [ 28.9702247, 41.0146157 ], [ 28.9700828, 41.0144441 ], [ 28.9700616, 41.0144091 ], [ 28.9700444, 41.0143333 ], [ 28.9700348, 41.0142115 ], [ 28.9700593, 41.0139519 ], [ 28.9700712, 41.013938 ], [ 28.9700956, 41.0139238 ], [ 28.9700237, 41.0139325 ], [ 28.9699869, 41.0139227 ], [ 28.969737, 41.0137986 ], [ 28.9690265, 41.0133623 ], [ 28.9687646, 41.0132713 ], [ 28.9685137, 41.0130903 ], [ 28.9684302, 41.0130445 ], [ 28.9679576, 41.0129146 ], [ 28.9676842, 41.0128473 ], [ 28.9675652, 41.012836299999989 ], [ 28.967462, 41.0123682 ], [ 28.9674662, 41.01222210000001 ], [ 28.9674148, 41.0122223 ], [ 28.96709, 41.0121685 ], [ 28.9664959, 41.0120877 ], [ 28.9661025, 41.0120783 ], [ 28.9660383, 41.0130295 ] ] ] } },
{ "type": "Feature", "properties": { "name": "Taya Hatun", "osm_relation": 7648839, "zone_id": "Z041", "image_count": 138, "area_km2": 0.051101573991062618, "eligible_km": 1.6592105205535288, "covered_km": 0.46776913072624932, "coverage_pct": 28.192271259839707, "image_density_per_km2": 2700.5039027591488, "images_per_eligible_km": 83.172085935160212 }, "geometry": { "type": "Polygon", "coordinates": [ [ [ 28.967462, 41.0123682 ], [ 28.9675652, 41.012836299999989 ], [ 28.9676842, 41.0128473 ], [ 28.9679576, 41.0129146 ], [ 28.9684302, 41.0130445 ], [ 28.9685137, 41.0130903 ], [ 28.9687646, 41.0132713 ], [ 28.9690265, 41.0133623 ], [ 28.969737, 41.0137986 ], [ 28.9699869, 41.0139227 ], [ 28.9700237, 41.0139325 ], [ 28.9700956, 41.0139238 ], [ 28.9701301, 41.0139125 ], [ 28.970165, 41.0138937 ], [ 28.9702388, 41.0137784 ], [ 28.9703289, 41.0136064 ], [ 28.9703958, 41.0134458 ], [ 28.9704536, 41.0132174 ], [ 28.9705032, 41.012944299999987 ], [ 28.9705493, 41.01265 ], [ 28.9705743, 41.0123047 ], [ 28.9705805, 41.0120618 ], [ 28.9705943, 41.0119927 ], [ 28.9705894, 41.0119634 ], [ 28.9705482, 41.0118707 ], [ 28.9704081, 41.0116724 ], [ 28.970389, 41.0116619 ], [ 28.9700985, 41.0113678 ], [ 28.9700748, 41.0113316 ], [ 28.9699794, 41.0112595 ], [ 28.9698577, 41.0111927 ], [ 28.9697146, 41.0111339 ], [ 28.9695874, 41.0111232 ], [ 28.9691146, 41.0110766 ], [ 28.9688455, 41.0110454 ], [ 28.9688367, 41.0111138 ], [ 28.9686872, 41.0113468 ], [ 28.9686661, 41.0113963 ], [ 28.9686374, 41.011579 ], [ 28.9685802, 41.011639099999989 ], [ 28.9684753, 41.011721 ], [ 28.9682936, 41.0118773 ], [ 28.9681786, 41.012072 ], [ 28.967986, 41.0122904 ], [ 28.967666, 41.0121728 ], [ 28.9674799, 41.0121348 ], [ 28.9674662, 41.01222210000001 ], [ 28.967462, 41.0123682 ] ] ] } },
{ "type": "Feature", "properties": { "name": "Beyazıt", "osm_relation": 7648840, "zone_id": "Z042", "image_count": 617, "area_km2": 0.11033494873955217, "eligible_km": 5.8422455158738718, "covered_km": 1.2349734220028319, "coverage_pct": 21.138677220039884, "image_density_per_km2": 5592.0631409041634, "images_per_eligible_km": 105.61007720808021 }, "geometry": { "type": "Polygon", "coordinates": [ [ [ 28.9644099, 41.0107803 ], [ 28.9647976, 41.0109053 ], [ 28.9651444, 41.0110252 ], [ 28.966075, 41.0116269 ], [ 28.9661082, 41.0117692 ], [ 28.9661025, 41.0120783 ], [ 28.9664959, 41.0120877 ], [ 28.96709, 41.0121685 ], [ 28.9674148, 41.0122223 ], [ 28.9674662, 41.01222210000001 ], [ 28.9674799, 41.0121348 ], [ 28.967666, 41.0121728 ], [ 28.967986, 41.0122904 ], [ 28.9681786, 41.012072 ], [ 28.9682936, 41.0118773 ], [ 28.9684753, 41.011721 ], [ 28.9685802, 41.011639099999989 ], [ 28.9686374, 41.011579 ], [ 28.9686661, 41.0113963 ], [ 28.9686872, 41.0113468 ], [ 28.9688367, 41.0111138 ], [ 28.9688455, 41.0110454 ], [ 28.9691146, 41.0110766 ], [ 28.9695874, 41.0111232 ], [ 28.9697146, 41.0111339 ], [ 28.9697199, 41.0110799 ], [ 28.9697279, 41.0109115 ], [ 28.9697382, 41.0108343 ], [ 28.9697862, 41.0106919 ], [ 28.969804, 41.0106665 ], [ 28.9698824, 41.010633 ], [ 28.9698962, 41.01059080000001 ], [ 28.9699521, 41.0100984 ], [ 28.9699959, 41.0100601 ], [ 28.9699989, 41.0096687 ], [ 28.9700419, 41.00957910000001 ], [ 28.9699523, 41.0096337 ], [ 28.9694523, 41.0097601 ], [ 28.9694148, 41.009762699999989 ], [ 28.9687885, 41.0098895 ], [ 28.9687535, 41.0099302 ], [ 28.9686803, 41.0100919 ], [ 28.9678746, 41.0099631 ], [ 28.9676947, 41.0099314 ], [ 28.9674819, 41.00988730000001 ], [ 28.967448, 41.0098708 ], [ 28.9674477, 41.0097563 ], [ 28.967386, 41.009312199999989 ], [ 28.967493, 41.0088553 ], [ 28.9673119, 41.008883 ], [ 28.967186, 41.0089196 ], [ 28.9661711, 41.0091084 ], [ 28.9652368, 41.009263300000015 ], [ 28.9649677, 41.0092966 ], [ 28.9640002, 41.0093732 ], [ 28.9644099, 41.0107803 ] ] ] } },
{ "type": "Feature", "properties": { "name": "Mimar Kemalettin", "osm_relation": 7648841, "zone_id": "Z043", "image_count": 343, "area_km2": 0.15130297898534395, "eligible_km": 4.7624264805821053, "covered_km": 1.2577982534615835, "coverage_pct": 26.410869723449135, "image_density_per_km2": 2266.9745321618875, "images_per_eligible_km": 72.022109191295186 }, "geometry": { "type": "Polygon", "coordinates": [ [ [ 28.9562549, 41.0076678 ], [ 28.9562523, 41.0078184 ], [ 28.9562437, 41.0082052 ], [ 28.9571442, 41.0081954 ], [ 28.9577069, 41.008233 ], [ 28.9576805, 41.0085363 ], [ 28.9575216, 41.0089892 ], [ 28.9573227, 41.0094094 ], [ 28.9572483, 41.0095597 ], [ 28.9580041, 41.0096201 ], [ 28.9585693, 41.0096507 ], [ 28.9588572, 41.0096546 ], [ 28.9592481, 41.0096512 ], [ 28.9603013, 41.0096367 ], [ 28.9608022, 41.0096325 ], [ 28.9614058, 41.0096343 ], [ 28.962083, 41.0095933 ], [ 28.9623361, 41.0095692 ], [ 28.9627248, 41.009528 ], [ 28.9632318, 41.0094378 ], [ 28.963392, 41.009419099999988 ], [ 28.9640002, 41.0093732 ], [ 28.9649677, 41.0092966 ], [ 28.9652368, 41.009263300000015 ], [ 28.9661711, 41.0091084 ], [ 28.9661399, 41.0090394 ], [ 28.9655587, 41.0079552 ], [ 28.9654163, 41.0075402 ], [ 28.9654138, 41.0074446 ], [ 28.9653344, 41.0073803 ], [ 28.9649696, 41.0074585 ], [ 28.9645405, 41.0076116 ], [ 28.9639953, 41.0077416 ], [ 28.963905, 41.0077678 ], [ 28.9624887, 41.0080667 ], [ 28.9623094, 41.0081586 ], [ 28.962157, 41.0082269 ], [ 28.9618672, 41.0083566 ], [ 28.9612983, 41.008508799999987 ], [ 28.9611544, 41.008598 ], [ 28.9608997, 41.0086712 ], [ 28.9604796, 41.00866340000001 ], [ 28.9602199, 41.0081337 ], [ 28.9601595, 41.007935 ], [ 28.9600912, 41.0078394 ], [ 28.9600667, 41.0077968 ], [ 28.960033, 41.007789899999985 ], [ 28.9600007, 41.0077742 ], [ 28.9598296, 41.007607 ], [ 28.9597663, 41.0075806 ], [ 28.9597197, 41.0075753 ], [ 28.9594181, 41.0076513 ], [ 28.9593837, 41.007624399999983 ], [ 28.9592992, 41.007524499999988 ], [ 28.9592127, 41.0075478 ], [ 28.9590911, 41.0073163 ], [ 28.9593562, 41.0072201 ], [ 28.9592789, 41.0070959 ], [ 28.9590926, 41.0068181 ], [ 28.958976, 41.006628 ], [ 28.9585618, 41.0067612 ], [ 28.957919, 41.0069392 ], [ 28.9572834, 41.0070782 ], [ 28.9569602, 41.0070849 ], [ 28.9563637, 41.0071433 ], [ 28.956248, 41.007149300000016 ], [ 28.9562549, 41.0076678 ] ] ] } },
{ "type": "Feature", "properties": { "name": "Saraç İshak", "osm_relation": 7648842, "zone_id": "Z044", "image_count": 83, "area_km2": 0.066295977456582361, "eligible_km": 2.3036548257519396, "covered_km": 0.12293108147062631, "coverage_pct": 5.3363498774387859, "image_density_per_km2": 1251.9613283378649, "images_per_eligible_km": 36.02970335319565 }, "geometry": { "type": "Polygon", "coordinates": [ [ [ 28.9618573, 41.00594 ], [ 28.9619945, 41.0062177 ], [ 28.9620052, 41.0062598 ], [ 28.9621804, 41.0065802 ], [ 28.9623855, 41.0069692 ], [ 28.9624231, 41.0070706 ], [ 28.9617881, 41.007274599999988 ], [ 28.9619498, 41.0075869 ], [ 28.9619681, 41.0076307 ], [ 28.9621371, 41.0078917 ], [ 28.9623094, 41.0081586 ], [ 28.9624887, 41.0080667 ], [ 28.963905, 41.0077678 ], [ 28.9639953, 41.0077416 ], [ 28.9645405, 41.0076116 ], [ 28.9649696, 41.0074585 ], [ 28.9653344, 41.0073803 ], [ 28.9652646, 41.007122699999989 ], [ 28.9645531, 41.0055581 ], [ 28.9645089, 41.005471800000016 ], [ 28.964406, 41.00532470000001 ], [ 28.9642718, 41.005081199999985 ], [ 28.9636696, 41.0051902 ], [ 28.9636036, 41.0051965 ], [ 28.9632927, 41.0052784 ], [ 28.963105, 41.0053622 ], [ 28.9630612, 41.00539160000001 ], [ 28.9628774, 41.0054747 ], [ 28.962634, 41.0055823 ], [ 28.9624615, 41.0056484 ], [ 28.9623656, 41.0056727 ], [ 28.9622771, 41.0056846 ], [ 28.9617232, 41.0057582 ], [ 28.9618573, 41.00594 ] ] ] } },
{ "type": "Feature", "properties": { "name": "Mimar Hayrettin", "osm_relation": 7648843, "zone_id": "Z045", "image_count": 153, "area_km2": 0.11056991102542382, "eligible_km": 4.1677479300997655, "covered_km": 0.16004822398895027, "coverage_pct": 3.8401608416159445, "image_density_per_km2": 1383.7399214766488, "images_per_eligible_km": 36.710473513770673 }, "geometry": { "type": "Polygon", "coordinates": [ [ [ 28.964406, 41.00532470000001 ], [ 28.9645089, 41.005471800000016 ], [ 28.9645531, 41.0055581 ], [ 28.9652646, 41.007122699999989 ], [ 28.9653344, 41.0073803 ], [ 28.9654138, 41.0074446 ], [ 28.9654163, 41.0075402 ], [ 28.9655587, 41.0079552 ], [ 28.9661399, 41.0090394 ], [ 28.9661711, 41.0091084 ], [ 28.967186, 41.0089196 ], [ 28.9673119, 41.008883 ], [ 28.967493, 41.0088553 ], [ 28.9678535, 41.0088212 ], [ 28.9681688, 41.008779 ], [ 28.9687174, 41.00866460000001 ], [ 28.9688283, 41.0086498 ], [ 28.9691189, 41.0086209 ], [ 28.9693942, 41.0085918 ], [ 28.9693833, 41.0085383 ], [ 28.9691938, 41.0080125 ], [ 28.9688488, 41.0070967 ], [ 28.9685631, 41.007119 ], [ 28.9683715, 41.007124 ], [ 28.9681927, 41.0067537 ], [ 28.9679622, 41.0062936 ], [ 28.9679604, 41.0062647 ], [ 28.9669262, 41.0064804 ], [ 28.9668332, 41.0060972 ], [ 28.9667555, 41.0057253 ], [ 28.9667249, 41.0056454 ], [ 28.9666799, 41.0054802 ], [ 28.9665778, 41.0050296 ], [ 28.9665589, 41.0049261 ], [ 28.9664597, 41.0045343 ], [ 28.9662977, 41.0045579 ], [ 28.9661633, 41.0045982 ], [ 28.9659194, 41.0046594 ], [ 28.9658537, 41.0046701 ], [ 28.9653841, 41.0047896 ], [ 28.9651173, 41.00485 ], [ 28.9642718, 41.005081199999985 ], [ 28.964406, 41.00532470000001 ] ] ] } },
{ "type": "Feature", "properties": { "name": "Muhsine Hatun", "osm_relation": 7648845, "zone_id": "Z046", "image_count": 733, "area_km2": 0.12690878882985984, "eligible_km": 3.9438791510914601, "covered_km": 2.2732096667052288, "coverage_pct": 57.638928060869283, "image_density_per_km2": 5775.8017136440867, "images_per_eligible_km": 185.85762187899286 }, "geometry": { "type": "Polygon", "coordinates": [ [ [ 28.9595522, 41.0018331 ], [ 28.9596203, 41.0032663 ], [ 28.9599495, 41.0033053 ], [ 28.9605081, 41.0038118 ], [ 28.9606429, 41.0040443 ], [ 28.9606961, 41.004171 ], [ 28.9608279, 41.0043366 ], [ 28.9610648, 41.004716 ], [ 28.9611705, 41.0049862 ], [ 28.9617232, 41.0057582 ], [ 28.9622771, 41.0056846 ], [ 28.9623656, 41.0056727 ], [ 28.9624615, 41.0056484 ], [ 28.962634, 41.0055823 ], [ 28.9628774, 41.0054747 ], [ 28.9630612, 41.00539160000001 ], [ 28.963105, 41.0053622 ], [ 28.9632927, 41.0052784 ], [ 28.9636036, 41.0051965 ], [ 28.9636696, 41.0051902 ], [ 28.9642718, 41.005081199999985 ], [ 28.9651173, 41.00485 ], [ 28.9650914, 41.0048077 ], [ 28.9648211, 41.004389099999983 ], [ 28.964703, 41.0042947 ], [ 28.9646619, 41.00418220000001 ], [ 28.9644578, 41.0040875 ], [ 28.9642422, 41.0040103 ], [ 28.9641981, 41.0039913 ], [ 28.9641498, 41.003945399999985 ], [ 28.9637943, 41.0036588 ], [ 28.9637354, 41.0036068 ], [ 28.9635412, 41.0032346 ], [ 28.9635151, 41.0022965 ], [ 28.9628868, 41.00229980000001 ], [ 28.9628838, 41.0019723 ], [ 28.9628149, 41.00197 ], [ 28.9628039, 41.002291 ], [ 28.9622333, 41.0022877 ], [ 28.9622352, 41.0019264 ], [ 28.9621578, 41.0019262 ], [ 28.9621558, 41.002287499999987 ], [ 28.9615371, 41.0022883 ], [ 28.9615364, 41.001969899999985 ], [ 28.9614656, 41.00197 ], [ 28.9614663, 41.0022884 ], [ 28.9614559, 41.0022884 ], [ 28.9608645, 41.0020846 ], [ 28.9613466, 41.001433 ], [ 28.9616163, 41.0012345 ], [ 28.9618234, 41.0011515 ], [ 28.96205, 41.0010977 ], [ 28.9622502, 41.001080399999978 ], [ 28.9622425, 41.0011155 ], [ 28.9640196, 41.001066 ], [ 28.9640238, 41.0010139 ], [ 28.9653088, 41.0009869 ], [ 28.965316, 41.0010278 ], [ 28.9654593, 41.0010251 ], [ 28.9654895, 41.0009688 ], [ 28.9654464, 41.0009026 ], [ 28.9652375, 41.000881899999989 ], [ 28.9621977, 41.0009448 ], [ 28.9618559, 41.0009999 ], [ 28.9615921, 41.0010833 ], [ 28.9612476, 41.0013002 ], [ 28.9600847, 41.0015117 ], [ 28.9595754, 41.0016609 ], [ 28.9595521, 41.0016059 ], [ 28.9595159, 41.0016147 ], [ 28.9595522, 41.0018331 ] ] ] } },
{ "type": "Feature", "properties": { "name": "Şehsuvar Bey", "osm_relation": 7648846, "zone_id": "Z047", "image_count": 1267, "area_km2": 0.15106329660219356, "eligible_km": 5.5387014161799364, "covered_km": 3.1618022735692328, "coverage_pct": 57.085624156103002, "image_density_per_km2": 8387.2127015504448, "images_per_eligible_km": 228.75398126694014 }, "geometry": { "type": "Polygon", "coordinates": [ [ [ 28.9635412, 41.0032346 ], [ 28.9637354, 41.0036068 ], [ 28.9637943, 41.0036588 ], [ 28.9641498, 41.003945399999985 ], [ 28.9641981, 41.0039913 ], [ 28.9642422, 41.0040103 ], [ 28.9644578, 41.0040875 ], [ 28.9646619, 41.00418220000001 ], [ 28.964703, 41.0042947 ], [ 28.9648211, 41.004389099999983 ], [ 28.9650914, 41.0048077 ], [ 28.9651173, 41.00485 ], [ 28.9653841, 41.0047896 ], [ 28.9658537, 41.0046701 ], [ 28.9659194, 41.0046594 ], [ 28.9661633, 41.0045982 ], [ 28.9662977, 41.0045579 ], [ 28.9664597, 41.0045343 ], [ 28.9665589, 41.0049261 ], [ 28.9665778, 41.0050296 ], [ 28.9666799, 41.0054802 ], [ 28.9667249, 41.0056454 ], [ 28.9667555, 41.0057253 ], [ 28.9668332, 41.0060972 ], [ 28.9669262, 41.0064804 ], [ 28.9679604, 41.0062647 ], [ 28.9679479, 41.0061755 ], [ 28.9679347, 41.0060687 ], [ 28.9678955, 41.0058318 ], [ 28.9678607, 41.00555270000001 ], [ 28.9679086, 41.0055553 ], [ 28.968203, 41.0055341 ], [ 28.9682383, 41.0055357 ], [ 28.968667, 41.005516 ], [ 28.9691067, 41.0055136 ], [ 28.9693351, 41.0053421 ], [ 28.9695156, 41.0052141 ], [ 28.9695752, 41.0051653 ], [ 28.9696219, 41.0051423 ], [ 28.969743, 41.0051447 ], [ 28.9697475, 41.005097 ], [ 28.9697598, 41.0049895 ], [ 28.9698025, 41.0048164 ], [ 28.9698075, 41.0047788 ], [ 28.9696134, 41.0045895 ], [ 28.9693914, 41.004397 ], [ 28.9693596, 41.0043613 ], [ 28.9693079, 41.0043165 ], [ 28.9692123, 41.0042457 ], [ 28.9690302, 41.004153 ], [ 28.9689595, 41.0041295 ], [ 28.969208, 41.0037935 ], [ 28.9692171, 41.0037761 ], [ 28.9692714, 41.0035275 ], [ 28.9692564, 41.0034181 ], [ 28.9692371, 41.003348699999989 ], [ 28.9691595, 41.0031429 ], [ 28.9689662, 41.00318990000001 ], [ 28.968942, 41.0031471 ], [ 28.9689294, 41.0031307 ], [ 28.9689167, 41.0031225 ], [ 28.9687943, 41.0030025 ], [ 28.9686896, 41.0027632 ], [ 28.9685655, 41.0020101 ], [ 28.9682384, 41.0020193 ], [ 28.9671837, 41.0021323 ], [ 28.964943, 41.0023348 ], [ 28.96457, 41.0023163 ], [ 28.9642783, 41.0022697 ], [ 28.964141, 41.0021392 ], [ 28.9639697, 41.0021458 ], [ 28.9636102, 41.002296 ], [ 28.9635151, 41.0022965 ], [ 28.9635412, 41.0032346 ] ] ] } },
{ "type": "Feature", "properties": { "name": "Emin Sinan", "osm_relation": 7648847, "zone_id": "Z048", "image_count": 118, "area_km2": 0.066044729723850185, "eligible_km": 2.3807841713412556, "covered_km": 0.3122207277517261, "coverage_pct": 13.114197057847171, "image_density_per_km2": 1786.667921776469, "images_per_eligible_km": 49.56350156407612 }, "geometry": { "type": "Polygon", "coordinates": [ [ [ 28.9679622, 41.0062936 ], [ 28.9681927, 41.0067537 ], [ 28.9683715, 41.007124 ], [ 28.9685631, 41.007119 ], [ 28.9688488, 41.0070967 ], [ 28.9691938, 41.0080125 ], [ 28.9693833, 41.0085383 ], [ 28.9693942, 41.0085918 ], [ 28.9704174, 41.0084884 ], [ 28.9705918, 41.008472 ], [ 28.9709444, 41.0084481 ], [ 28.9709402, 41.0083507 ], [ 28.9708678, 41.0074425 ], [ 28.9708692, 41.0074074 ], [ 28.9708621, 41.0073716 ], [ 28.9708442, 41.0071846 ], [ 28.9708343, 41.0070199 ], [ 28.9707242, 41.0070244 ], [ 28.9707293, 41.006788 ], [ 28.9707728, 41.0063611 ], [ 28.9707793, 41.0062487 ], [ 28.9707811, 41.0061323 ], [ 28.9707721, 41.006078399999986 ], [ 28.9707564, 41.0060469 ], [ 28.9707134, 41.0060271 ], [ 28.9706959, 41.0060208 ], [ 28.9706816, 41.0060104 ], [ 28.970605, 41.0059103 ], [ 28.9704331, 41.0055735 ], [ 28.9703015, 41.0053359 ], [ 28.9702398, 41.0052077 ], [ 28.9701818, 41.0051007 ], [ 28.9701107, 41.0051136 ], [ 28.9698351, 41.0051398 ], [ 28.969743, 41.0051447 ], [ 28.9696219, 41.0051423 ], [ 28.9695752, 41.0051653 ], [ 28.9695156, 41.0052141 ], [ 28.9693351, 41.0053421 ], [ 28.9691067, 41.0055136 ], [ 28.968667, 41.005516 ], [ 28.9682383, 41.0055357 ], [ 28.968203, 41.0055341 ], [ 28.9679086, 41.0055553 ], [ 28.9678607, 41.00555270000001 ], [ 28.9678955, 41.0058318 ], [ 28.9679347, 41.0060687 ], [ 28.9679479, 41.0061755 ], [ 28.9679604, 41.0062647 ], [ 28.9679622, 41.0062936 ] ] ] } },
{ "type": "Feature", "properties": { "name": "Molla Fenari", "osm_relation": 7648848, "zone_id": "Z049", "image_count": 863, "area_km2": 0.14952436547570844, "eligible_km": 3.852404311042561, "covered_km": 0.88862850694651929, "coverage_pct": 23.06685475351971, "image_density_per_km2": 5771.6345911543231, "images_per_eligible_km": 224.01594700906398 }, "geometry": { "type": "Polygon", "coordinates": [ [ [ 28.967386, 41.009312199999989 ], [ 28.9674477, 41.0097563 ], [ 28.967448, 41.0098708 ], [ 28.9674819, 41.00988730000001 ], [ 28.9676947, 41.0099314 ], [ 28.9678746, 41.0099631 ], [ 28.9686803, 41.0100919 ], [ 28.9687535, 41.0099302 ], [ 28.9687885, 41.0098895 ], [ 28.9694148, 41.009762699999989 ], [ 28.9694523, 41.0097601 ], [ 28.9699523, 41.0096337 ], [ 28.9700419, 41.00957910000001 ], [ 28.9699989, 41.0096687 ], [ 28.9699959, 41.0100601 ], [ 28.9699521, 41.0100984 ], [ 28.9698962, 41.01059080000001 ], [ 28.9698824, 41.010633 ], [ 28.969804, 41.0106665 ], [ 28.9697862, 41.0106919 ], [ 28.9697382, 41.0108343 ], [ 28.9697279, 41.0109115 ], [ 28.9697199, 41.0110799 ], [ 28.9697146, 41.0111339 ], [ 28.9698577, 41.0111927 ], [ 28.9699794, 41.0112595 ], [ 28.9700748, 41.0113316 ], [ 28.9700985, 41.0113678 ], [ 28.970389, 41.0116619 ], [ 28.9704081, 41.0116724 ], [ 28.9704408, 41.0116528 ], [ 28.9705867, 41.0115968 ], [ 28.9706314, 41.0115872 ], [ 28.970758, 41.0115849 ], [ 28.9711969, 41.0116435 ], [ 28.9714584, 41.0116667 ], [ 28.9717463, 41.011662 ], [ 28.9718661, 41.0116471 ], [ 28.972181, 41.0116406 ], [ 28.9724723, 41.0116436 ], [ 28.9731532, 41.0116219 ], [ 28.9735622, 41.0115848 ], [ 28.9736469, 41.0115742 ], [ 28.9737715, 41.0114934 ], [ 28.9741991, 41.011236 ], [ 28.9745426, 41.0110464 ], [ 28.9746458, 41.0109886 ], [ 28.9745749, 41.0109026 ], [ 28.9743925, 41.0106399 ], [ 28.9742286, 41.0103683 ], [ 28.9741872, 41.0102959 ], [ 28.974049, 41.010021 ], [ 28.9738716, 41.0096551 ], [ 28.9737684, 41.0094195 ], [ 28.9734109, 41.0084915 ], [ 28.9733603, 41.008310099999989 ], [ 28.9734062, 41.008267399999987 ], [ 28.9727899, 41.0083081 ], [ 28.9717673, 41.0083924 ], [ 28.9715635, 41.0084041 ], [ 28.9709444, 41.0084481 ], [ 28.9705918, 41.008472 ], [ 28.9704174, 41.0084884 ], [ 28.9693942, 41.0085918 ], [ 28.9691189, 41.0086209 ], [ 28.9688283, 41.0086498 ], [ 28.9687174, 41.00866460000001 ], [ 28.9681688, 41.008779 ], [ 28.9678535, 41.0088212 ], [ 28.967493, 41.0088553 ], [ 28.967386, 41.009312199999989 ] ] ] } },
{ "type": "Feature", "properties": { "name": "Hobyar", "osm_relation": 7648849, "zone_id": "Z050", "image_count": 4899, "area_km2": 0.20198159547777966, "eligible_km": 6.3507581113931515, "covered_km": 4.0395168021156991, "coverage_pct": 63.606843958816114, "image_density_per_km2": 24254.685128175191, "images_per_eligible_km": 771.40396690771104 }, "geometry": { "type": "Polygon", "coordinates": [ [ [ 28.9712032, 41.01483 ], [ 28.9712776, 41.0149162 ], [ 28.9713615, 41.0149933 ], [ 28.9714313, 41.0150436 ], [ 28.9716724, 41.0154557 ], [ 28.9717293, 41.015555199999987 ], [ 28.9717561, 41.015611199999988 ], [ 28.9717977, 41.0156746 ], [ 28.9721133, 41.0159749 ], [ 28.9722313, 41.0160989 ], [ 28.9724259, 41.0163631 ], [ 28.9728879, 41.0174405 ], [ 28.9723952, 41.0174782 ], [ 28.9722439, 41.0175114 ], [ 28.9721661, 41.0175378 ], [ 28.9720641, 41.017591 ], [ 28.9719357, 41.017686 ], [ 28.9718912, 41.0177397 ], [ 28.9718404, 41.0178144 ], [ 28.971822, 41.0178533 ], [ 28.9718068, 41.0179343 ], [ 28.9718616, 41.0181325 ], [ 28.9718821, 41.0182325 ], [ 28.9719779, 41.0181955 ], [ 28.9720883, 41.0181528 ], [ 28.9721209, 41.0181402 ], [ 28.9721375, 41.0181338 ], [ 28.9730086, 41.0182529 ], [ 28.9729889, 41.0183223 ], [ 28.973161, 41.0183472 ], [ 28.9732003, 41.0183532 ], [ 28.973217, 41.0182785 ], [ 28.973915, 41.018002499999987 ], [ 28.9739589, 41.0180697 ], [ 28.974141, 41.0179964 ], [ 28.9742914, 41.0179409 ], [ 28.9742404, 41.017868900000011 ], [ 28.9747744, 41.0176547 ], [ 28.9749868, 41.0175808 ], [ 28.9750441, 41.0175998 ], [ 28.9750682, 41.0176228 ], [ 28.9751818, 41.0175781 ], [ 28.975408, 41.0174899 ], [ 28.9753774, 41.0174283 ], [ 28.9760948, 41.0171504 ], [ 28.9761216, 41.0171859 ], [ 28.976271, 41.0171316 ], [ 28.9764553, 41.017063899999982 ], [ 28.976422, 41.017018 ], [ 28.9767598, 41.0168916 ], [ 28.9768107, 41.0168154 ], [ 28.976833, 41.0167826 ], [ 28.9766543, 41.0165913 ], [ 28.976447, 41.0163269 ], [ 28.976337, 41.016118399999989 ], [ 28.9757827, 41.0151973 ], [ 28.9756467, 41.0149506 ], [ 28.9755767, 41.0148419 ], [ 28.9755033, 41.0146855 ], [ 28.9753454, 41.014431399999985 ], [ 28.9748263, 41.0135316 ], [ 28.974797, 41.0134781 ], [ 28.9747844, 41.013429 ], [ 28.9747787, 41.0133638 ], [ 28.9747894, 41.0133225 ], [ 28.974809, 41.0132812 ], [ 28.9748266, 41.0132062 ], [ 28.9748593, 41.0131702 ], [ 28.9750027, 41.0130632 ], [ 28.9750497, 41.0130239 ], [ 28.9751752, 41.0128909 ], [ 28.9755049, 41.012628 ], [ 28.9754772, 41.0122992 ], [ 28.9754544, 41.011947300000017 ], [ 28.9754395, 41.0118514 ], [ 28.9754035, 41.0117722 ], [ 28.9747481, 41.0110507 ], [ 28.9746458, 41.0109886 ], [ 28.9745426, 41.0110464 ], [ 28.9741991, 41.011236 ], [ 28.9737715, 41.0114934 ], [ 28.9736469, 41.0115742 ], [ 28.973567, 41.011695 ], [ 28.9731168, 41.0121068 ], [ 28.9729686, 41.0122573 ], [ 28.9729631, 41.01229510000001 ], [ 28.9729771, 41.0124996 ], [ 28.9729863, 41.012948799999982 ], [ 28.9729521, 41.0130001 ], [ 28.9728876, 41.0131514 ], [ 28.9728716, 41.0132241 ], [ 28.9728391, 41.0132624 ], [ 28.9727656, 41.0133239 ], [ 28.9722665, 41.0136632 ], [ 28.9722224, 41.0136837 ], [ 28.972117, 41.0136919 ], [ 28.972057, 41.013728 ], [ 28.9720217, 41.0137703 ], [ 28.9719035, 41.013934099999986 ], [ 28.9718823, 41.013957 ], [ 28.9718622, 41.0139984 ], [ 28.9717713, 41.0144906 ], [ 28.9717603, 41.0145198 ], [ 28.9717426, 41.0145283 ], [ 28.9717004, 41.0145365 ], [ 28.9712824, 41.014598 ], [ 28.9712481, 41.0146109 ], [ 28.9711266, 41.014632 ], [ 28.9712032, 41.01483 ] ] ] } },
{ "type": "Feature", "properties": { "name": "Sultan Ahmet", "osm_relation": 7648850, "zone_id": "Z051", "image_count": 1987, "area_km2": 0.20286175665328421, "eligible_km": 5.1736898983367556, "covered_km": 3.6862712161495463, "coverage_pct": 71.250331747455789, "image_density_per_km2": 9794.8476478788871, "images_per_eligible_km": 384.05858082812102 }, "geometry": { "type": "Polygon", "coordinates": [ [ [ 28.9757355, 41.0059065 ], [ 28.9765469, 41.0067106 ], [ 28.9767768, 41.0069287 ], [ 28.9769942, 41.0071851 ], [ 28.9783427, 41.0065041 ], [ 28.9784971, 41.0062236 ], [ 28.9786464, 41.0059149 ], [ 28.9786645, 41.0058948 ], [ 28.9787991, 41.0057906 ], [ 28.9789521, 41.005691499999983 ], [ 28.9786501, 41.0053111 ], [ 28.9790042, 41.0050853 ], [ 28.9793559, 41.0048491 ], [ 28.9798768, 41.0045099 ], [ 28.9799793, 41.0044331 ], [ 28.9799053, 41.0043435 ], [ 28.9797907, 41.0042414 ], [ 28.9796808, 41.0041534 ], [ 28.9793668, 41.0039262 ], [ 28.9793121, 41.0038693 ], [ 28.9792241, 41.0038124 ], [ 28.9790877, 41.003743699999987 ], [ 28.9791512, 41.0036276 ], [ 28.9792668, 41.0034987 ], [ 28.9793354, 41.0034449 ], [ 28.9795822, 41.0032078 ], [ 28.9796099, 41.0032634 ], [ 28.9799808, 41.0034999 ], [ 28.9801282, 41.0036159 ], [ 28.9804148, 41.0038586 ], [ 28.9807025, 41.0037084 ], [ 28.9808475, 41.0036388 ], [ 28.9811113, 41.0034891 ], [ 28.9811858, 41.0034426 ], [ 28.9812996, 41.0034665 ], [ 28.9813413, 41.0034813 ], [ 28.9813691, 41.0034989 ], [ 28.9814714, 41.0035892 ], [ 28.9818901, 41.0040164 ], [ 28.9826005, 41.003670700000015 ], [ 28.9820251, 41.0030343 ], [ 28.9813953, 41.0025894 ], [ 28.9806572, 41.0022166 ], [ 28.9801299, 41.00204 ], [ 28.9790859, 41.0018332 ], [ 28.9782781, 41.0017739 ], [ 28.9776515, 41.0017785 ], [ 28.9776073, 41.0017655 ], [ 28.9775895, 41.0016273 ], [ 28.9775912, 41.0015543 ], [ 28.9775924, 41.00150150000001 ], [ 28.9775935, 41.001480799999989 ], [ 28.9775963, 41.0014639 ], [ 28.9777317, 41.0014368 ], [ 28.9779215, 41.0014153 ], [ 28.9786159, 41.0013277 ], [ 28.97862, 41.0012347 ], [ 28.9786765, 41.0012079 ], [ 28.9783348, 41.0010699 ], [ 28.9767655, 41.0011334 ], [ 28.975837, 41.0026631 ], [ 28.9763987, 41.002776 ], [ 28.9763634, 41.0029761 ], [ 28.9763344, 41.003089 ], [ 28.9762815, 41.00318810000001 ], [ 28.9759953, 41.0035446 ], [ 28.9757697, 41.0038403 ], [ 28.9757411, 41.0038748 ], [ 28.97555, 41.0041056 ], [ 28.9755055, 41.0041593 ], [ 28.9754067, 41.0042268 ], [ 28.9751166, 41.0043748 ], [ 28.9749996, 41.0044442 ], [ 28.9749429, 41.0044874 ], [ 28.9749172, 41.0045149 ], [ 28.9749138, 41.0045528 ], [ 28.9749226, 41.0045845 ], [ 28.9749739, 41.004686799999988 ], [ 28.9749831, 41.004748699999986 ], [ 28.9749772, 41.0047705 ], [ 28.9748984, 41.004908 ], [ 28.9748231, 41.0050289 ], [ 28.9757355, 41.0059065 ] ] ] } },
{ "type": "Feature", "properties": { "name": "Küçük Ayasofya", "osm_relation": 7648851, "zone_id": "Z052", "image_count": 1360, "area_km2": 0.25197238831595964, "eligible_km": 8.6990589427284579, "covered_km": 3.8239961819715895, "coverage_pct": 43.958734009591545, "image_density_per_km2": 5397.4167927266462, "images_per_eligible_km": 156.33874985257157 }, "geometry": { "type": "Polygon", "coordinates": [ [ [ 28.9686896, 41.0027632 ], [ 28.9687943, 41.0030025 ], [ 28.9689167, 41.0031225 ], [ 28.9689294, 41.0031307 ], [ 28.968942, 41.0031471 ], [ 28.9689662, 41.00318990000001 ], [ 28.9691595, 41.0031429 ], [ 28.9692371, 41.003348699999989 ], [ 28.9692564, 41.0034181 ], [ 28.9692714, 41.0035275 ], [ 28.9692171, 41.0037761 ], [ 28.969208, 41.0037935 ], [ 28.9689595, 41.0041295 ], [ 28.9690302, 41.004153 ], [ 28.9692123, 41.0042457 ], [ 28.9693079, 41.0043165 ], [ 28.9693596, 41.0043613 ], [ 28.9693914, 41.004397 ], [ 28.9696134, 41.0045895 ], [ 28.9698075, 41.0047788 ], [ 28.9698025, 41.0048164 ], [ 28.9697598, 41.0049895 ], [ 28.9697475, 41.005097 ], [ 28.969743, 41.0051447 ], [ 28.9698351, 41.0051398 ], [ 28.9701107, 41.0051136 ], [ 28.9701818, 41.0051007 ], [ 28.9702398, 41.0052077 ], [ 28.9703015, 41.0053359 ], [ 28.9704331, 41.0055735 ], [ 28.970605, 41.0059103 ], [ 28.9706816, 41.0060104 ], [ 28.9706959, 41.0060208 ], [ 28.9707134, 41.0060271 ], [ 28.9708604, 41.0059732 ], [ 28.9710548, 41.005916 ], [ 28.9712156, 41.0058557 ], [ 28.9713808, 41.0057882 ], [ 28.9715254, 41.0057194 ], [ 28.9715633, 41.0057154 ], [ 28.9716799, 41.0056606 ], [ 28.9718163, 41.005583 ], [ 28.9719565, 41.005391 ], [ 28.9720987, 41.005207 ], [ 28.9721439, 41.0051677 ], [ 28.97218, 41.0051604 ], [ 28.9723607, 41.0050845 ], [ 28.9725869, 41.0050051 ], [ 28.9729874, 41.0049459 ], [ 28.9730216, 41.0049296 ], [ 28.9730408, 41.0049054 ], [ 28.973252, 41.0047929 ], [ 28.9732881, 41.004769 ], [ 28.9734986, 41.0046591 ], [ 28.9735178, 41.0046586 ], [ 28.9735397, 41.0046667 ], [ 28.9738231, 41.0049199 ], [ 28.9741553, 41.0052325 ], [ 28.9742466, 41.0053328 ], [ 28.9744405, 41.0052302 ], [ 28.9748231, 41.0050289 ], [ 28.9748984, 41.004908 ], [ 28.9749772, 41.0047705 ], [ 28.9749831, 41.004748699999986 ], [ 28.9749739, 41.004686799999988 ], [ 28.9749226, 41.0045845 ], [ 28.9749138, 41.0045528 ], [ 28.9749172, 41.0045149 ], [ 28.9749429, 41.0044874 ], [ 28.9749996, 41.0044442 ], [ 28.9751166, 41.0043748 ], [ 28.9754067, 41.0042268 ], [ 28.9755055, 41.0041593 ], [ 28.97555, 41.0041056 ], [ 28.9757411, 41.0038748 ], [ 28.9757697, 41.0038403 ], [ 28.9759953, 41.0035446 ], [ 28.9762815, 41.00318810000001 ], [ 28.9763344, 41.003089 ], [ 28.9763634, 41.0029761 ], [ 28.9763987, 41.002776 ], [ 28.975837, 41.0026631 ], [ 28.9767655, 41.0011334 ], [ 28.9761719, 41.0011585 ], [ 28.9753676, 41.0011924 ], [ 28.975374, 41.001056 ], [ 28.9753215, 41.0009723 ], [ 28.9731913, 41.0010407 ], [ 28.9730812, 41.000984 ], [ 28.9708226, 41.00144370000001 ], [ 28.9691569, 41.001901 ], [ 28.9688149, 41.001992799999989 ], [ 28.9685655, 41.0020101 ], [ 28.9686896, 41.0027632 ] ] ] } },
{ "type": "Feature", "properties": { "name": "Binbirdirek", "osm_relation": 7648852, "zone_id": "Z053", "image_count": 1828, "area_km2": 0.15825508062173754, "eligible_km": 3.9064804805311351, "covered_km": 1.4633212218423497, "coverage_pct": 37.458813096216801, "image_density_per_km2": 11550.971967650752, "images_per_eligible_km": 467.94039010568929 }, "geometry": { "type": "Polygon", "coordinates": [ [ [ 28.9707564, 41.0060469 ], [ 28.9707721, 41.006078399999986 ], [ 28.9707811, 41.0061323 ], [ 28.9707793, 41.0062487 ], [ 28.9707728, 41.0063611 ], [ 28.9707293, 41.006788 ], [ 28.9707242, 41.0070244 ], [ 28.9708343, 41.0070199 ], [ 28.9708442, 41.0071846 ], [ 28.9708621, 41.0073716 ], [ 28.9708692, 41.0074074 ], [ 28.9708678, 41.0074425 ], [ 28.9709402, 41.0083507 ], [ 28.9709444, 41.0084481 ], [ 28.9715635, 41.0084041 ], [ 28.9717673, 41.0083924 ], [ 28.9727899, 41.0083081 ], [ 28.9734062, 41.008267399999987 ], [ 28.9738846, 41.0082267 ], [ 28.9750374, 41.0081331 ], [ 28.9759278, 41.0080559 ], [ 28.9760954, 41.0080386 ], [ 28.9764078, 41.007997 ], [ 28.9775023, 41.0078269 ], [ 28.9775947, 41.0078229 ], [ 28.9776651, 41.00782370000001 ], [ 28.9777362, 41.007829 ], [ 28.9778076, 41.0078428 ], [ 28.977916, 41.0078708 ], [ 28.978032, 41.0079123 ], [ 28.9781327, 41.0079582 ], [ 28.978233, 41.0080312 ], [ 28.9783354, 41.0081311 ], [ 28.9783176, 41.007965400000018 ], [ 28.9782659, 41.0079031 ], [ 28.9781485, 41.0078262 ], [ 28.9780206, 41.0077512 ], [ 28.9776016, 41.0075664 ], [ 28.9773992, 41.0074787 ], [ 28.9772895, 41.0074268 ], [ 28.9772116, 41.007359 ], [ 28.9769942, 41.0071851 ], [ 28.9767768, 41.0069287 ], [ 28.9765469, 41.0067106 ], [ 28.9757355, 41.0059065 ], [ 28.9748231, 41.0050289 ], [ 28.9744405, 41.0052302 ], [ 28.9742466, 41.0053328 ], [ 28.9741553, 41.0052325 ], [ 28.9738231, 41.0049199 ], [ 28.9735397, 41.0046667 ], [ 28.9735178, 41.0046586 ], [ 28.9734986, 41.0046591 ], [ 28.9732881, 41.004769 ], [ 28.973252, 41.0047929 ], [ 28.9730408, 41.0049054 ], [ 28.9730216, 41.0049296 ], [ 28.9729874, 41.0049459 ], [ 28.9725869, 41.0050051 ], [ 28.9723607, 41.0050845 ], [ 28.97218, 41.0051604 ], [ 28.9721439, 41.0051677 ], [ 28.9720987, 41.005207 ], [ 28.9719565, 41.005391 ], [ 28.9718163, 41.005583 ], [ 28.9716799, 41.0056606 ], [ 28.9715633, 41.0057154 ], [ 28.9715254, 41.0057194 ], [ 28.9713808, 41.0057882 ], [ 28.9712156, 41.0058557 ], [ 28.9710548, 41.005916 ], [ 28.9708604, 41.0059732 ], [ 28.9707134, 41.0060271 ], [ 28.9707564, 41.0060469 ] ] ] } },
{ "type": "Feature", "properties": { "name": "Alemdar", "osm_relation": 7648853, "zone_id": "Z054", "image_count": 2044, "area_km2": 0.13974981006006412, "eligible_km": 3.8229820999786441, "covered_km": 2.3144269475485779, "coverage_pct": 60.539832178693871, "image_density_per_km2": 14626.137946960313, "images_per_eligible_km": 534.66114842949912 }, "geometry": { "type": "Polygon", "coordinates": [ [ [ 28.9733603, 41.008310099999989 ], [ 28.9734109, 41.0084915 ], [ 28.9737684, 41.0094195 ], [ 28.9738716, 41.0096551 ], [ 28.974049, 41.010021 ], [ 28.9741872, 41.0102959 ], [ 28.9742286, 41.0103683 ], [ 28.9743925, 41.0106399 ], [ 28.9745749, 41.0109026 ], [ 28.9746458, 41.0109886 ], [ 28.9747481, 41.0110507 ], [ 28.9754035, 41.0117722 ], [ 28.9754395, 41.0118514 ], [ 28.9756966, 41.011818 ], [ 28.9760869, 41.0117983 ], [ 28.9762861, 41.0116624 ], [ 28.9764674, 41.0115224 ], [ 28.9770791, 41.0110193 ], [ 28.9775357, 41.0106801 ], [ 28.977697, 41.0108256 ], [ 28.9777957, 41.0109015 ], [ 28.9779055, 41.0109754 ], [ 28.9779895, 41.0110018 ], [ 28.9781369, 41.011016 ], [ 28.9781412, 41.01097080000001 ], [ 28.9781617, 41.0109151 ], [ 28.9782319, 41.0108275 ], [ 28.9784393, 41.0106874 ], [ 28.9786378, 41.010562800000017 ], [ 28.9787229, 41.0104622 ], [ 28.9787373, 41.0103836 ], [ 28.9787255, 41.0103015 ], [ 28.9787126, 41.0099667 ], [ 28.978692, 41.009855 ], [ 28.9786528, 41.0095703 ], [ 28.9785449, 41.0087259 ], [ 28.9785085, 41.0084829 ], [ 28.9785028, 41.0084523 ], [ 28.9784797, 41.0083921 ], [ 28.978428, 41.0082861 ], [ 28.9784195, 41.0082481 ], [ 28.9783354, 41.0081311 ], [ 28.978233, 41.0080312 ], [ 28.9781327, 41.0079582 ], [ 28.978032, 41.0079123 ], [ 28.977916, 41.0078708 ], [ 28.9778076, 41.0078428 ], [ 28.9777362, 41.007829 ], [ 28.9776651, 41.00782370000001 ], [ 28.9775947, 41.0078229 ], [ 28.9775023, 41.0078269 ], [ 28.9764078, 41.007997 ], [ 28.9760954, 41.0080386 ], [ 28.9759278, 41.0080559 ], [ 28.9750374, 41.0081331 ], [ 28.9738846, 41.0082267 ], [ 28.9734062, 41.008267399999987 ], [ 28.9733603, 41.008310099999989 ] ] ] } },
{ "type": "Feature", "properties": { "name": "Hocapaşa", "osm_relation": 7648854, "zone_id": "Z055", "image_count": 3633, "area_km2": 0.30591226608364924, "eligible_km": 5.6869927282859347, "covered_km": 4.4283447474376558, "coverage_pct": 77.867951640099307, "image_density_per_km2": 11875.953999852316, "images_per_eligible_km": 638.82620808185732 }, "geometry": { "type": "Polygon", "coordinates": [ [ [ 28.9754544, 41.011947300000017 ], [ 28.9754772, 41.0122992 ], [ 28.9755049, 41.012628 ], [ 28.9751752, 41.0128909 ], [ 28.9750497, 41.0130239 ], [ 28.9750027, 41.0130632 ], [ 28.9748593, 41.0131702 ], [ 28.9748266, 41.0132062 ], [ 28.974809, 41.0132812 ], [ 28.9747894, 41.0133225 ], [ 28.9747787, 41.0133638 ], [ 28.9747844, 41.013429 ], [ 28.974797, 41.0134781 ], [ 28.9748263, 41.0135316 ], [ 28.9753454, 41.014431399999985 ], [ 28.9755033, 41.0146855 ], [ 28.9755767, 41.0148419 ], [ 28.9756467, 41.0149506 ], [ 28.9757827, 41.0151973 ], [ 28.976337, 41.016118399999989 ], [ 28.976447, 41.0163269 ], [ 28.9766543, 41.0165913 ], [ 28.976833, 41.0167826 ], [ 28.9769008, 41.0166667 ], [ 28.9776087, 41.0169129 ], [ 28.9776393, 41.016772 ], [ 28.977657, 41.0166908 ], [ 28.9782388, 41.0167546 ], [ 28.9782477, 41.0166706 ], [ 28.9791481, 41.016680199999989 ], [ 28.9804434, 41.016694 ], [ 28.9807026, 41.0166968 ], [ 28.9807305, 41.016669899999989 ], [ 28.9811155, 41.0166514 ], [ 28.9811095, 41.0167169 ], [ 28.9817812, 41.0166992 ], [ 28.9818747, 41.0170115 ], [ 28.9824112, 41.0169193 ], [ 28.9824207, 41.0169488 ], [ 28.982431, 41.0169822 ], [ 28.9824409, 41.017018899999982 ], [ 28.9824574, 41.0170762 ], [ 28.9825361, 41.0170739 ], [ 28.9825649, 41.0170469 ], [ 28.9826424, 41.0170739 ], [ 28.9825979, 41.0171467 ], [ 28.9832049, 41.0173357 ], [ 28.9834758, 41.01742 ], [ 28.9836959, 41.0174885 ], [ 28.9839225, 41.017559 ], [ 28.9853311, 41.0177639 ], [ 28.9853485, 41.0176519 ], [ 28.9859219, 41.0175584 ], [ 28.9859534, 41.0175515 ], [ 28.9859519, 41.0173503 ], [ 28.9858335, 41.017064599999983 ], [ 28.9856392, 41.0166387 ], [ 28.9855252, 41.0163795 ], [ 28.9855017, 41.0163118 ], [ 28.9852441, 41.0158246 ], [ 28.9850485, 41.0158261 ], [ 28.9848784, 41.0157525 ], [ 28.9846894, 41.0156518 ], [ 28.984417, 41.0154829 ], [ 28.9842728, 41.015369 ], [ 28.9840896, 41.0152008 ], [ 28.9839939, 41.015119 ], [ 28.9836755, 41.0149045 ], [ 28.9835993, 41.0148588 ], [ 28.9824171, 41.0145738 ], [ 28.982257, 41.014527399999984 ], [ 28.9818847, 41.014407 ], [ 28.9812738, 41.014199 ], [ 28.9811796, 41.014189199999983 ], [ 28.9809856, 41.014291 ], [ 28.9808043, 41.014393 ], [ 28.9804162, 41.0145966 ], [ 28.9801023, 41.0147694 ], [ 28.9800455, 41.0147915 ], [ 28.9797585, 41.0148623 ], [ 28.9796165, 41.014876 ], [ 28.9796298, 41.0148103 ], [ 28.9795935, 41.0146957 ], [ 28.9795452, 41.0145711 ], [ 28.9793021, 41.0142227 ], [ 28.9791524, 41.0139931 ], [ 28.9790589, 41.0138913 ], [ 28.9790126, 41.0138099 ], [ 28.9788864, 41.0136376 ], [ 28.9788251, 41.013538099999984 ], [ 28.9787179, 41.0132726 ], [ 28.9786801, 41.0130439 ], [ 28.9786113, 41.0127078 ], [ 28.9785581, 41.0125002 ], [ 28.978506, 41.0123758 ], [ 28.9784774, 41.0123442 ], [ 28.9783517, 41.0118712 ], [ 28.9783592, 41.011814500000014 ], [ 28.978221, 41.011281 ], [ 28.9781521, 41.0110892 ], [ 28.9781369, 41.011016 ], [ 28.9779895, 41.0110018 ], [ 28.9779055, 41.0109754 ], [ 28.9777957, 41.0109015 ], [ 28.977697, 41.0108256 ], [ 28.9775357, 41.0106801 ], [ 28.9770791, 41.0110193 ], [ 28.9764674, 41.0115224 ], [ 28.9762861, 41.0116624 ], [ 28.9760869, 41.0117983 ], [ 28.9756966, 41.011818 ], [ 28.9754395, 41.0118514 ], [ 28.9754544, 41.011947300000017 ] ] ] } },
{ "type": "Feature", "properties": { "name": "Cankurtaran", "osm_relation": 7648855, "zone_id": "Z056", "image_count": 8759, "area_km2": 0.87724574044964387, "eligible_km": 10.187031094687066, "covered_km": 7.3771793863603374, "coverage_pct": 72.417363977693398, "image_density_per_km2": 9984.6594815159315, "images_per_eligible_km": 859.81871642348869 }, "geometry": { "type": "Polygon", "coordinates": [ [ [ 28.9772116, 41.007359 ], [ 28.9772895, 41.0074268 ], [ 28.9773992, 41.0074787 ], [ 28.9776016, 41.0075664 ], [ 28.9780206, 41.0077512 ], [ 28.9781485, 41.0078262 ], [ 28.9782659, 41.0079031 ], [ 28.9783176, 41.007965400000018 ], [ 28.9783354, 41.0081311 ], [ 28.9784195, 41.0082481 ], [ 28.978428, 41.0082861 ], [ 28.9784797, 41.0083921 ], [ 28.9785028, 41.0084523 ], [ 28.9785085, 41.0084829 ], [ 28.9785449, 41.0087259 ], [ 28.9786528, 41.0095703 ], [ 28.978692, 41.009855 ], [ 28.9787126, 41.0099667 ], [ 28.9787255, 41.0103015 ], [ 28.9787373, 41.0103836 ], [ 28.9787229, 41.0104622 ], [ 28.9786378, 41.010562800000017 ], [ 28.9784393, 41.0106874 ], [ 28.9782319, 41.0108275 ], [ 28.9781617, 41.0109151 ], [ 28.9781412, 41.01097080000001 ], [ 28.9781369, 41.011016 ], [ 28.9781521, 41.0110892 ], [ 28.978221, 41.011281 ], [ 28.9783592, 41.011814500000014 ], [ 28.9783517, 41.0118712 ], [ 28.9784774, 41.0123442 ], [ 28.978506, 41.0123758 ], [ 28.9785581, 41.0125002 ], [ 28.9786113, 41.0127078 ], [ 28.9786801, 41.0130439 ], [ 28.9787179, 41.0132726 ], [ 28.9788251, 41.013538099999984 ], [ 28.9788864, 41.0136376 ], [ 28.9790126, 41.0138099 ], [ 28.9790589, 41.0138913 ], [ 28.9791524, 41.0139931 ], [ 28.9793021, 41.0142227 ], [ 28.9795452, 41.0145711 ], [ 28.9795935, 41.0146957 ], [ 28.9796298, 41.0148103 ], [ 28.9796165, 41.014876 ], [ 28.9797585, 41.0148623 ], [ 28.9800455, 41.0147915 ], [ 28.9801023, 41.0147694 ], [ 28.9804162, 41.0145966 ], [ 28.9808043, 41.014393 ], [ 28.9809856, 41.014291 ], [ 28.9811796, 41.014189199999983 ], [ 28.9812738, 41.014199 ], [ 28.9818847, 41.014407 ], [ 28.982257, 41.014527399999984 ], [ 28.9824171, 41.0145738 ], [ 28.9835993, 41.0148588 ], [ 28.9836755, 41.0149045 ], [ 28.9839939, 41.015119 ], [ 28.9840896, 41.0152008 ], [ 28.9842728, 41.015369 ], [ 28.984417, 41.0154829 ], [ 28.9846894, 41.0156518 ], [ 28.9848784, 41.0157525 ], [ 28.9850485, 41.0158261 ], [ 28.9852441, 41.0158246 ], [ 28.9855017, 41.0163118 ], [ 28.9855252, 41.0163795 ], [ 28.9856392, 41.0166387 ], [ 28.9858335, 41.017064599999983 ], [ 28.9859519, 41.0173503 ], [ 28.9859534, 41.0175515 ], [ 28.9863711, 41.017452 ], [ 28.9865039, 41.0174645 ], [ 28.9866906, 41.0173553 ], [ 28.986736, 41.0171866 ], [ 28.9868034, 41.0171094 ], [ 28.9868379, 41.0170652 ], [ 28.9868537, 41.0170306 ], [ 28.9869299, 41.0167373 ], [ 28.987007, 41.0163774 ], [ 28.9871311, 41.015894099999983 ], [ 28.9871992, 41.0156244 ], [ 28.9874677, 41.014719 ], [ 28.9876254, 41.0141551 ], [ 28.9876177, 41.0140438 ], [ 28.9880682, 41.0130039 ], [ 28.9881084, 41.0124523 ], [ 28.9878568, 41.0102134 ], [ 28.9868789, 41.0083715 ], [ 28.9863188, 41.0067466 ], [ 28.9860409, 41.0063238 ], [ 28.9854959, 41.0057868 ], [ 28.9838445, 41.00483890000001 ], [ 28.9833866, 41.0045245 ], [ 28.9831409, 41.0042808 ], [ 28.9826005, 41.003670700000015 ], [ 28.9818901, 41.0040164 ], [ 28.9814714, 41.0035892 ], [ 28.9813691, 41.0034989 ], [ 28.9813413, 41.0034813 ], [ 28.9812996, 41.0034665 ], [ 28.9811858, 41.0034426 ], [ 28.9811113, 41.0034891 ], [ 28.9808475, 41.0036388 ], [ 28.9807025, 41.0037084 ], [ 28.9804148, 41.0038586 ], [ 28.9801282, 41.0036159 ], [ 28.9799808, 41.0034999 ], [ 28.9796099, 41.0032634 ], [ 28.9795822, 41.0032078 ], [ 28.9793354, 41.0034449 ], [ 28.9792668, 41.0034987 ], [ 28.9791512, 41.0036276 ], [ 28.9790877, 41.003743699999987 ], [ 28.9792241, 41.0038124 ], [ 28.9793121, 41.0038693 ], [ 28.9793668, 41.0039262 ], [ 28.9796808, 41.0041534 ], [ 28.9797907, 41.0042414 ], [ 28.9799053, 41.0043435 ], [ 28.9799793, 41.0044331 ], [ 28.9798768, 41.0045099 ], [ 28.9793559, 41.0048491 ], [ 28.9790042, 41.0050853 ], [ 28.9786501, 41.0053111 ], [ 28.9789521, 41.005691499999983 ], [ 28.9787991, 41.0057906 ], [ 28.9786645, 41.0058948 ], [ 28.9786464, 41.0059149 ], [ 28.9784971, 41.0062236 ], [ 28.9783427, 41.0065041 ], [ 28.9769942, 41.0071851 ], [ 28.9772116, 41.007359 ] ] ] } },
{ "type": "Feature", "properties": { "name": "Sururi", "osm_relation": 8111527, "zone_id": "Z057", "image_count": 177, "area_km2": 0.062933666653931492, "eligible_km": 2.172651325793979, "covered_km": 0.25127704153930297, "coverage_pct": 11.565456387599408, "image_density_per_km2": 2812.485103931931, "images_per_eligible_km": 81.467282807247813 }, "geometry": { "type": "Polygon", "coordinates": [ [ [ 28.9700712, 41.013938 ], [ 28.9700593, 41.0139519 ], [ 28.9700348, 41.0142115 ], [ 28.9700444, 41.0143333 ], [ 28.9700616, 41.0144091 ], [ 28.9700828, 41.0144441 ], [ 28.9702247, 41.0146157 ], [ 28.9702471, 41.0146674 ], [ 28.9703784, 41.0146801 ], [ 28.9705357, 41.0146844 ], [ 28.9709463, 41.01464330000001 ], [ 28.9711266, 41.014632 ], [ 28.9712481, 41.0146109 ], [ 28.9712824, 41.014598 ], [ 28.9717004, 41.0145365 ], [ 28.9717426, 41.0145283 ], [ 28.9717603, 41.0145198 ], [ 28.9717713, 41.0144906 ], [ 28.9718622, 41.0139984 ], [ 28.9718823, 41.013957 ], [ 28.9719035, 41.013934099999986 ], [ 28.9720217, 41.0137703 ], [ 28.972057, 41.013728 ], [ 28.972117, 41.0136919 ], [ 28.9722224, 41.0136837 ], [ 28.9722665, 41.0136632 ], [ 28.9727656, 41.0133239 ], [ 28.9728391, 41.0132624 ], [ 28.9728716, 41.0132241 ], [ 28.9728876, 41.0131514 ], [ 28.9729521, 41.0130001 ], [ 28.9729863, 41.012948799999982 ], [ 28.9729771, 41.0124996 ], [ 28.9729631, 41.01229510000001 ], [ 28.9729686, 41.0122573 ], [ 28.9731168, 41.0121068 ], [ 28.973567, 41.011695 ], [ 28.9736469, 41.0115742 ], [ 28.9735622, 41.0115848 ], [ 28.9731532, 41.0116219 ], [ 28.9724723, 41.0116436 ], [ 28.972181, 41.0116406 ], [ 28.9718661, 41.0116471 ], [ 28.9717463, 41.011662 ], [ 28.9714584, 41.0116667 ], [ 28.9711969, 41.0116435 ], [ 28.970758, 41.0115849 ], [ 28.9706314, 41.0115872 ], [ 28.9705867, 41.0115968 ], [ 28.9704408, 41.0116528 ], [ 28.9704081, 41.0116724 ], [ 28.9705482, 41.0118707 ], [ 28.9705894, 41.0119634 ], [ 28.9705943, 41.0119927 ], [ 28.9705805, 41.0120618 ], [ 28.9705743, 41.0123047 ], [ 28.9705493, 41.01265 ], [ 28.9705032, 41.012944299999987 ], [ 28.9704536, 41.0132174 ], [ 28.9703958, 41.0134458 ], [ 28.9703289, 41.0136064 ], [ 28.9702388, 41.0137784 ], [ 28.970165, 41.0138937 ], [ 28.9701301, 41.0139125 ], [ 28.9700956, 41.0139238 ], [ 28.9700712, 41.013938 ] ] ] } }
]
}
