{
"type": "FeatureCollection",
"name": "uncovered_sections",
"crs": { "type": "name", "properties": { "name": "urn:ogc:def:crs:OGC:1.3:CRS84" } },
"features": [
{ "type": "Feature", "properties": { "network": "uncovered_geometric_union" }, "geometry": { "type": "GeometryCollection", "geometries": [ { "type": "LineString", "coordinates": [ [ 28.947246, 41.0345199 ], [ 28.947248, 41.0345742 ], [ 28.9472754, 41.034641 ], [ 28.9473014, 41.0346777 ], [ 28.9473439, 41.0347249 ] ] }, { "type": "LineString", "coordinates": [ [ 28.9473737, 41.034736 ], [ 28.9473439, 41.0347249 ] ] }, { "type": "LineString", "coordinates": [ [ 28.9473737, 41.034736 ], [ 28.9474747, 41.0347539 ], [ 28.947534, 41.0347579 ], [ 28.9476184, 41.0347511 ] ] }, { "type": "LineString", "coordinates": [ [ 28.9476184, 41.0347511 ], [ 28.9476795, 41.0347091 ], [ 28.9477315, 41.034594 ], [ 28.9477818, 41.0344896 ], [ 28.9478142, 41.0344328 ], [ 28.9478681, 41.0343799 ], [ 28.9479291, 41.03435420000001 ], [ 28.9480585, 41.0343338 ], [ 28.9482129, 41.0343203 ] ] }, { "type": "LineString", "coordinates": [ [ 28.9493776, 41.00236850000001 ], [ 28.9499321, 41.0023681 ] ] }, { "type": "LineString", "coordinates": [ [ 28.9472968, 41.0025114 ], [ 28.9473711, 41.0024834 ], [ 28.9474348, 41.002438 ], [ 28.9474932, 41.0024033 ], [ 28.9475569, 41.0023725 ], [ 28.9475811, 41.0023681 ] ] }, { "type": "LineString", "coordinates": [ [ 28.9472968, 41.0025114 ], [ 28.9469164, 41.0024447 ], [ 28.9468792, 41.002418 ], [ 28.9468916, 41.0023205 ], [ 28.94688, 41.0022696 ], [ 28.9468261, 41.0022507 ], [ 28.946707, 41.0022334 ], [ 28.9466773, 41.0022244 ], [ 28.9466614, 41.0021988 ], [ 28.9466445, 41.0021817 ], [ 28.9464541, 41.0021321 ], [ 28.9459077, 41.0020652 ] ] }, { "type": "LineString", "coordinates": [ [ 28.9556032, 41.0031009 ], [ 28.9558394, 41.0030947 ], [ 28.956015, 41.0030765 ] ] }, { "type": "LineString", "coordinates": [ [ 28.956015, 41.0030765 ], [ 28.9561648, 41.003112 ], [ 28.9562899, 41.0031207 ], [ 28.9565667, 41.0031384 ], [ 28.9567676, 41.0031583 ], [ 28.9570601, 41.0031995 ], [ 28.9574463, 41.003265 ] ] }, { "type": "LineString", "coordinates": [ [ 28.9575781, 41.0032454 ], [ 28.9577869, 41.003309 ] ] }, { "type": "LineString", "coordinates": [ [ 28.9520163, 41.0141761 ], [ 28.9520643, 41.0141845 ], [ 28.9520941, 41.0141837 ], [ 28.9521335, 41.0141716 ], [ 28.9521634, 41.0141494 ] ] }, { "type": "LineString", "coordinates": [ [ 28.95043, 41.0097837 ], [ 28.950234408448665, 41.009791818297472 ] ] }, { "type": "LineString", "coordinates": [ [ 28.950234408448665, 41.009791818297472 ], [ 28.9500421, 41.0097998 ] ] }, { "type": "LineString", "coordinates": [ [ 28.9723649, 41.0035818 ], [ 28.9721959, 41.0033276 ], [ 28.9721096, 41.003148899999985 ] ] }, { "type": "LineString", "coordinates": [ [ 28.9721096, 41.003148899999985 ], [ 28.9720952, 41.0031227 ] ] }, { "type": "LineString", "coordinates": [ [ 28.9488202, 41.0288158 ], [ 28.948467, 41.0287062 ], [ 28.9484136, 41.0286462 ] ] }, { "type": "LineString", "coordinates": [ [ 28.9484136, 41.0286462 ], [ 28.9483789, 41.0286216 ] ] }, { "type": "LineString", "coordinates": [ [ 28.9475364, 41.029022 ], [ 28.9473991, 41.0286437 ], [ 28.9472722, 41.0285888 ], [ 28.947384, 41.0282573 ] ] }, { "type": "LineString", "coordinates": [ [ 28.947384, 41.0282573 ], [ 28.9474827, 41.0281859 ], [ 28.9475948, 41.0279924 ] ] }, { "type": "LineString", "coordinates": [ [ 28.9653887, 41.0191582 ], [ 28.965604, 41.0190647 ] ] }, { "type": "LineString", "coordinates": [ [ 28.9476184, 41.0347511 ], [ 28.9477123, 41.0348106 ], [ 28.9478725, 41.0348601 ], [ 28.9482054, 41.034918 ], [ 28.9485135, 41.03493180000001 ], [ 28.9487437, 41.0349401 ], [ 28.9488696, 41.0349558 ], [ 28.9490403, 41.035077 ], [ 28.9490964, 41.0351779 ] ] }, { "type": "LineString", "coordinates": [ [ 28.9729482, 41.0030278 ], [ 28.9728875, 41.0025386 ] ] }, { "type": "LineString", "coordinates": [ [ 28.9758614, 41.0030066 ], [ 28.9754605, 41.0030496 ] ] }, { "type": "LineString", "coordinates": [ [ 28.9717105, 41.0178775 ], [ 28.971744478707397, 41.017799994888243 ] ] }, { "type": "LineString", "coordinates": [ [ 28.971744478707397, 41.017799994888243 ], [ 28.9717589, 41.0177671 ], [ 28.97179579303543, 41.017712346051816 ] ] }, { "type": "LineString", "coordinates": [ [ 28.97179579303543, 41.017712346051816 ], [ 28.9717967, 41.017711 ] ] }, { "type": "LineString", "coordinates": [ [ 28.9528171, 41.0149236 ], [ 28.9529011, 41.0149879 ] ] }, { "type": "LineString", "coordinates": [ [ 28.9529222, 41.0150748 ], [ 28.9529757, 41.0151347 ], [ 28.9530294, 41.015197 ], [ 28.9530403, 41.015210799999984 ], [ 28.9530495, 41.015223399999989 ], [ 28.9531132, 41.0153002 ] ] }, { "type": "LineString", "coordinates": [ [ 28.9483509, 41.011540699999983 ], [ 28.9482541, 41.0116792 ], [ 28.9482208, 41.0117313 ], [ 28.9481573, 41.0117992 ], [ 28.9481134, 41.0118396 ], [ 28.9480873, 41.0118826 ], [ 28.9480661, 41.0119507 ], [ 28.9480628, 41.0119989 ], [ 28.9480673, 41.0120491 ] ] }, { "type": "LineString", "coordinates": [ [ 28.9499464, 41.0104272 ], [ 28.9497468, 41.01057 ], [ 28.9495093, 41.0107361 ], [ 28.9492699, 41.01089480000001 ] ] }, { "type": "LineString", "coordinates": [ [ 28.9443227, 41.0002633 ], [ 28.9441833, 41.0002189 ], [ 28.9440597, 41.0001946 ], [ 28.9439468, 41.000180399999984 ], [ 28.9437369, 41.0001966 ] ] }, { "type": "LineString", "coordinates": [ [ 28.929817, 41.0240373 ], [ 28.9297226, 41.0239645 ], [ 28.929668, 41.023895 ], [ 28.9296756, 41.0238488 ], [ 28.9297138, 41.0237956 ], [ 28.9302999, 41.023374499999981 ] ] }, { "type": "LineString", "coordinates": [ [ 28.9302999, 41.023374499999981 ], [ 28.9304812, 41.0232443 ], [ 28.9306762, 41.023145 ] ] }, { "type": "LineString", "coordinates": [ [ 28.9334851, 41.0212308 ], [ 28.9338817, 41.0209529 ], [ 28.9342016, 41.0207255 ], [ 28.934694, 41.020405699999984 ] ] }, { "type": "LineString", "coordinates": [ [ 28.934694, 41.020405699999984 ], [ 28.9356293, 41.01972 ] ] }, { "type": "LineString", "coordinates": [ [ 28.9336013, 41.0217193 ], [ 28.9324129, 41.0225537 ] ] }, { "type": "LineString", "coordinates": [ [ 28.9324129, 41.0225537 ], [ 28.9315637, 41.023133 ] ] }, { "type": "LineString", "coordinates": [ [ 28.9336763, 41.0213642 ], [ 28.9335864, 41.0213016 ], [ 28.9334851, 41.0212308 ] ] }, { "type": "LineString", "coordinates": [ [ 28.9326999, 41.0220372 ], [ 28.9327673, 41.0220321 ], [ 28.9328379, 41.022017 ], [ 28.9329091, 41.0219849 ], [ 28.93325, 41.021775 ], [ 28.9333841, 41.0216821 ], [ 28.9334632, 41.0216368 ], [ 28.9335104, 41.0216176 ], [ 28.9335582, 41.02162460000001 ], [ 28.9335831, 41.0216471 ], [ 28.9335996, 41.0216788 ], [ 28.9336013, 41.0217193 ] ] }, { "type": "LineString", "coordinates": [ [ 28.9317828, 41.0226728 ], [ 28.9322732, 41.0223329 ], [ 28.9326999, 41.0220372 ] ] }, { "type": "LineString", "coordinates": [ [ 28.9358095, 41.0202017 ], [ 28.9340392, 41.0214205 ] ] }, { "type": "LineString", "coordinates": [ [ 28.9340392, 41.0214205 ], [ 28.9337711, 41.0216109 ], [ 28.9336013, 41.0217193 ] ] }, { "type": "LineString", "coordinates": [ [ 28.9788133, 41.0035212 ], [ 28.9791629, 41.003671499999989 ] ] }, { "type": "LineString", "coordinates": [ [ 28.9246078, 40.9905797 ], [ 28.9237532, 40.9912475 ] ] }, { "type": "LineString", "coordinates": [ [ 28.9366911, 41.0140861 ], [ 28.93671, 41.0141172 ] ] }, { "type": "LineString", "coordinates": [ [ 28.93671, 41.0141172 ], [ 28.9367946, 41.014253 ], [ 28.9369185, 41.0144313 ], [ 28.9370141, 41.0145428 ] ] }, { "type": "LineString", "coordinates": [ [ 28.9370141, 41.0145428 ], [ 28.9371008, 41.0146282 ], [ 28.9371932, 41.0147583 ], [ 28.9371924, 41.0147789 ], [ 28.9371709, 41.014802 ], [ 28.936876, 41.01491 ], [ 28.9366902, 41.014991399999985 ] ] }, { "type": "LineString", "coordinates": [ [ 28.9366902, 41.014991399999985 ], [ 28.9360951, 41.0152182 ], [ 28.9361436, 41.0152987 ], [ 28.9362678, 41.0154619 ] ] }, { "type": "LineString", "coordinates": [ [ 28.9366902, 41.014991399999985 ], [ 28.9368439, 41.0151982 ], [ 28.93688, 41.0152468 ] ] }, { "type": "LineString", "coordinates": [ [ 28.9361321, 41.0143495 ], [ 28.9366162, 41.0141549 ], [ 28.93671, 41.0141172 ] ] }, { "type": "LineString", "coordinates": [ [ 28.9360462, 41.0151448 ], [ 28.9359162, 41.014942299999987 ], [ 28.9360782, 41.0148776 ], [ 28.9363197, 41.0147857 ], [ 28.9366264, 41.0146784 ], [ 28.9370141, 41.0145428 ] ] }, { "type": "LineString", "coordinates": [ [ 28.9411157, 41.0154379 ], [ 28.9411889, 41.0155053 ], [ 28.9412964, 41.0155893 ], [ 28.9413276, 41.0156152 ], [ 28.9414241, 41.0156811 ], [ 28.941467, 41.0157102 ], [ 28.9415183, 41.0157457 ], [ 28.9416332, 41.0158251 ] ] }, { "type": "LineString", "coordinates": [ [ 28.924345844942181, 41.019486339305587 ], [ 28.9243923, 41.019467599999977 ] ] }, { "type": "LineString", "coordinates": [ [ 28.9535471, 41.0077101 ], [ 28.9541751, 41.0076785 ] ] }, { "type": "LineString", "coordinates": [ [ 28.9542541, 41.0071313 ], [ 28.9541823, 41.0071493 ], [ 28.9541453, 41.0071782 ], [ 28.9541217, 41.007218 ], [ 28.9541148, 41.0072377 ], [ 28.9541069, 41.0072871 ], [ 28.954116, 41.0073318 ] ] }, { "type": "LineString", "coordinates": [ [ 28.9549945, 41.0076771 ], [ 28.9549953, 41.007362 ], [ 28.9549958, 41.0071865 ], [ 28.954996, 41.0071307 ] ] }, { "type": "LineString", "coordinates": [ [ 28.9538119, 41.0071832 ], [ 28.953758, 41.0072091 ], [ 28.9536886, 41.0072476 ], [ 28.9536318, 41.0072916 ], [ 28.953572, 41.0073496 ] ] }, { "type": "LineString", "coordinates": [ [ 28.9536065, 41.0065327 ], [ 28.9536513, 41.0065975 ] ] }, { "type": "LineString", "coordinates": [ [ 28.9536513, 41.0065975 ], [ 28.9537065, 41.0066927 ], [ 28.9537675, 41.0067978 ], [ 28.9538711, 41.0069715 ], [ 28.9539437, 41.0071014 ], [ 28.9539846, 41.007172 ] ] }, { "type": "LineString", "coordinates": [ [ 28.9571352, 41.0081753 ], [ 28.9571613, 41.0081191 ], [ 28.957419, 41.0075404 ] ] }, { "type": "LineString", "coordinates": [ [ 28.957419, 41.0075404 ], [ 28.9574309, 41.0075037 ], [ 28.9574183, 41.0074243 ], [ 28.9573475, 41.007086 ] ] }, { "type": "LineString", "coordinates": [ [ 28.9502584, 41.0253002 ], [ 28.9504515, 41.0250161 ], [ 28.9505471, 41.0249416 ], [ 28.9510002, 41.0246629 ] ] }, { "type": "LineString", "coordinates": [ [ 28.9510002, 41.0246629 ], [ 28.951546, 41.024544 ] ] }, { "type": "LineString", "coordinates": [ [ 28.951546, 41.024544 ], [ 28.951811, 41.024464 ], [ 28.9520465, 41.024360099999988 ] ] }, { "type": "LineString", "coordinates": [ [ 28.9538513, 41.0168569 ], [ 28.9538309, 41.0168353 ] ] }, { "type": "LineString", "coordinates": [ [ 28.9538996, 41.0169081 ], [ 28.9538848, 41.0168924 ] ] }, { "type": "LineString", "coordinates": [ [ 28.9805593, 41.0058118 ], [ 28.9808844, 41.0055825 ], [ 28.9809511, 41.0055654 ], [ 28.9810216, 41.0055913 ], [ 28.9813318, 41.0058043 ] ] }, { "type": "LineString", "coordinates": [ [ 28.9630113, 41.0190486 ], [ 28.9633098, 41.0187987 ], [ 28.9629836, 41.018583499999984 ] ] }, { "type": "LineString", "coordinates": [ [ 28.9505461, 41.010037 ], [ 28.9503843, 41.010278 ], [ 28.9499257, 41.0105934 ] ] }, { "type": "LineString", "coordinates": [ [ 28.9800109, 41.004425 ], [ 28.9801226, 41.0045986 ], [ 28.9802178, 41.0048157 ], [ 28.9803598, 41.0050957 ] ] }, { "type": "LineString", "coordinates": [ [ 28.932438, 41.01467490000001 ], [ 28.9323909, 41.0147076 ] ] }, { "type": "LineString", "coordinates": [ [ 28.9810274, 41.0088285 ], [ 28.9799324, 41.0095572 ] ] }, { "type": "LineString", "coordinates": [ [ 28.9814754, 41.0078444 ], [ 28.9815925, 41.0073655 ] ] }, { "type": "LineString", "coordinates": [ [ 28.9825692, 41.0043319 ], [ 28.9826422, 41.00429 ] ] }, { "type": "LineString", "coordinates": [ [ 28.9808705, 41.0039369 ], [ 28.9809901, 41.0040655 ], [ 28.9810833, 41.004213 ], [ 28.9811053, 41.0042312 ] ] }, { "type": "LineString", "coordinates": [ [ 28.9811053, 41.0042312 ], [ 28.9811641, 41.0042799 ], [ 28.9812035, 41.0043045 ], [ 28.9813647, 41.0043894 ], [ 28.9814184, 41.0043972 ] ] }, { "type": "LineString", "coordinates": [ [ 28.9821233, 41.0053802 ], [ 28.9817405, 41.0052756 ] ] }, { "type": "LineString", "coordinates": [ [ 28.9822133, 41.0038492 ], [ 28.9820654, 41.0039215 ] ] }, { "type": "LineString", "coordinates": [ [ 28.9454334, 41.0378329 ], [ 28.9455136, 41.0378666 ], [ 28.9455863, 41.037967 ], [ 28.9456284, 41.0380096 ], [ 28.9456723, 41.0380331 ], [ 28.9457742, 41.0380503 ], [ 28.9458661, 41.0380507 ], [ 28.9459717, 41.0380094 ] ] }, { "type": "LineString", "coordinates": [ [ 28.9501579, 41.0091924 ], [ 28.9501933, 41.009244300000013 ], [ 28.9502393, 41.0092932 ], [ 28.9502551, 41.0093068 ], [ 28.9502773, 41.0093205 ], [ 28.9503585, 41.0093627 ] ] }, { "type": "LineString", "coordinates": [ [ 28.947559, 41.0025639 ], [ 28.9475216, 41.0025408 ], [ 28.9474543, 41.0025275 ], [ 28.9472968, 41.0025114 ] ] }, { "type": "LineString", "coordinates": [ [ 28.9476644, 41.0033666 ], [ 28.9476134, 41.0034334 ], [ 28.9472352, 41.0034962 ] ] }, { "type": "LineString", "coordinates": [ [ 28.9493692, 41.0030852 ], [ 28.9493692, 41.0032552 ] ] }, { "type": "LineString", "coordinates": [ [ 28.9493692, 41.0032552 ], [ 28.9493649, 41.0038018 ], [ 28.9484476, 41.003816 ], [ 28.9484556, 41.0032695 ], [ 28.9493692, 41.0032552 ] ] }, { "type": "LineString", "coordinates": [ [ 28.9501997, 41.0039108 ], [ 28.9501521, 41.0039085 ], [ 28.9501349, 41.0039077 ], [ 28.9500864, 41.0038923 ], [ 28.9500565, 41.0038705 ], [ 28.9500594, 41.0036529 ], [ 28.9500747, 41.0036212 ], [ 28.9500988, 41.0036004 ], [ 28.9501475, 41.003589299999987 ], [ 28.9502001, 41.003577300000011 ] ] }, { "type": "LineString", "coordinates": [ [ 28.9500364, 41.0031717 ], [ 28.9495317, 41.0031768 ] ] }, { "type": "LineString", "coordinates": [ [ 28.9669522, 41.0159392 ], [ 28.9669837, 41.0159208 ], [ 28.9670229, 41.0159052 ], [ 28.9670686, 41.0159016 ], [ 28.9671063, 41.0159064 ], [ 28.9671385, 41.015912 ], [ 28.9671717, 41.015927099999985 ] ] }, { "type": "LineString", "coordinates": [ [ 28.9667217, 41.014778 ], [ 28.9673024, 41.014786 ] ] }, { "type": "LineString", "coordinates": [ [ 28.9617522, 41.0159776 ], [ 28.9614589, 41.015754 ] ] }, { "type": "LineString", "coordinates": [ [ 28.9614589, 41.015754 ], [ 28.9613836, 41.0156966 ], [ 28.9613144, 41.0156596 ], [ 28.9612433, 41.0156388 ] ] }, { "type": "LineString", "coordinates": [ [ 28.9554962, 41.0115382 ], [ 28.9557008, 41.0115271 ], [ 28.9561494, 41.0115231 ] ] }, { "type": "LineString", "coordinates": [ [ 28.9566361, 41.0115145 ], [ 28.9569589, 41.01151010000001 ] ] }, { "type": "LineString", "coordinates": [ [ 28.9572645, 41.0115065 ], [ 28.9573541, 41.0115255 ] ] }, { "type": "LineString", "coordinates": [ [ 28.9539746, 41.0109415 ], [ 28.9535902, 41.0110138 ] ] }, { "type": "LineString", "coordinates": [ [ 28.9548409, 41.0126004 ], [ 28.954819, 41.012573 ], [ 28.954807, 41.0125497 ], [ 28.9547914, 41.0125164 ], [ 28.9547874, 41.0124922 ] ] }, { "type": "LineString", "coordinates": [ [ 28.9560398, 41.0136129 ], [ 28.9559908, 41.0135637 ], [ 28.9559697, 41.0135425 ] ] }, { "type": "LineString", "coordinates": [ [ 28.9559697, 41.0135425 ], [ 28.9557624, 41.01333480000001 ], [ 28.9556329, 41.0132089 ], [ 28.9555522, 41.0131254 ] ] }, { "type": "LineString", "coordinates": [ [ 28.9551387, 41.012015299999987 ], [ 28.9553304, 41.0118297 ] ] }, { "type": "LineString", "coordinates": [ [ 28.9547367, 41.016784 ], [ 28.9548478, 41.0167252 ], [ 28.9549534, 41.0166854 ], [ 28.9550445, 41.0166768 ], [ 28.9551184, 41.0166952 ], [ 28.9551688, 41.0167154 ], [ 28.9552172, 41.0167497 ] ] }, { "type": "LineString", "coordinates": [ [ 28.9593853, 41.0095311 ], [ 28.9600543, 41.0095237 ] ] }, { "type": "LineString", "coordinates": [ [ 28.9600543, 41.0095237 ], [ 28.960127, 41.0095394 ], [ 28.9607398, 41.0095388 ], [ 28.9610099, 41.0095382 ] ] }, { "type": "LineString", "coordinates": [ [ 28.9610099, 41.0095382 ], [ 28.9615505, 41.0095382 ], [ 28.9619283, 41.0095302 ] ] }, { "type": "LineString", "coordinates": [ [ 28.9633092, 41.0093709 ], [ 28.9635507, 41.0093469 ], [ 28.9639608, 41.009319199999986 ] ] }, { "type": "LineString", "coordinates": [ [ 28.9542515, 41.0029737 ], [ 28.9543688, 41.0030404 ], [ 28.9544901, 41.003093 ] ] }, { "type": "LineString", "coordinates": [ [ 28.9542515, 41.0029737 ], [ 28.9544576, 41.0030284 ], [ 28.9545263, 41.0030478 ] ] }, { "type": "LineString", "coordinates": [ [ 28.9526172, 41.0023648 ], [ 28.952664767828818, 41.002387709118743 ] ] }, { "type": "LineString", "coordinates": [ [ 28.952664767828818, 41.002387709118743 ], [ 28.9527042, 41.0024067 ] ] }, { "type": "LineString", "coordinates": [ [ 28.9560606, 41.0037684 ], [ 28.9559195, 41.0037421 ], [ 28.9558189, 41.0037303 ], [ 28.9554908, 41.0036892 ], [ 28.9551929, 41.0036364 ] ] }, { "type": "LineString", "coordinates": [ [ 28.9538119, 41.0071832 ], [ 28.9537233, 41.007182 ], [ 28.9536962, 41.007181399999986 ], [ 28.9536677, 41.0071816 ], [ 28.9535816, 41.0071773 ] ] }, { "type": "LineString", "coordinates": [ [ 28.9566359, 41.0115455 ], [ 28.9566361, 41.0115145 ] ] }, { "type": "LineString", "coordinates": [ [ 28.9480673, 41.0120491 ], [ 28.9480919, 41.012124 ], [ 28.9481317, 41.0122249 ], [ 28.9481465, 41.012270699999988 ], [ 28.9481528, 41.0123237 ] ] }, { "type": "LineString", "coordinates": [ [ 28.9479982, 41.0120921 ], [ 28.9479383, 41.0120679 ], [ 28.9478798, 41.0120554 ], [ 28.947842, 41.0120514 ], [ 28.9477964, 41.0120514 ], [ 28.9477071, 41.012055 ], [ 28.9476266, 41.0120608 ], [ 28.947584, 41.0120644 ] ] }, { "type": "LineString", "coordinates": [ [ 28.9479052, 41.0119296 ], [ 28.9478829, 41.0118586 ] ] }, { "type": "LineString", "coordinates": [ [ 28.9478829, 41.0118586 ], [ 28.947906, 41.0118039 ], [ 28.9479304, 41.0117211 ], [ 28.9479498, 41.0116502 ] ] }, { "type": "LineString", "coordinates": [ [ 28.9478672, 41.0115643 ], [ 28.9478592, 41.0116755 ], [ 28.9478616, 41.0117568 ], [ 28.9478829, 41.0118586 ] ] }, { "type": "LineString", "coordinates": [ [ 28.947444, 41.0118534 ], [ 28.9475255, 41.011841 ], [ 28.9476172, 41.0118054 ], [ 28.9476957, 41.01178 ], [ 28.9477563, 41.0117739 ], [ 28.9478084, 41.0117837 ], [ 28.9478493, 41.0118164 ], [ 28.9478829, 41.0118586 ] ] }, { "type": "LineString", "coordinates": [ [ 28.9473729, 41.0122105 ], [ 28.9469651, 41.012495 ] ] }, { "type": "LineString", "coordinates": [ [ 28.9469651, 41.012495 ], [ 28.9465334, 41.0127933 ] ] }, { "type": "LineString", "coordinates": [ [ 28.9457015, 41.0133689 ], [ 28.94539, 41.013579399999983 ], [ 28.945341, 41.013611 ], [ 28.9437615, 41.014704 ] ] }, { "type": "LineString", "coordinates": [ [ 28.9409191, 41.0153801 ], [ 28.9410062, 41.0153382 ] ] }, { "type": "LineString", "coordinates": [ [ 28.9410062, 41.0153382 ], [ 28.9410307, 41.0153633 ], [ 28.9411157, 41.0154379 ] ] }, { "type": "LineString", "coordinates": [ [ 28.9414356, 41.0165958 ], [ 28.9406807, 41.0171386 ] ] }, { "type": "LineString", "coordinates": [ [ 28.9406807, 41.0171386 ], [ 28.9398899, 41.017684 ] ] }, { "type": "LineString", "coordinates": [ [ 28.9398899, 41.017684 ], [ 28.9391506, 41.0181939 ], [ 28.9387969, 41.0184422 ], [ 28.9386495, 41.0185333 ] ] }, { "type": "LineString", "coordinates": [ [ 28.9340392, 41.0214205 ], [ 28.9339381, 41.0214172 ] ] }, { "type": "LineString", "coordinates": [ [ 28.9339381, 41.0214172 ], [ 28.9339067, 41.0214013 ], [ 28.9338741, 41.0213754 ], [ 28.9338555, 41.02135 ], [ 28.9338427, 41.0213223 ], [ 28.9338345, 41.0212881 ], [ 28.9338397, 41.0212512 ] ] }, { "type": "LineString", "coordinates": [ [ 28.9649471, 41.0092564 ], [ 28.9651655, 41.00923370000001 ], [ 28.9654328, 41.0091954 ] ] }, { "type": "LineString", "coordinates": [ [ 28.9653924, 41.0073935 ], [ 28.9654138, 41.0074446 ] ] }, { "type": "LineString", "coordinates": [ [ 28.9639275, 41.0077494 ], [ 28.9638113, 41.0077773 ], [ 28.9630426, 41.007963 ] ] }, { "type": "LineString", "coordinates": [ [ 28.9579469, 41.0157554 ], [ 28.9570814, 41.016189899999986 ], [ 28.956393, 41.0165053 ] ] }, { "type": "LineString", "coordinates": [ [ 28.9605401, 41.0202391 ], [ 28.9609909, 41.0200549 ] ] }, { "type": "LineString", "coordinates": [ [ 28.9609909, 41.0200549 ], [ 28.9613709, 41.019895 ] ] }, { "type": "LineString", "coordinates": [ [ 28.9613709, 41.019895 ], [ 28.9616507, 41.0197767 ] ] }, { "type": "LineString", "coordinates": [ [ 28.9595663, 41.0191687 ], [ 28.960063, 41.019680099999988 ], [ 28.9602248, 41.0198696 ], [ 28.9605401, 41.0202391 ] ] }, { "type": "LineString", "coordinates": [ [ 28.9605401, 41.0202391 ], [ 28.96061, 41.0203311 ], [ 28.9608031, 41.0206043 ] ] }, { "type": "LineString", "coordinates": [ [ 28.9610252, 41.0188416 ], [ 28.9609493, 41.018783 ], [ 28.9606744, 41.018534699999989 ], [ 28.9605114, 41.0184203 ], [ 28.9603518, 41.018459900000011 ], [ 28.9598804, 41.01830540000001 ] ] }, { "type": "LineString", "coordinates": [ [ 28.9598804, 41.01830540000001 ], [ 28.959759, 41.0182254 ] ] }, { "type": "LineString", "coordinates": [ [ 28.959759, 41.0182254 ], [ 28.9597313, 41.0182071 ], [ 28.9596203, 41.0181435 ], [ 28.9595103, 41.0180565 ], [ 28.9594245, 41.01790470000001 ], [ 28.9593762, 41.0177489 ] ] }, { "type": "LineString", "coordinates": [ [ 28.9587139, 41.0176904 ], [ 28.9592905, 41.0177165 ], [ 28.9593762, 41.0177489 ] ] }, { "type": "LineString", "coordinates": [ [ 28.9594117, 41.0190002 ], [ 28.9595056, 41.0187395 ] ] }, { "type": "LineString", "coordinates": [ [ 28.9595056, 41.0187395 ], [ 28.9598804, 41.01830540000001 ] ] }, { "type": "LineString", "coordinates": [ [ 28.9611086, 41.0187636 ], [ 28.960952, 41.0182501 ], [ 28.9608639, 41.017987 ], [ 28.9608419, 41.0179068 ] ] }, { "type": "LineString", "coordinates": [ [ 28.9608419, 41.0179068 ], [ 28.9607331, 41.0176717 ], [ 28.9606956, 41.0175607 ] ] }, { "type": "LineString", "coordinates": [ [ 28.9606956, 41.0175607 ], [ 28.9606404, 41.017459100000011 ], [ 28.9605962, 41.017395 ], [ 28.9605476, 41.0173336 ] ] }, { "type": "LineString", "coordinates": [ [ 28.9605476, 41.0173336 ], [ 28.960299, 41.0170475 ] ] }, { "type": "LineString", "coordinates": [ [ 28.9624709, 41.021347 ], [ 28.962421, 41.0212843 ], [ 28.9623731, 41.02122330000001 ] ] }, { "type": "LineString", "coordinates": [ [ 28.9623731, 41.02122330000001 ], [ 28.9622476, 41.0210661 ] ] }, { "type": "LineString", "coordinates": [ [ 28.9622476, 41.0210661 ], [ 28.9620686, 41.020856 ] ] }, { "type": "LineString", "coordinates": [ [ 28.9620686, 41.020856 ], [ 28.961886, 41.0205655 ] ] }, { "type": "LineString", "coordinates": [ [ 28.961886, 41.0205655 ], [ 28.9616264, 41.0202356 ] ] }, { "type": "LineString", "coordinates": [ [ 28.9616264, 41.0202356 ], [ 28.9613709, 41.019895 ] ] }, { "type": "LineString", "coordinates": [ [ 28.9619727, 41.0186044 ], [ 28.9618125, 41.0181235 ] ] }, { "type": "LineString", "coordinates": [ [ 28.9399216, 41.01391910000001 ], [ 28.939995, 41.0138931 ] ] }, { "type": "LineString", "coordinates": [ [ 28.9403869, 41.0144909 ], [ 28.9403083, 41.014521799999983 ] ] }, { "type": "LineString", "coordinates": [ [ 28.9663104, 41.0184525 ], [ 28.9663486, 41.018404099999984 ], [ 28.9663731, 41.0183757 ], [ 28.966568, 41.0182807 ], [ 28.9666226, 41.0182541 ] ] }, { "type": "LineString", "coordinates": [ [ 28.9666226, 41.0182541 ], [ 28.9667523, 41.0181909 ], [ 28.967064, 41.018007 ] ] }, { "type": "LineString", "coordinates": [ [ 28.9655399, 41.0187031 ], [ 28.9653619, 41.0183446 ] ] }, { "type": "LineString", "coordinates": [ [ 28.9653619, 41.0183446 ], [ 28.9653674, 41.0182891 ] ] }, { "type": "LineString", "coordinates": [ [ 28.9653674, 41.0182891 ], [ 28.9651755, 41.0180077 ] ] }, { "type": "LineString", "coordinates": [ [ 28.9637064, 41.0194598 ], [ 28.9637426, 41.0194287 ], [ 28.9640366, 41.0192328 ] ] }, { "type": "LineString", "coordinates": [ [ 28.9641983, 41.019083 ], [ 28.9643953, 41.0189618 ], [ 28.9647888, 41.0186879 ] ] }, { "type": "LineString", "coordinates": [ [ 28.9647888, 41.0186879 ], [ 28.965094, 41.0184906 ] ] }, { "type": "LineString", "coordinates": [ [ 28.965094, 41.0184906 ], [ 28.9653619, 41.0183446 ] ] }, { "type": "LineString", "coordinates": [ [ 28.9627589, 41.0207901 ], [ 28.9626829, 41.020563899999978 ] ] }, { "type": "LineString", "coordinates": [ [ 28.9626829, 41.020563899999978 ], [ 28.9626157, 41.0204101 ], [ 28.9625764, 41.0202763 ] ] }, { "type": "LineString", "coordinates": [ [ 28.9625764, 41.0202763 ], [ 28.962438, 41.0199497 ] ] }, { "type": "LineString", "coordinates": [ [ 28.9620626, 41.0149403 ], [ 28.9617652, 41.0151969 ], [ 28.9616813, 41.0152457 ], [ 28.9612526, 41.0152772 ] ] }, { "type": "LineString", "coordinates": [ [ 28.9611584, 41.0119192 ], [ 28.9626925, 41.0119611 ] ] }, { "type": "LineString", "coordinates": [ [ 28.95875, 41.0141983 ], [ 28.9592248, 41.0139533 ], [ 28.9594246, 41.0139057 ], [ 28.959403, 41.0137569 ], [ 28.9591517, 41.013408299999988 ], [ 28.9588154, 41.0130278 ] ] }, { "type": "LineString", "coordinates": [ [ 28.9409332, 41.0104398 ], [ 28.9417476, 41.0104155 ] ] }, { "type": "LineString", "coordinates": [ [ 28.9417476, 41.0104155 ], [ 28.9426535, 41.0104157 ] ] }, { "type": "LineString", "coordinates": [ [ 28.9420008, 41.0094506 ], [ 28.9419914, 41.0093954 ], [ 28.941996, 41.0093397 ], [ 28.9421628, 41.0090382 ], [ 28.9423038, 41.0088151 ] ] }, { "type": "LineString", "coordinates": [ [ 28.9372111, 41.0071935 ], [ 28.9371858, 41.007229 ], [ 28.9371235, 41.0073607 ] ] }, { "type": "LineString", "coordinates": [ [ 28.9382756, 41.0063753 ], [ 28.9387963, 41.0065239 ], [ 28.9389481, 41.0065818 ] ] }, { "type": "LineString", "coordinates": [ [ 28.9389481, 41.0065818 ], [ 28.9393106, 41.0067674 ], [ 28.9393728, 41.0068064 ] ] }, { "type": "LineString", "coordinates": [ [ 28.9393728, 41.0068064 ], [ 28.9394111, 41.0068295 ] ] }, { "type": "LineString", "coordinates": [ [ 28.945183, 41.0093265 ], [ 28.9452579, 41.0093183 ], [ 28.9453823, 41.0093327 ], [ 28.9456793, 41.0093943 ], [ 28.9457153, 41.0094021 ] ] }, { "type": "LineString", "coordinates": [ [ 28.9457153, 41.0094021 ], [ 28.9464226, 41.0095551 ] ] }, { "type": "LineString", "coordinates": [ [ 28.9464226, 41.0095551 ], [ 28.9466535, 41.0095938 ], [ 28.9467735, 41.0096191 ] ] }, { "type": "LineString", "coordinates": [ [ 28.9467735, 41.0096191 ], [ 28.946905, 41.009687 ], [ 28.9469886, 41.0097447 ], [ 28.9470348, 41.009800399999989 ], [ 28.9470792, 41.0098707 ] ] }, { "type": "LineString", "coordinates": [ [ 28.9453877, 41.009861 ], [ 28.9455468, 41.009840799999985 ], [ 28.9455789, 41.009822400000012 ], [ 28.9455955, 41.0097982 ], [ 28.9457153, 41.0094021 ] ] }, { "type": "LineString", "coordinates": [ [ 28.9474187, 41.0094387 ], [ 28.947035, 41.0093342 ] ] }, { "type": "LineString", "coordinates": [ [ 28.9600856, 41.014327 ], [ 28.9597359, 41.0141685 ] ] }, { "type": "LineString", "coordinates": [ [ 28.959491, 41.014716099999987 ], [ 28.9595305, 41.0147193 ], [ 28.9595676, 41.0147154 ], [ 28.9596556, 41.0147013 ], [ 28.9597288, 41.01467430000001 ], [ 28.9598862, 41.01453690000001 ] ] }, { "type": "LineString", "coordinates": [ [ 28.9588246, 41.015701499999984 ], [ 28.9592929, 41.0154538 ] ] }, { "type": "LineString", "coordinates": [ [ 28.9601307, 41.0158505 ], [ 28.9600559, 41.0158678 ], [ 28.9599129, 41.0159172 ], [ 28.959832, 41.0159401 ], [ 28.9597955, 41.0159498 ], [ 28.9597584, 41.0159523 ], [ 28.959724, 41.0159396 ], [ 28.9596822, 41.0159233 ], [ 28.9596291, 41.015887 ] ] }, { "type": "LineString", "coordinates": [ [ 28.9603128, 41.0169911 ], [ 28.9603395, 41.0169378 ], [ 28.9603448, 41.0168948 ], [ 28.9603404, 41.016837 ], [ 28.9602626, 41.0165461 ], [ 28.9602284, 41.0164137 ] ] }, { "type": "LineString", "coordinates": [ [ 28.9602284, 41.0164137 ], [ 28.9601306, 41.016227099999988 ] ] }, { "type": "LineString", "coordinates": [ [ 28.9607123, 41.0170574 ], [ 28.9607302, 41.0170108 ], [ 28.9607524, 41.0168473 ] ] }, { "type": "LineString", "coordinates": [ [ 28.9607524, 41.0168473 ], [ 28.960719, 41.0166788 ], [ 28.9606233, 41.0164481 ], [ 28.9605894, 41.0163879 ], [ 28.9605572, 41.0163768 ], [ 28.9604845, 41.0163722 ], [ 28.9604059, 41.0163768 ], [ 28.9602284, 41.0164137 ] ] }, { "type": "LineString", "coordinates": [ [ 28.9615967, 41.0218583 ], [ 28.9615712, 41.0218286 ], [ 28.9613284, 41.0215462 ] ] }, { "type": "LineString", "coordinates": [ [ 28.9613284, 41.0215462 ], [ 28.961217, 41.021437799999987 ], [ 28.9611882, 41.0214008 ] ] }, { "type": "LineString", "coordinates": [ [ 28.9559555, 41.0087643 ], [ 28.9551432, 41.0088479 ] ] }, { "type": "LineString", "coordinates": [ [ 28.9661703, 41.0176443 ], [ 28.9660829, 41.0174575 ], [ 28.966096, 41.0174216 ], [ 28.9662134, 41.0173198 ] ] }, { "type": "LineString", "coordinates": [ [ 28.9662134, 41.0173198 ], [ 28.9663702, 41.0172123 ], [ 28.9664019, 41.017177 ], [ 28.9664124, 41.017144 ] ] }, { "type": "LineString", "coordinates": [ [ 28.9551222, 41.0062055 ], [ 28.9550883, 41.0061797 ], [ 28.9549002, 41.0059633 ] ] }, { "type": "LineString", "coordinates": [ [ 28.9538145, 41.006001 ], [ 28.9538189, 41.0058945 ], [ 28.9538205, 41.0058718 ], [ 28.9538221, 41.0058491 ], [ 28.9538521, 41.0058195 ], [ 28.9539015, 41.0057985 ], [ 28.9540991, 41.0057893 ] ] }, { "type": "LineString", "coordinates": [ [ 28.9538348, 41.0050474 ], [ 28.9539481, 41.0048703 ] ] }, { "type": "LineString", "coordinates": [ [ 28.9577422, 41.0063624 ], [ 28.9579627, 41.0069434 ] ] }, { "type": "LineString", "coordinates": [ [ 28.9589397, 41.006051 ], [ 28.9585474, 41.0061554 ] ] }, { "type": "LineString", "coordinates": [ [ 28.9585474, 41.0061554 ], [ 28.9581887, 41.0062571 ], [ 28.9581737, 41.0062613 ], [ 28.9577422, 41.0063624 ] ] }, { "type": "LineString", "coordinates": [ [ 28.9539846, 41.007172 ], [ 28.9539231, 41.0071786 ], [ 28.9538735, 41.0071832 ], [ 28.9538119, 41.0071832 ] ] }, { "type": "LineString", "coordinates": [ [ 28.9542541, 41.0071313 ], [ 28.9541183, 41.007141 ], [ 28.9540498, 41.0071542 ], [ 28.9539846, 41.007172 ] ] }, { "type": "LineString", "coordinates": [ [ 28.9625989, 41.009051499999984 ], [ 28.9626792, 41.0089665 ], [ 28.9627184, 41.0089248 ], [ 28.9627534, 41.0089013 ], [ 28.9628455, 41.0088754 ], [ 28.9630552, 41.0088208 ], [ 28.9633083, 41.0087727 ] ] }, { "type": "LineString", "coordinates": [ [ 28.9649494, 41.0085012 ], [ 28.965356, 41.0084122 ] ] }, { "type": "LineString", "coordinates": [ [ 28.9633083, 41.0087727 ], [ 28.9640106, 41.0086563 ], [ 28.964087, 41.0086456 ] ] }, { "type": "LineString", "coordinates": [ [ 28.960959, 41.0044932 ], [ 28.9607937, 41.0042574 ] ] }, { "type": "LineString", "coordinates": [ [ 28.9607937, 41.0042574 ], [ 28.9607254, 41.0041691 ], [ 28.9606577, 41.0040391 ] ] }, { "type": "LineString", "coordinates": [ [ 28.9614776, 41.0052124 ], [ 28.9618213, 41.005766 ] ] }, { "type": "LineString", "coordinates": [ [ 28.9638984, 41.0041381 ], [ 28.964195, 41.0039776 ] ] }, { "type": "LineString", "coordinates": [ [ 28.9504956, 41.00208 ], [ 28.9503349, 41.002047 ], [ 28.9501494, 41.002007699999986 ], [ 28.9499244, 41.00195870000001 ] ] }, { "type": "LineString", "coordinates": [ [ 28.9710816, 41.00184 ], [ 28.971135073185721, 41.001843932497465 ] ] }, { "type": "LineString", "coordinates": [ [ 28.971135073185721, 41.001843932497465 ], [ 28.9712067, 41.0018492 ] ] }, { "type": "LineString", "coordinates": [ [ 28.9573524, 41.003111 ], [ 28.9575563, 41.0031245 ] ] }, { "type": "LineString", "coordinates": [ [ 28.9575563, 41.0031245 ], [ 28.9576864, 41.0031343 ] ] }, { "type": "LineString", "coordinates": [ [ 28.9402027, 41.0019629 ], [ 28.9403589, 41.0018856 ], [ 28.9407768, 41.0017334 ] ] }, { "type": "LineString", "coordinates": [ [ 28.9431231, 41.0011125 ], [ 28.943172056421332, 41.001153063904916 ] ] }, { "type": "LineString", "coordinates": [ [ 28.943172056421332, 41.001153063904916 ], [ 28.9431896, 41.0011676 ] ] }, { "type": "LineString", "coordinates": [ [ 28.9432453, 41.0012307 ], [ 28.94325496640996, 41.001250774371648 ] ] }, { "type": "LineString", "coordinates": [ [ 28.94325496640996, 41.001250774371648 ], [ 28.9432818, 41.0013065 ], [ 28.943302589926301, 41.001345212286679 ] ] }, { "type": "LineString", "coordinates": [ [ 28.943302589926301, 41.001345212286679 ], [ 28.9433108, 41.0013605 ] ] }, { "type": "LineString", "coordinates": [ [ 28.9698602, 41.0106306 ], [ 28.9709475, 41.0108538 ] ] }, { "type": "LineString", "coordinates": [ [ 28.9659491, 41.0145295 ], [ 28.9667263, 41.0145281 ] ] }, { "type": "LineString", "coordinates": [ [ 28.9667263, 41.0145281 ], [ 28.9674333, 41.0145321 ] ] }, { "type": "LineString", "coordinates": [ [ 28.9659276, 41.0141074 ], [ 28.9663833, 41.0141247 ] ] }, { "type": "LineString", "coordinates": [ [ 28.9560619, 41.004076 ], [ 28.9560689, 41.004395700000011 ], [ 28.9561397, 41.0045609 ] ] }, { "type": "LineString", "coordinates": [ [ 28.9423129, 41.0071141 ], [ 28.9423744, 41.0070285 ] ] }, { "type": "LineString", "coordinates": [ [ 28.9423744, 41.0070285 ], [ 28.9423858, 41.0070126 ], [ 28.9427636, 41.00719 ] ] }, { "type": "LineString", "coordinates": [ [ 28.9427636, 41.00719 ], [ 28.9428686, 41.0072393 ] ] }, { "type": "LineString", "coordinates": [ [ 28.9423744, 41.0070285 ], [ 28.9424568, 41.0067864 ], [ 28.9428833, 41.0068451 ] ] }, { "type": "LineString", "coordinates": [ [ 28.9427636, 41.00719 ], [ 28.9428833, 41.0069463 ] ] }, { "type": "LineString", "coordinates": [ [ 28.9471039, 41.0080022 ], [ 28.9473998, 41.0079792 ] ] }, { "type": "LineString", "coordinates": [ [ 28.9450698, 41.0069709 ], [ 28.9452608, 41.0068143 ] ] }, { "type": "LineString", "coordinates": [ [ 28.9439837, 41.0062047 ], [ 28.9441971, 41.0060841 ] ] }, { "type": "LineString", "coordinates": [ [ 28.9438964, 41.0055388 ], [ 28.9437474, 41.0057063 ] ] }, { "type": "LineString", "coordinates": [ [ 28.9431344, 41.006109799999983 ], [ 28.9433196, 41.0058868 ], [ 28.9431737, 41.0058066 ] ] }, { "type": "LineString", "coordinates": [ [ 28.9456916, 41.0062506 ], [ 28.9455484, 41.0060828 ] ] }, { "type": "LineString", "coordinates": [ [ 28.9443947, 41.0066533 ], [ 28.9445747, 41.0065453 ] ] }, { "type": "LineString", "coordinates": [ [ 28.9757059, 41.0110837 ], [ 28.9752059, 41.0106197 ] ] }, { "type": "LineString", "coordinates": [ [ 28.9769162, 41.0101641 ], [ 28.976588, 41.010488599999988 ] ] }, { "type": "LineString", "coordinates": [ [ 28.9765244, 41.0082036 ], [ 28.9766115, 41.008488 ] ] }, { "type": "LineString", "coordinates": [ [ 28.9515226, 41.0201183 ], [ 28.9518506, 41.0202962 ] ] }, { "type": "LineString", "coordinates": [ [ 28.9507581, 41.0208832 ], [ 28.9511064, 41.0210712 ] ] }, { "type": "LineString", "coordinates": [ [ 28.9518916, 41.0197298 ], [ 28.9527224, 41.0189372 ] ] }, { "type": "LineString", "coordinates": [ [ 28.9455923, 41.0259547 ], [ 28.9455333, 41.0258152 ], [ 28.9454265, 41.0258283 ], [ 28.9453907, 41.0256698 ] ] }, { "type": "LineString", "coordinates": [ [ 28.9446768, 41.0249528 ], [ 28.9445625, 41.0244637 ] ] }, { "type": "LineString", "coordinates": [ [ 28.9436391, 41.0252356 ], [ 28.9437745, 41.0254927 ] ] }, { "type": "LineString", "coordinates": [ [ 28.9420043, 41.03161 ], [ 28.9423361, 41.0314716 ], [ 28.9425802, 41.0312368 ] ] }, { "type": "LineString", "coordinates": [ [ 28.9387556, 41.0315779 ], [ 28.9386462, 41.0313861 ] ] }, { "type": "LineString", "coordinates": [ [ 28.9438032, 41.035972 ], [ 28.9437184, 41.0360698 ], [ 28.9436224, 41.0360685 ], [ 28.9434728, 41.0361218 ], [ 28.9433686, 41.0361803 ], [ 28.9433153, 41.0363154 ] ] }, { "type": "LineString", "coordinates": [ [ 28.9414885, 41.0382757 ], [ 28.941414, 41.0380526 ] ] }, { "type": "LineString", "coordinates": [ [ 28.9395359, 41.0372094 ], [ 28.9398327, 41.0371994 ] ] }, { "type": "LineString", "coordinates": [ [ 28.9420148, 41.0350407 ], [ 28.9421781, 41.0350933 ] ] }, { "type": "LineString", "coordinates": [ [ 28.9406879, 41.0310515 ], [ 28.9408609, 41.0309516 ], [ 28.9409173, 41.030814 ], [ 28.9408904, 41.0307776 ] ] }, { "type": "LineString", "coordinates": [ [ 28.9461713, 41.0341282 ], [ 28.9464144, 41.034133 ] ] }, { "type": "LineString", "coordinates": [ [ 28.9499602, 41.0286774 ], [ 28.9500295, 41.0285569 ], [ 28.950166, 41.0284452 ], [ 28.9502433, 41.0284006 ] ] }, { "type": "LineString", "coordinates": [ [ 28.9502433, 41.0284006 ], [ 28.9504955, 41.0282949 ] ] }, { "type": "LineString", "coordinates": [ [ 28.9458066, 41.02967 ], [ 28.9457654, 41.0293976 ] ] }, { "type": "LineString", "coordinates": [ [ 28.9478701, 41.0278498 ], [ 28.9474685, 41.0277369 ], [ 28.947282, 41.0277128 ] ] }, { "type": "LineString", "coordinates": [ [ 28.9690533, 41.010321 ], [ 28.9691134, 41.0101517 ] ] }, { "type": "LineString", "coordinates": [ [ 28.9687071, 41.011367099999987 ], [ 28.9687301, 41.0113417 ] ] }, { "type": "LineString", "coordinates": [ [ 28.9687301, 41.0113417 ], [ 28.9687838, 41.0112667 ] ] }, { "type": "LineString", "coordinates": [ [ 28.9665358, 41.010989 ], [ 28.9663563, 41.0108862 ] ] }, { "type": "LineString", "coordinates": [ [ 28.9663563, 41.0108862 ], [ 28.9662909, 41.0108577 ], [ 28.9662828, 41.0108542 ] ] }, { "type": "LineString", "coordinates": [ [ 28.9664298, 41.0096328 ], [ 28.9666772, 41.009546499999985 ] ] }, { "type": "LineString", "coordinates": [ [ 28.9686166, 41.0102493 ], [ 28.9687453, 41.010268599999989 ], [ 28.9690533, 41.010321 ] ] }, { "type": "LineString", "coordinates": [ [ 28.969001, 41.0104719 ], [ 28.9690533, 41.010321 ] ] }, { "type": "LineString", "coordinates": [ [ 28.9663563, 41.0108862 ], [ 28.966384, 41.01072640000001 ] ] }, { "type": "LineString", "coordinates": [ [ 28.9684469, 41.0107986 ], [ 28.9681916, 41.0107592 ], [ 28.9682318, 41.0106113 ] ] }, { "type": "LineString", "coordinates": [ [ 28.9687885, 41.0107061 ], [ 28.968932, 41.0107321 ] ] }, { "type": "LineString", "coordinates": [ [ 28.9684143, 41.0109187 ], [ 28.9684469, 41.0107986 ] ] }, { "type": "LineString", "coordinates": [ [ 28.9668357, 41.0100264 ], [ 28.9668557, 41.009995 ], [ 28.9668974, 41.0099293 ] ] }, { "type": "LineString", "coordinates": [ [ 28.9668974, 41.0099293 ], [ 28.9669112, 41.009819899999989 ] ] }, { "type": "LineString", "coordinates": [ [ 28.9675021, 41.0102154 ], [ 28.9674784, 41.0100789 ] ] }, { "type": "LineString", "coordinates": [ [ 28.9674784, 41.0100789 ], [ 28.9674622, 41.0099858 ] ] }, { "type": "LineString", "coordinates": [ [ 28.9674622, 41.0099858 ], [ 28.9674585, 41.0099654 ] ] }, { "type": "LineString", "coordinates": [ [ 28.9674585, 41.0099654 ], [ 28.9674435, 41.0098733 ] ] }, { "type": "LineString", "coordinates": [ [ 28.9800205, 41.0041754 ], [ 28.9802234, 41.0040301 ] ] }, { "type": "LineString", "coordinates": [ [ 28.9790752, 41.0095586 ], [ 28.9793299, 41.0093873 ] ] }, { "type": "LineString", "coordinates": [ [ 28.9816529, 41.0042778 ], [ 28.9814346, 41.0040392 ] ] }, { "type": "LineString", "coordinates": [ [ 28.9811053, 41.0042312 ], [ 28.9810871, 41.004109 ], [ 28.9813056, 41.0039903 ], [ 28.9811039, 41.00377060000001 ] ] }, { "type": "LineString", "coordinates": [ [ 28.9339466, 41.0050005 ], [ 28.9339671, 41.0048428 ], [ 28.9340972, 41.0046349 ] ] }, { "type": "LineString", "coordinates": [ [ 28.9339466, 41.0050005 ], [ 28.9339372, 41.0054997 ] ] }, { "type": "LineString", "coordinates": [ [ 28.9577026, 41.0232298 ], [ 28.9578738, 41.0230867 ], [ 28.9581234, 41.02323410000001 ] ] }, { "type": "LineString", "coordinates": [ [ 28.9580424, 41.0206385 ], [ 28.9583355, 41.0204543 ], [ 28.9584377, 41.0205445 ] ] }, { "type": "LineString", "coordinates": [ [ 28.9553333, 41.023323899999987 ], [ 28.9552751, 41.0230461 ] ] }, { "type": "LineString", "coordinates": [ [ 28.9552751, 41.0230461 ], [ 28.9555648, 41.022953 ] ] }, { "type": "LineString", "coordinates": [ [ 28.9552751, 41.0230461 ], [ 28.9550418, 41.0225605 ] ] }, { "type": "LineString", "coordinates": [ [ 28.9555326, 41.0232531 ], [ 28.9555648, 41.022953 ] ] }, { "type": "LineString", "coordinates": [ [ 28.9583601, 41.0230217 ], [ 28.958925, 41.0233075 ], [ 28.9587378, 41.0234696 ], [ 28.9589022, 41.023571599999983 ], [ 28.9588811, 41.0236441 ], [ 28.9589576, 41.0236994 ] ] }, { "type": "LineString", "coordinates": [ [ 28.9579707, 41.0221881 ], [ 28.9579597, 41.02217610000001 ] ] }, { "type": "LineString", "coordinates": [ [ 28.9579597, 41.02217610000001 ], [ 28.9578487, 41.0220547 ] ] }, { "type": "LineString", "coordinates": [ [ 28.9580564, 41.0244846 ], [ 28.9582708, 41.0243736 ] ] }, { "type": "LineString", "coordinates": [ [ 28.9579692, 41.0247389 ], [ 28.9578059, 41.024572 ] ] }, { "type": "LineString", "coordinates": [ [ 28.9658128, 41.0185911 ], [ 28.965646, 41.0183244 ] ] }, { "type": "LineString", "coordinates": [ [ 28.9448009, 41.028005899999989 ], [ 28.9442041, 41.0280689 ] ] }, { "type": "LineString", "coordinates": [ [ 28.9442041, 41.0280689 ], [ 28.9436412, 41.0281251 ] ] }, { "type": "LineString", "coordinates": [ [ 28.9436412, 41.0281251 ], [ 28.9432664, 41.0281704 ] ] }, { "type": "LineString", "coordinates": [ [ 28.9683892, 41.0059084 ], [ 28.9685091, 41.0058974 ] ] }, { "type": "LineString", "coordinates": [ [ 28.9732206, 41.0169393 ], [ 28.973486, 41.0166009 ] ] }, { "type": "LineString", "coordinates": [ [ 28.9735243, 41.0147763 ], [ 28.9732379, 41.0144083 ] ] }, { "type": "LineString", "coordinates": [ [ 28.9729534, 41.0157895 ], [ 28.9733637, 41.0156585 ], [ 28.9734733, 41.0158581 ] ] }, { "type": "LineString", "coordinates": [ [ 28.9612212, 41.0195187 ], [ 28.9614964, 41.0193165 ] ] }, { "type": "LineString", "coordinates": [ [ 28.9614964, 41.0193165 ], [ 28.9618913, 41.0191373 ] ] }, { "type": "LineString", "coordinates": [ [ 28.9601202, 41.0138974 ], [ 28.959999, 41.0137717 ] ] }, { "type": "LineString", "coordinates": [ [ 28.9597946, 41.0141271 ], [ 28.9595763, 41.0139334 ] ] }, { "type": "LineString", "coordinates": [ [ 28.9604812, 41.013673099999984 ], [ 28.9603097, 41.0134214 ] ] }, { "type": "LineString", "coordinates": [ [ 28.9327577, 41.0264488 ], [ 28.9327814, 41.026305 ] ] }, { "type": "LineString", "coordinates": [ [ 28.9331844, 41.0263752 ], [ 28.9327814, 41.026305 ] ] }, { "type": "LineString", "coordinates": [ [ 28.9327814, 41.026305 ], [ 28.9326218, 41.0261478 ] ] }, { "type": "LineString", "coordinates": [ [ 28.9315243, 40.9970647 ], [ 28.9312168, 40.9964781 ] ] }, { "type": "LineString", "coordinates": [ [ 28.9713355, 41.003333499999989 ], [ 28.9714863, 41.0033068 ] ] }, { "type": "LineString", "coordinates": [ [ 28.9758614, 41.0030066 ], [ 28.9758528, 41.002850399999986 ] ] }, { "type": "LineString", "coordinates": [ [ 28.9710541, 41.0054076 ], [ 28.9710023, 41.0052039 ] ] }, { "type": "LineString", "coordinates": [ [ 28.9715889, 41.0051689 ], [ 28.9715341, 41.0050512 ] ] }, { "type": "LineString", "coordinates": [ [ 28.9691033, 41.0149979 ], [ 28.9690587, 41.0148133 ] ] }, { "type": "LineString", "coordinates": [ [ 28.9676834, 41.0134181 ], [ 28.9676715, 41.0135822 ], [ 28.9674678, 41.0135782 ] ] }, { "type": "LineString", "coordinates": [ [ 28.9677318, 41.0139992 ], [ 28.9674355, 41.0140004 ] ] }, { "type": "LineString", "coordinates": [ [ 28.968042, 41.0146148 ], [ 28.9677423, 41.0146572 ] ] }, { "type": "LineString", "coordinates": [ [ 28.9677423, 41.0146572 ], [ 28.9674797, 41.0146727 ], [ 28.9674403, 41.014675 ] ] }, { "type": "LineString", "coordinates": [ [ 28.9691721, 41.0139994 ], [ 28.969198, 41.0137032 ], [ 28.9693864, 41.0137809 ], [ 28.9695079, 41.0136533 ] ] }, { "type": "LineString", "coordinates": [ [ 28.9672583, 41.0124854 ], [ 28.9674899, 41.012469 ] ] }, { "type": "LineString", "coordinates": [ [ 28.9254622, 41.017050699999984 ], [ 28.9256385, 41.0170709 ], [ 28.9257511, 41.0171007 ] ] }, { "type": "LineString", "coordinates": [ [ 28.9259297, 41.0168323 ], [ 28.9257511, 41.0171007 ] ] }, { "type": "LineString", "coordinates": [ [ 28.9257511, 41.0171007 ], [ 28.9258022, 41.0173403 ], [ 28.9258505, 41.0174048 ], [ 28.9258767, 41.0174443 ], [ 28.9259663, 41.0175119 ] ] }, { "type": "LineString", "coordinates": [ [ 28.9235478, 41.0143097 ], [ 28.9235165, 41.014164 ], [ 28.9234414, 41.0139824 ] ] }, { "type": "LineString", "coordinates": [ [ 28.9257043, 41.0093887 ], [ 28.9254785, 41.0085625 ], [ 28.9255214, 41.0084998 ] ] }, { "type": "LineString", "coordinates": [ [ 28.9676384, 41.0073691 ], [ 28.9675512, 41.0071765 ] ] }, { "type": "LineString", "coordinates": [ [ 28.9676442, 41.008212 ], [ 28.9673928, 41.0082463 ] ] }, { "type": "LineString", "coordinates": [ [ 28.9656223, 41.00558430000001 ], [ 28.964712, 41.0058066 ], [ 28.9646633, 41.00582 ] ] }, { "type": "LineString", "coordinates": [ [ 28.9651379, 41.0048532 ], [ 28.9653761, 41.0052221 ] ] }, { "type": "LineString", "coordinates": [ [ 28.9653761, 41.0052221 ], [ 28.9656223, 41.00558430000001 ] ] }, { "type": "LineString", "coordinates": [ [ 28.9586969, 41.0076445 ], [ 28.9586339, 41.007431899999986 ] ] }, { "type": "LineString", "coordinates": [ [ 28.9708545, 41.0109936 ], [ 28.9704882, 41.010889 ] ] }, { "type": "LineString", "coordinates": [ [ 28.960253, 41.0073842 ], [ 28.9604821, 41.0073356 ], [ 28.9607483, 41.0072794 ], [ 28.9609015, 41.0073659 ], [ 28.9610444, 41.0073837 ] ] }, { "type": "LineString", "coordinates": [ [ 28.9602316, 41.0056764 ], [ 28.9601981, 41.0055134 ] ] }, { "type": "LineString", "coordinates": [ [ 28.9608144, 41.0060682 ], [ 28.9606599, 41.0054513 ] ] }, { "type": "LineString", "coordinates": [ [ 28.9615247, 41.0062772 ], [ 28.9615005, 41.0062063 ], [ 28.9614898, 41.0061152 ] ] }, { "type": "LineString", "coordinates": [ [ 28.9608928, 41.006453 ], [ 28.9611545, 41.0063662 ], [ 28.9613584, 41.0065848 ] ] }, { "type": "LineString", "coordinates": [ [ 28.9620066, 41.0082561 ], [ 28.9617921, 41.0078685 ] ] }, { "type": "LineString", "coordinates": [ [ 28.9597801, 41.0058959 ], [ 28.9597022, 41.0057303 ] ] }, { "type": "LineString", "coordinates": [ [ 28.9606111, 41.0061329 ], [ 28.9604213, 41.005832899999987 ] ] }, { "type": "LineString", "coordinates": [ [ 28.9598251, 41.0073776 ], [ 28.9598258, 41.0073236 ], [ 28.9596788, 41.007105 ] ] }, { "type": "LineString", "coordinates": [ [ 28.9591209, 41.0073274 ], [ 28.9592293, 41.007566 ] ] }, { "type": "LineString", "coordinates": [ [ 28.9614748, 41.0069581 ], [ 28.9617671, 41.0068312 ], [ 28.9617002, 41.0067164 ] ] }, { "type": "LineString", "coordinates": [ [ 28.9599997, 41.0052152 ], [ 28.9602184, 41.005063 ] ] }, { "type": "LineString", "coordinates": [ [ 28.9692972, 41.0176076 ], [ 28.9697311, 41.01737270000001 ] ] }, { "type": "LineString", "coordinates": [ [ 28.9647811, 41.0070997 ], [ 28.9649398, 41.0070272 ] ] }, { "type": "LineString", "coordinates": [ [ 28.9666717, 41.0184248 ], [ 28.9666922, 41.0183596 ], [ 28.9666226, 41.0182541 ] ] }, { "type": "LineString", "coordinates": [ [ 28.9313156, 41.0093195 ], [ 28.9320205, 41.0090281 ] ] }, { "type": "LineString", "coordinates": [ [ 28.932325, 41.0105534 ], [ 28.9323235, 41.0100481 ] ] }, { "type": "LineString", "coordinates": [ [ 28.9260228, 41.0083488 ], [ 28.9261567, 41.0083617 ] ] }, { "type": "LineString", "coordinates": [ [ 28.9261567, 41.0083617 ], [ 28.926706, 41.0084147 ] ] }, { "type": "LineString", "coordinates": [ [ 28.926706, 41.0084147 ], [ 28.9272155, 41.0083763 ] ] }, { "type": "LineString", "coordinates": [ [ 28.9272155, 41.0083763 ], [ 28.9278355, 41.0083216 ] ] }, { "type": "LineString", "coordinates": [ [ 28.9257486, 41.0083964 ], [ 28.9253276, 41.0085046 ], [ 28.9252663, 41.0084326 ], [ 28.9251618, 41.008256 ], [ 28.9249097, 41.0080332 ] ] }, { "type": "LineString", "coordinates": [ [ 28.9330291, 41.0110871 ], [ 28.9330357, 41.0104717 ] ] }, { "type": "LineString", "coordinates": [ [ 28.9318661, 41.0050163 ], [ 28.9316972, 41.0044921 ], [ 28.9315717, 41.004433 ] ] }, { "type": "LineString", "coordinates": [ [ 28.9309401, 41.0050783 ], [ 28.9307786, 41.0049274 ] ] }, { "type": "LineString", "coordinates": [ [ 28.9306488, 41.005686 ], [ 28.9304244, 41.0055619 ] ] }, { "type": "LineString", "coordinates": [ [ 28.9801359, 41.0035991 ], [ 28.9802584, 41.0035014 ] ] }, { "type": "LineString", "coordinates": [ [ 28.9711301, 41.0136402 ], [ 28.9710752, 41.0135367 ], [ 28.971023, 41.0135356 ], [ 28.9709976, 41.01346370000001 ] ] }, { "type": "LineString", "coordinates": [ [ 28.9672543, 41.0169178 ], [ 28.9670945, 41.016501 ] ] }, { "type": "LineString", "coordinates": [ [ 28.9267242, 41.002021 ], [ 28.9264465, 41.0018519 ] ] }, { "type": "LineString", "coordinates": [ [ 28.9276639, 41.0025638 ], [ 28.9273372, 41.0024736 ] ] }, { "type": "LineString", "coordinates": [ [ 28.922739, 41.001514899999982 ], [ 28.9227301, 41.0014591 ] ] }, { "type": "LineString", "coordinates": [ [ 28.9227301, 41.0014591 ], [ 28.9226988, 41.0012886 ] ] }, { "type": "LineString", "coordinates": [ [ 28.9248964, 41.0031164 ], [ 28.9248495, 41.0027356 ], [ 28.9248149, 41.0026612 ] ] }, { "type": "LineString", "coordinates": [ [ 28.9695283, 41.0120053 ], [ 28.9691761, 41.0119152 ] ] }, { "type": "LineString", "coordinates": [ [ 28.9688108, 41.0117687 ], [ 28.9685523, 41.0116861 ] ] }, { "type": "LineString", "coordinates": [ [ 28.9687489, 41.0119322 ], [ 28.9688108, 41.0117687 ] ] }, { "type": "LineString", "coordinates": [ [ 28.9688022, 41.012549299999989 ], [ 28.9688853, 41.0123192 ], [ 28.9690711, 41.0123531 ] ] }, { "type": "LineString", "coordinates": [ [ 28.9690148, 41.0116776 ], [ 28.9686494, 41.0115785 ] ] }, { "type": "LineString", "coordinates": [ [ 28.9692206, 41.0117754 ], [ 28.9695957, 41.0118402 ] ] }, { "type": "LineString", "coordinates": [ [ 28.9611507, 41.020651899999983 ], [ 28.9610487, 41.0204969 ] ] }, { "type": "LineString", "coordinates": [ [ 28.9562482, 41.024437 ], [ 28.9562629, 41.024222 ], [ 28.9562058, 41.0241325 ], [ 28.9560342, 41.024104199999989 ], [ 28.9558303, 41.0241305 ] ] }, { "type": "LineString", "coordinates": [ [ 28.9253623, 40.999499 ], [ 28.924986, 40.9993492 ] ] }, { "type": "LineString", "coordinates": [ [ 28.925633, 40.9968176 ], [ 28.925627, 40.9966236 ], [ 28.9258983, 40.9966069 ] ] }, { "type": "LineString", "coordinates": [ [ 28.9292909, 40.9950075 ], [ 28.929123, 40.995139 ] ] }, { "type": "LineString", "coordinates": [ [ 28.9526566, 41.0179522 ], [ 28.9530912, 41.0176899 ] ] }, { "type": "LineString", "coordinates": [ [ 28.9530912, 41.0176899 ], [ 28.9535988, 41.0173835 ] ] }, { "type": "LineString", "coordinates": [ [ 28.9535988, 41.0173835 ], [ 28.9544785, 41.0168778 ] ] }, { "type": "LineString", "coordinates": [ [ 28.9533209, 41.0179178 ], [ 28.9530912, 41.0176899 ] ] }, { "type": "LineString", "coordinates": [ [ 28.9507765, 41.0223147 ], [ 28.9515508, 41.0220774 ] ] }, { "type": "LineString", "coordinates": [ [ 28.9517312, 41.0157974 ], [ 28.9523226, 41.015518 ] ] }, { "type": "LineString", "coordinates": [ [ 28.9517312, 41.0157974 ], [ 28.9510775, 41.0159903 ] ] }, { "type": "LineString", "coordinates": [ [ 28.9478138, 41.0135338 ], [ 28.9477362, 41.0133911 ] ] }, { "type": "LineString", "coordinates": [ [ 28.9478138, 41.0135338 ], [ 28.947604, 41.0136183 ], [ 28.9475061, 41.0135241 ] ] }, { "type": "LineString", "coordinates": [ [ 28.948326, 41.014474 ], [ 28.9482289, 41.0142123 ] ] }, { "type": "LineString", "coordinates": [ [ 28.9485263, 41.01459710000001 ], [ 28.9484745, 41.0144413 ] ] }, { "type": "LineString", "coordinates": [ [ 28.9508409, 41.0113231 ], [ 28.951346, 41.0113133 ] ] }, { "type": "LineString", "coordinates": [ [ 28.951346, 41.0113133 ], [ 28.9517586, 41.0113097 ] ] }, { "type": "LineString", "coordinates": [ [ 28.9526058, 41.0114606 ], [ 28.9523488, 41.0110915 ], [ 28.9522661, 41.0110444 ] ] }, { "type": "LineString", "coordinates": [ [ 28.950217, 41.0153872 ], [ 28.9501787, 41.0153395 ], [ 28.9500385, 41.015165199999984 ] ] }, { "type": "LineString", "coordinates": [ [ 28.9498526, 41.0114502 ], [ 28.9499042, 41.0112918 ], [ 28.949908, 41.0111118 ], [ 28.9499389, 41.0110698 ] ] }, { "type": "LineString", "coordinates": [ [ 28.9494023, 41.0126695 ], [ 28.9496289, 41.0124966 ], [ 28.94933, 41.0123144 ] ] }, { "type": "LineString", "coordinates": [ [ 28.9545626, 41.0148804 ], [ 28.954490491079564, 41.014800965540012 ] ] }, { "type": "LineString", "coordinates": [ [ 28.954490491079564, 41.014800965540012 ], [ 28.954409106751338, 41.014711313092143 ] ] }, { "type": "LineString", "coordinates": [ [ 28.954409106751338, 41.014711313092143 ], [ 28.954346872825482, 41.014642756394231 ] ] }, { "type": "LineString", "coordinates": [ [ 28.954346872825482, 41.014642756394231 ], [ 28.95431698291328, 41.014609829696113 ] ] }, { "type": "LineString", "coordinates": [ [ 28.95431698291328, 41.014609829696113 ], [ 28.954162, 41.0144391 ] ] }, { "type": "LineString", "coordinates": [ [ 28.9542752, 41.0143777 ], [ 28.954416155544823, 41.014552090404436 ] ] }, { "type": "LineString", "coordinates": [ [ 28.954416155544823, 41.014552090404436 ], [ 28.954454443740339, 41.014599460420555 ] ] }, { "type": "LineString", "coordinates": [ [ 28.954454443740339, 41.014599460420555 ], [ 28.954502266862043, 41.014658626895688 ] ] }, { "type": "LineString", "coordinates": [ [ 28.954502266862043, 41.014658626895688 ], [ 28.954581839525815, 41.014757073423134 ] ] }, { "type": "LineString", "coordinates": [ [ 28.954581839525815, 41.014757073423134 ], [ 28.9546559, 41.0148487 ] ] }, { "type": "LineString", "coordinates": [ [ 28.9533004, 41.0089729 ], [ 28.95339237781754, 41.008979233859527 ] ] }, { "type": "LineString", "coordinates": [ [ 28.95339237781754, 41.008979233859527 ], [ 28.953481495206546, 41.008985370670217 ] ] }, { "type": "LineString", "coordinates": [ [ 28.953481495206546, 41.008985370670217 ], [ 28.9535342, 41.008989 ] ] }, { "type": "LineString", "coordinates": [ [ 28.941896, 41.0215605 ], [ 28.9419964, 41.0216154 ] ] }, { "type": "LineString", "coordinates": [ [ 28.9430049, 41.0215061 ], [ 28.9428984, 41.0214781 ] ] }, { "type": "LineString", "coordinates": [ [ 28.9502183, 41.018794 ], [ 28.9498162, 41.01856 ], [ 28.9495994, 41.0184339 ], [ 28.9493363, 41.0182808 ] ] }, { "type": "LineString", "coordinates": [ [ 28.9716834, 41.0031504 ], [ 28.971441, 41.0032038 ] ] }, { "type": "LineString", "coordinates": [ [ 28.9693146, 41.0031213 ], [ 28.9692938, 41.003052699999984 ], [ 28.96956, 41.0029983 ] ] }, { "type": "LineString", "coordinates": [ [ 28.9536558, 41.0038919 ], [ 28.9536539, 41.0042122 ] ] }, { "type": "LineString", "coordinates": [ [ 28.9355384, 41.0300587 ], [ 28.935591, 41.0301428 ], [ 28.9359107, 41.0306569 ] ] }, { "type": "LineString", "coordinates": [ [ 28.9429439, 41.0334825 ], [ 28.9426153, 41.03376260000001 ] ] }, { "type": "LineString", "coordinates": [ [ 28.9431441, 41.0360101 ], [ 28.9433536, 41.0359014 ] ] }, { "type": "LineString", "coordinates": [ [ 28.9721407, 41.0071326 ], [ 28.972239, 41.0071763 ] ] }, { "type": "LineString", "coordinates": [ [ 28.936491, 41.0199929 ], [ 28.9368278, 41.02034410000001 ] ] }, { "type": "LineString", "coordinates": [ [ 28.9368278, 41.02034410000001 ], [ 28.9369198, 41.0203214 ], [ 28.9370345, 41.0202591 ], [ 28.9372917, 41.0200894 ], [ 28.937384, 41.0200769 ] ] }, { "type": "LineString", "coordinates": [ [ 28.937553, 41.0215798 ], [ 28.9377971, 41.0215078 ] ] }, { "type": "LineString", "coordinates": [ [ 28.9377971, 41.0215078 ], [ 28.937655, 41.0215497 ] ] }, { "type": "LineString", "coordinates": [ [ 28.937655, 41.0215497 ], [ 28.937599, 41.0214509 ] ] }, { "type": "LineString", "coordinates": [ [ 28.9374679, 41.0216064 ], [ 28.9374047, 41.0215062 ] ] }, { "type": "LineString", "coordinates": [ [ 28.9395204, 41.0200139 ], [ 28.9392099, 41.0195734 ] ] }, { "type": "LineString", "coordinates": [ [ 28.9396634, 41.0192158 ], [ 28.9395747, 41.0192911 ], [ 28.9392099, 41.0195734 ] ] }, { "type": "LineString", "coordinates": [ [ 28.9392099, 41.0195734 ], [ 28.9382458, 41.0199578 ] ] }, { "type": "LineString", "coordinates": [ [ 28.9398368, 41.0212561 ], [ 28.9400637, 41.0211281 ] ] }, { "type": "LineString", "coordinates": [ [ 28.9370673, 41.0218891 ], [ 28.9372408, 41.0221735 ] ] }, { "type": "LineString", "coordinates": [ [ 28.9372408, 41.0221735 ], [ 28.9369174, 41.0223282 ] ] }, { "type": "LineString", "coordinates": [ [ 28.9372758, 41.0216663 ], [ 28.9372359, 41.0216008 ] ] }, { "type": "LineString", "coordinates": [ [ 28.9372902, 41.021357599999988 ], [ 28.9373076, 41.0213498 ] ] }, { "type": "LineString", "coordinates": [ [ 28.9391841, 41.0222694 ], [ 28.9392207, 41.0220837 ] ] }, { "type": "LineString", "coordinates": [ [ 28.9387884, 41.0221366 ], [ 28.9391841, 41.0222694 ] ] }, { "type": "LineString", "coordinates": [ [ 28.937843, 41.0227117 ], [ 28.9379954, 41.0228523 ] ] }, { "type": "LineString", "coordinates": [ [ 28.9389922, 41.0231918 ], [ 28.9388169, 41.023239 ] ] }, { "type": "LineString", "coordinates": [ [ 28.9315578, 41.0195437 ], [ 28.9320548, 41.0194648 ] ] }, { "type": "LineString", "coordinates": [ [ 28.9471076, 41.024946 ], [ 28.9470245, 41.024859899999988 ], [ 28.9470085, 41.0248676 ], [ 28.9467744, 41.0249799 ] ] }, { "type": "LineString", "coordinates": [ [ 28.9439092, 41.0393815 ], [ 28.9438359, 41.0394632 ], [ 28.9437213, 41.0395385 ], [ 28.9436744, 41.0395651 ] ] }, { "type": "LineString", "coordinates": [ [ 28.938602, 41.0028403 ], [ 28.9386131, 41.0027084 ] ] }, { "type": "LineString", "coordinates": [ [ 28.9599193, 41.0029418 ], [ 28.9599509, 41.002774 ], [ 28.9599663, 41.0027553 ], [ 28.9600005, 41.0027432 ], [ 28.9600582, 41.0027447 ], [ 28.9606201, 41.002804399999988 ], [ 28.9606556, 41.0027993 ], [ 28.9606811, 41.0027857 ], [ 28.9607052, 41.0027482 ], [ 28.9609306, 41.002228 ] ] }, { "type": "LineString", "coordinates": [ [ 28.9505125, 41.0016991 ], [ 28.9507709, 41.0015973 ], [ 28.9509716, 41.0015585 ], [ 28.95116, 41.0015502 ], [ 28.9512934, 41.0015614 ], [ 28.9515838, 41.0016217 ], [ 28.951963, 41.0017176 ], [ 28.9522493, 41.0018054 ] ] }, { "type": "LineString", "coordinates": [ [ 28.924614, 41.0196129 ], [ 28.924498, 41.0196597 ], [ 28.924462951679438, 41.019671984987497 ] ] }, { "type": "LineString", "coordinates": [ [ 28.9452837, 41.0103177 ], [ 28.9452674, 41.010247899999989 ], [ 28.9452577, 41.0102028 ], [ 28.9452222, 41.0100244 ], [ 28.9452068, 41.009884 ], [ 28.9451785, 41.0096806 ], [ 28.9451709, 41.0094912 ], [ 28.9451713, 41.0094727 ] ] }, { "type": "LineString", "coordinates": [ [ 28.9451713, 41.0094727 ], [ 28.945183, 41.0093265 ] ] }, { "type": "LineString", "coordinates": [ [ 28.954116, 41.0073318 ], [ 28.9541424, 41.0073768 ], [ 28.9542381, 41.0075402 ], [ 28.9543131, 41.0076729 ] ] }, { "type": "LineString", "coordinates": [ [ 28.9543131, 41.0076729 ], [ 28.9546269, 41.008222799999984 ] ] }, { "type": "LineString", "coordinates": [ [ 28.9562845, 41.008186 ], [ 28.9552659, 41.0081933 ], [ 28.9546269, 41.008222799999984 ] ] }, { "type": "LineString", "coordinates": [ [ 28.9562845, 41.008186 ], [ 28.9562757, 41.007868900000013 ], [ 28.9562718, 41.0076594 ] ] }, { "type": "LineString", "coordinates": [ [ 28.9562718, 41.0076594 ], [ 28.9562596, 41.0071761 ], [ 28.9562585, 41.0071329 ] ] }, { "type": "LineString", "coordinates": [ [ 28.959305, 41.0081694 ], [ 28.9593216, 41.0082115 ] ] }, { "type": "LineString", "coordinates": [ [ 28.9593216, 41.0082115 ], [ 28.9593373, 41.0087358 ] ] }, { "type": "LineString", "coordinates": [ [ 28.9658709, 41.0126133 ], [ 28.965995, 41.0126222 ] ] }, { "type": "LineString", "coordinates": [ [ 28.9625573, 41.0125737 ], [ 28.9626489, 41.0125769 ] ] }, { "type": "LineString", "coordinates": [ [ 28.9434088, 41.0395328 ], [ 28.943377566651129, 41.039550935501843 ] ] }, { "type": "LineString", "coordinates": [ [ 28.9455006, 41.037162 ], [ 28.9455311, 41.037161 ], [ 28.9455691, 41.0371724 ], [ 28.9456129, 41.037191599999986 ], [ 28.9456552, 41.0372075 ] ] }, { "type": "LineString", "coordinates": [ [ 28.9456552, 41.0372075 ], [ 28.9457095, 41.0372442 ], [ 28.9457407, 41.037289499999986 ] ] }, { "type": "LineString", "coordinates": [ [ 28.9854517, 41.0161838 ], [ 28.985295, 41.0159003 ] ] }, { "type": "LineString", "coordinates": [ [ 28.9555522, 41.0131254 ], [ 28.9555634, 41.0131155 ], [ 28.9555895, 41.0130915 ] ] }, { "type": "LineString", "coordinates": [ [ 28.9706103, 41.012015 ], [ 28.9704457, 41.012027 ], [ 28.9704383, 41.0121017 ], [ 28.970383, 41.0121323 ], [ 28.9703706, 41.0122603 ], [ 28.9703427, 41.0122718 ], [ 28.9703014, 41.0122848 ], [ 28.9700885, 41.0123133 ], [ 28.9698756, 41.0123159 ], [ 28.969779, 41.0123131 ] ] }, { "type": "LineString", "coordinates": [ [ 28.969779, 41.0123131 ], [ 28.9697597, 41.0122625 ], [ 28.9697183, 41.0122075 ], [ 28.9696776, 41.0121803 ], [ 28.9696527, 41.012154 ], [ 28.9695505, 41.0121138 ], [ 28.9694914, 41.0120958 ] ] }, { "type": "LineString", "coordinates": [ [ 28.966651, 41.00427 ], [ 28.9666592, 41.0041116 ] ] }, { "type": "LineString", "coordinates": [ [ 28.9688684, 41.0090612 ], [ 28.9689919, 41.0091515 ], [ 28.9690871, 41.009238199999984 ] ] }, { "type": "LineString", "coordinates": [ [ 28.9690871, 41.009238199999984 ], [ 28.9692379, 41.0094599 ], [ 28.9695072, 41.0097616 ] ] }, { "type": "LineString", "coordinates": [ [ 28.9715414, 41.016951899999988 ], [ 28.9712802, 41.0166423 ], [ 28.971375, 41.0165664 ] ] }, { "type": "LineString", "coordinates": [ [ 28.971375, 41.0165664 ], [ 28.9714501, 41.0165062 ] ] }, { "type": "LineString", "coordinates": [ [ 28.9712054, 41.0162601 ], [ 28.9711557, 41.0162482 ], [ 28.9710955, 41.016254 ] ] }, { "type": "LineString", "coordinates": [ [ 28.9712037, 41.0164199 ], [ 28.9712618, 41.0163889 ], [ 28.9713276, 41.0163443 ] ] }, { "type": "LineString", "coordinates": [ [ 28.9713276, 41.0163443 ], [ 28.9713649, 41.0163292 ], [ 28.9714049, 41.0163292 ], [ 28.971485, 41.0163474 ], [ 28.9719119, 41.0166359 ] ] }, { "type": "LineString", "coordinates": [ [ 28.971375, 41.0165664 ], [ 28.9712037, 41.0164199 ] ] }, { "type": "LineString", "coordinates": [ [ 28.9712037, 41.0164199 ], [ 28.9711146, 41.0163504 ], [ 28.9711006, 41.0163036 ], [ 28.9710966, 41.0162907 ], [ 28.9710955, 41.016254 ] ] }, { "type": "LineString", "coordinates": [ [ 28.9713276, 41.0163443 ], [ 28.9712054, 41.0162601 ] ] }, { "type": "LineString", "coordinates": [ [ 28.9726234, 41.0168864 ], [ 28.972716, 41.0167643 ] ] }, { "type": "LineString", "coordinates": [ [ 28.9725958, 41.0169797 ], [ 28.9726234, 41.0168864 ] ] }, { "type": "LineString", "coordinates": [ [ 28.9436764, 41.0066585 ], [ 28.9439555, 41.0067801 ] ] }, { "type": "LineString", "coordinates": [ [ 28.9439555, 41.0067801 ], [ 28.9441175, 41.0068464 ], [ 28.9441892, 41.0068773 ] ] }, { "type": "LineString", "coordinates": [ [ 28.9860077, 41.0171967 ], [ 28.9856963, 41.0166421 ] ] }, { "type": "LineString", "coordinates": [ [ 28.9394417, 41.0027802 ], [ 28.9392757, 41.0027761 ], [ 28.9389977, 41.0027385 ], [ 28.9387723, 41.0027112 ] ] }, { "type": "LineString", "coordinates": [ [ 28.9383564, 41.0027082 ], [ 28.9381791, 41.0026717 ], [ 28.9380698, 41.0026371 ], [ 28.9379214, 41.0025941 ] ] }, { "type": "LineString", "coordinates": [ [ 28.9369853, 41.0022554 ], [ 28.9370164, 41.0022276 ], [ 28.9371151, 41.002189099999988 ], [ 28.9371615, 41.0021829 ] ] }, { "type": "LineString", "coordinates": [ [ 28.9371615, 41.0021829 ], [ 28.937243, 41.002172 ], [ 28.9373848, 41.002183 ], [ 28.9374601, 41.0022023 ], [ 28.9376304, 41.0022608 ] ] }, { "type": "LineString", "coordinates": [ [ 28.9376304, 41.0022608 ], [ 28.9377968, 41.0023264 ], [ 28.9379686, 41.0023863 ], [ 28.938101, 41.002426400000012 ] ] }, { "type": "LineString", "coordinates": [ [ 28.938101, 41.002426400000012 ], [ 28.9383191, 41.0024778 ] ] }, { "type": "LineString", "coordinates": [ [ 28.9544901, 41.003093 ], [ 28.9547462, 41.00317660000001 ] ] }, { "type": "LineString", "coordinates": [ [ 28.9566998, 41.0034556 ], [ 28.956960849996605, 41.003456456020572 ] ] }, { "type": "LineString", "coordinates": [ [ 28.956960849996605, 41.003456456020572 ], [ 28.9570658, 41.0034568 ] ] }, { "type": "LineString", "coordinates": [ [ 28.9571862, 41.0037962 ], [ 28.956977831230763, 41.003796352240343 ] ] }, { "type": "LineString", "coordinates": [ [ 28.956977831230763, 41.003796352240343 ], [ 28.9567751, 41.0037965 ] ] }, { "type": "LineString", "coordinates": [ [ 28.952633, 41.0024093 ], [ 28.952646177427724, 41.002414412176044 ] ] }, { "type": "LineString", "coordinates": [ [ 28.952646177427724, 41.002414412176044 ], [ 28.9528338, 41.0024872 ] ] }, { "type": "LineString", "coordinates": [ [ 28.9692957, 41.002479 ], [ 28.9691281, 41.0025181 ] ] }, { "type": "LineString", "coordinates": [ [ 28.9846963, 41.01643880000001 ], [ 28.9846881, 41.0165069 ] ] }, { "type": "LineString", "coordinates": [ [ 28.9525234, 41.0024757 ], [ 28.9524064, 41.0024327 ] ] }, { "type": "LineString", "coordinates": [ [ 28.9313548, 41.0223659 ], [ 28.9315126, 41.022544 ] ] }, { "type": "LineString", "coordinates": [ [ 28.9650285, 41.0126575 ], [ 28.9653363, 41.0126122 ], [ 28.9656958, 41.0126122 ], [ 28.9658709, 41.0126133 ] ] }, { "type": "LineString", "coordinates": [ [ 28.956501, 41.0222983 ], [ 28.9560401, 41.0223694 ] ] }, { "type": "LineString", "coordinates": [ [ 28.9800109, 41.004425 ], [ 28.9798334, 41.0042595 ], [ 28.9796935, 41.0041429 ], [ 28.9795114, 41.0040152 ], [ 28.9791056, 41.0037645 ] ] }, { "type": "LineString", "coordinates": [ [ 28.966425, 41.0175479 ], [ 28.9662134, 41.0173198 ] ] }, { "type": "LineString", "coordinates": [ [ 28.966714, 41.0132235 ], [ 28.9659734, 41.0132134 ] ] }, { "type": "LineString", "coordinates": [ [ 28.9659811, 41.0171132 ], [ 28.965675, 41.0171715 ] ] }, { "type": "LineString", "coordinates": [ [ 28.965675, 41.0171715 ], [ 28.965522, 41.017208599999989 ], [ 28.9654912, 41.0172007 ], [ 28.9654481, 41.0170804 ], [ 28.9654303, 41.0170276 ], [ 28.9655102, 41.0169999 ] ] }, { "type": "LineString", "coordinates": [ [ 28.9298656, 41.0071284 ], [ 28.9298054, 41.0073797 ], [ 28.9297587, 41.0075255 ], [ 28.929718, 41.0075423 ], [ 28.9295717, 41.0075423 ], [ 28.9294189, 41.007519099999989 ], [ 28.9293196, 41.007504 ] ] }, { "type": "LineString", "coordinates": [ [ 28.9220049, 41.0049524 ], [ 28.9221854, 41.0049166 ], [ 28.9223273, 41.0048802 ], [ 28.9225068, 41.0048103 ] ] }, { "type": "LineString", "coordinates": [ [ 28.9211356, 41.000582499999986 ], [ 28.921079, 41.0002005 ] ] }, { "type": "LineString", "coordinates": [ [ 28.9208966, 40.9997037 ], [ 28.9209727, 40.9995635 ], [ 28.9210276, 40.9995101 ], [ 28.9210771, 40.9994847 ], [ 28.9211638, 40.9994767 ], [ 28.9213921, 40.9995101 ], [ 28.9215585, 40.9995501 ], [ 28.9216788, 40.9996142 ] ] }, { "type": "LineString", "coordinates": [ [ 28.9456936, 41.0085457 ], [ 28.945903, 41.008601 ] ] }, { "type": "LineString", "coordinates": [ [ 28.9437369, 41.0001966 ], [ 28.9436173, 41.0002138 ] ] }, { "type": "LineString", "coordinates": [ [ 28.9436173, 41.0002138 ], [ 28.9435557, 41.0002232 ] ] }, { "type": "LineString", "coordinates": [ [ 28.9435557, 41.0002232 ], [ 28.943388, 41.000249 ] ] }, { "type": "LineString", "coordinates": [ [ 28.9435558, 41.0003039 ], [ 28.9434788, 41.000261 ], [ 28.943388, 41.000249 ] ] }, { "type": "LineString", "coordinates": [ [ 28.9437369, 41.0001966 ], [ 28.9436801, 41.0002324 ], [ 28.9436426, 41.0002788 ] ] }, { "type": "LineString", "coordinates": [ [ 28.9433645, 41.000179 ], [ 28.9434466, 41.0001738 ], [ 28.9435323, 41.000175 ], [ 28.943575, 41.0001799 ] ] }, { "type": "LineString", "coordinates": [ [ 28.943575, 41.0001799 ], [ 28.9436042, 41.0001959 ], [ 28.9436173, 41.0002138 ] ] }, { "type": "LineString", "coordinates": [ [ 28.9436173, 41.0002138 ], [ 28.9436426, 41.0002788 ] ] }, { "type": "LineString", "coordinates": [ [ 28.9435558, 41.0003039 ], [ 28.9435474, 41.0002418 ], [ 28.9435557, 41.0002232 ] ] }, { "type": "LineString", "coordinates": [ [ 28.9435557, 41.0002232 ], [ 28.943575, 41.0001799 ] ] }, { "type": "LineString", "coordinates": [ [ 28.943575, 41.0001799 ], [ 28.9435973, 41.000160299999983 ], [ 28.9436825, 41.000141899999988 ] ] }, { "type": "LineString", "coordinates": [ [ 28.924614, 41.0196129 ], [ 28.924479027799634, 41.019695774331424 ] ] }, { "type": "LineString", "coordinates": [ [ 28.97034, 41.0136141 ], [ 28.9706582, 41.0136641 ] ] }, { "type": "LineString", "coordinates": [ [ 28.9706582, 41.0136641 ], [ 28.9708353, 41.0136719 ], [ 28.97108, 41.013661 ], [ 28.9711301, 41.0136402 ] ] }, { "type": "LineString", "coordinates": [ [ 28.9711301, 41.0136402 ], [ 28.9712445, 41.0135928 ] ] }, { "type": "LineString", "coordinates": [ [ 28.9712445, 41.0135928 ], [ 28.9714633, 41.0135019 ], [ 28.9716305, 41.0133972 ], [ 28.9716803, 41.0133715 ] ] }, { "type": "LineString", "coordinates": [ [ 28.9271696, 41.0149031 ], [ 28.9270455, 41.0146579 ] ] }, { "type": "LineString", "coordinates": [ [ 28.9270455, 41.0146579 ], [ 28.9269626, 41.0144655 ], [ 28.9267668, 41.0140871 ], [ 28.926344, 41.0142018 ] ] }, { "type": "LineString", "coordinates": [ [ 28.926344, 41.0142018 ], [ 28.9259193, 41.0143291 ] ] }, { "type": "LineString", "coordinates": [ [ 28.9444115, 41.0307842 ], [ 28.9447398, 41.0310165 ] ] }, { "type": "LineString", "coordinates": [ [ 28.9447398, 41.0310165 ], [ 28.9448327, 41.0310372 ] ] }, { "type": "LineString", "coordinates": [ [ 28.9448327, 41.0310372 ], [ 28.944948, 41.0312123 ] ] }, { "type": "LineString", "coordinates": [ [ 28.944948, 41.0312123 ], [ 28.9451587, 41.0315372 ] ] }, { "type": "LineString", "coordinates": [ [ 28.9451587, 41.0315372 ], [ 28.9453479, 41.0318022 ] ] }, { "type": "LineString", "coordinates": [ [ 28.9453479, 41.0318022 ], [ 28.9455077, 41.032048699999983 ] ] }, { "type": "LineString", "coordinates": [ [ 28.9455077, 41.032048699999983 ], [ 28.9457087, 41.0323315 ] ] }, { "type": "LineString", "coordinates": [ [ 28.9457087, 41.0323315 ], [ 28.9458823, 41.0326018 ] ] }, { "type": "LineString", "coordinates": [ [ 28.9458823, 41.0326018 ], [ 28.9460827, 41.0328636 ] ] }, { "type": "LineString", "coordinates": [ [ 28.9480641, 41.0296534 ], [ 28.9483704, 41.0296009 ] ] }, { "type": "LineString", "coordinates": [ [ 28.9483704, 41.0296009 ], [ 28.948695, 41.0295496 ] ] }, { "type": "LineString", "coordinates": [ [ 28.9808042, 41.0047875 ], [ 28.9808682, 41.0048585 ], [ 28.9810266, 41.004951599999984 ], [ 28.9812054, 41.0050905 ], [ 28.9814176, 41.0052606 ] ] }, { "type": "LineString", "coordinates": [ [ 28.9814176, 41.0052606 ], [ 28.9814983, 41.0053253 ], [ 28.9815919, 41.0054004 ] ] }, { "type": "LineString", "coordinates": [ [ 28.9820771, 41.0035503 ], [ 28.9820902, 41.0036074 ], [ 28.9822075, 41.0037452 ], [ 28.9822444, 41.0037886 ], [ 28.9822133, 41.0038492 ] ] }, { "type": "LineString", "coordinates": [ [ 28.9522558, 41.0051039 ], [ 28.9522814, 41.0050264 ], [ 28.9514628, 41.0048554 ], [ 28.9514179, 41.0048446 ], [ 28.9513764, 41.004834 ] ] }, { "type": "LineString", "coordinates": [ [ 28.9253099, 41.0074826 ], [ 28.9250899, 41.0075585 ], [ 28.9246552, 41.0076964 ], [ 28.9244302, 41.0077609 ] ] }, { "type": "LineString", "coordinates": [ [ 28.9244302, 41.0077609 ], [ 28.9239607, 41.007895499999989 ], [ 28.923686, 41.0079723 ] ] }, { "type": "LineString", "coordinates": [ [ 28.9224251, 41.0147079 ], [ 28.9229297, 41.0146595 ] ] }, { "type": "LineString", "coordinates": [ [ 28.9232854, 41.005192 ], [ 28.9231345, 41.0053231 ], [ 28.922826, 41.0055558 ], [ 28.9226384, 41.0057085 ] ] }, { "type": "LineString", "coordinates": [ [ 28.9533843, 41.0032294 ], [ 28.9532503, 41.0034333 ] ] }, { "type": "LineString", "coordinates": [ [ 28.9421349, 41.0376592 ], [ 28.9418774, 41.0377725 ] ] }, { "type": "LineString", "coordinates": [ [ 28.9418774, 41.0377725 ], [ 28.9417718, 41.0378019 ] ] }, { "type": "LineString", "coordinates": [ [ 28.9287166, 41.0119003 ], [ 28.9279571, 41.0118388 ] ] }, { "type": "LineString", "coordinates": [ [ 28.9444039, 41.0352796 ], [ 28.9442098, 41.035264599999984 ] ] }, { "type": "LineString", "coordinates": [ [ 28.9442098, 41.035264599999984 ], [ 28.9440129, 41.0351719 ] ] }, { "type": "LineString", "coordinates": [ [ 28.9657844, 41.0034249 ], [ 28.9658434, 41.0033541 ], [ 28.9662214, 41.003316 ], [ 28.9666353, 41.0033018 ], [ 28.9665678, 41.0035328 ], [ 28.9660545, 41.0034595 ], [ 28.9658576, 41.0034543 ], [ 28.9657844, 41.0034249 ] ] }, { "type": "LineString", "coordinates": [ [ 28.9657844, 41.0034249 ], [ 28.9657323, 41.0034187 ], [ 28.9656803, 41.0034126 ] ] }, { "type": "LineString", "coordinates": [ [ 28.923277, 41.0121344 ], [ 28.9233246, 41.012132799999982 ], [ 28.9234117, 41.0121514 ] ] }, { "type": "LineString", "coordinates": [ [ 28.9232346, 40.991376 ], [ 28.9232922, 40.9915328 ], [ 28.9233271, 40.9915713 ], [ 28.9238139, 40.991807099999988 ], [ 28.9276215, 40.993640599999985 ] ] }, { "type": "LineString", "coordinates": [ [ 28.9329075, 41.0208534 ], [ 28.9327943, 41.0207791 ] ] }, { "type": "LineString", "coordinates": [ [ 28.932286315166245, 41.027069859972208 ], [ 28.9325847, 41.0269538 ] ] }, { "type": "LineString", "coordinates": [ [ 28.9318657, 40.9969622 ], [ 28.9315243, 40.9970647 ] ] }, { "type": "LineString", "coordinates": [ [ 28.9300844, 40.9955559 ], [ 28.93017, 40.995508199999989 ], [ 28.9301871, 40.9954734 ], [ 28.9301796, 40.9954274 ] ] }, { "type": "LineString", "coordinates": [ [ 28.9326981, 40.9992935 ], [ 28.9325249, 40.9994469 ] ] }, { "type": "LineString", "coordinates": [ [ 28.9327617, 40.999237899999983 ], [ 28.9326981, 40.9992935 ] ] }, { "type": "LineString", "coordinates": [ [ 28.9419023, 41.002911199999986 ], [ 28.9411798, 41.002802 ], [ 28.9409559, 41.00277 ] ] }, { "type": "LineString", "coordinates": [ [ 28.9409559, 41.00277 ], [ 28.9408404, 41.0027535 ], [ 28.9402989, 41.0026763 ], [ 28.9398117, 41.002611 ], [ 28.9397807, 41.0026068 ], [ 28.9395796, 41.00257520000001 ], [ 28.9391301, 41.0025045 ], [ 28.9387991, 41.0024039 ] ] }, { "type": "LineString", "coordinates": [ [ 28.9667434, 41.0032689 ], [ 28.9667297, 41.0031657 ] ] }, { "type": "LineString", "coordinates": [ [ 28.9667297, 41.0031657 ], [ 28.9667159, 41.0030625 ] ] }, { "type": "LineString", "coordinates": [ [ 28.9653151, 41.00330550000001 ], [ 28.9653149, 41.0033317 ] ] }, { "type": "LineString", "coordinates": [ [ 28.985295, 41.0159003 ], [ 28.9852785, 41.015870300000017 ] ] }, { "type": "LineString", "coordinates": [ [ 28.9852064, 41.0159203 ], [ 28.9851924, 41.015896499999982 ] ] }, { "type": "LineString", "coordinates": [ [ 28.9788133, 41.0035212 ], [ 28.9784405, 41.0034213 ], [ 28.978345, 41.0034062 ] ] }, { "type": "LineString", "coordinates": [ [ 28.9780152, 41.0032831 ], [ 28.9780301, 41.0032368 ], [ 28.9780583, 41.003172 ] ] }, { "type": "LineString", "coordinates": [ [ 28.9744051, 41.0020082 ], [ 28.9744083, 41.0018848 ] ] }, { "type": "LineString", "coordinates": [ [ 28.9744083, 41.0018848 ], [ 28.9744241, 41.0016449 ], [ 28.9744158, 41.001618 ], [ 28.9743915, 41.001607300000011 ], [ 28.9742888, 41.0016052 ] ] }, { "type": "LineString", "coordinates": [ [ 28.9766898, 41.0020928 ], [ 28.9767968, 41.0020349 ] ] }, { "type": "LineString", "coordinates": [ [ 28.9811167, 41.0062559 ], [ 28.9813888, 41.00605740000001 ] ] }, { "type": "LineString", "coordinates": [ [ 28.9834226, 41.0061043 ], [ 28.9836523, 41.0058433 ], [ 28.9838086, 41.0057537 ] ] }, { "type": "LineString", "coordinates": [ [ 28.9838086, 41.0057537 ], [ 28.9840168, 41.005691 ] ] }, { "type": "LineString", "coordinates": [ [ 28.9840168, 41.005691 ], [ 28.9841796, 41.0057084 ], [ 28.9843057, 41.0057341 ], [ 28.9844946, 41.0057725 ], [ 28.9845937, 41.0057485 ], [ 28.9846592, 41.0057592 ], [ 28.9847654, 41.0058114 ], [ 28.9848565, 41.005852 ] ] }, { "type": "LineString", "coordinates": [ [ 28.9833226, 41.0082231 ], [ 28.9839657, 41.0079258 ], [ 28.9843416, 41.0077724 ], [ 28.9845419, 41.0077073 ], [ 28.9847607, 41.0076026 ], [ 28.9848254, 41.0075213 ], [ 28.9848317, 41.0074626 ], [ 28.9846701, 41.007311 ] ] }, { "type": "LineString", "coordinates": [ [ 28.982583, 41.0085194 ], [ 28.9820084, 41.0079829 ], [ 28.9820784, 41.007281399999989 ], [ 28.9821171, 41.0072417 ], [ 28.982177, 41.0072454 ], [ 28.9828399, 41.0076147 ] ] }, { "type": "LineString", "coordinates": [ [ 28.9840168, 41.005691 ], [ 28.9840209, 41.0055832 ], [ 28.9833517, 41.0052753 ], [ 28.9832125, 41.0054247 ], [ 28.9838086, 41.0057537 ] ] }, { "type": "LineString", "coordinates": [ [ 28.9816094, 41.0072505 ], [ 28.9815925, 41.0073655 ] ] }, { "type": "LineString", "coordinates": [ [ 28.9790919, 41.0062548 ], [ 28.9791977, 41.0062425 ], [ 28.9794945, 41.0061047 ] ] }, { "type": "LineString", "coordinates": [ [ 28.9789782, 41.0056883 ], [ 28.9790161, 41.005718 ] ] }, { "type": "LineString", "coordinates": [ [ 28.9789782, 41.0056883 ], [ 28.9790222, 41.0056544 ] ] }, { "type": "LineString", "coordinates": [ [ 28.9748536, 41.005016500000011 ], [ 28.9748598, 41.005023199999989 ], [ 28.9748864, 41.005052 ] ] }, { "type": "LineString", "coordinates": [ [ 28.9738995, 41.0035438 ], [ 28.9734206, 41.0035599 ] ] }, { "type": "LineString", "coordinates": [ [ 28.9738438, 41.00327 ], [ 28.9739112, 41.0034887 ], [ 28.9738995, 41.0035438 ] ] }, { "type": "LineString", "coordinates": [ [ 28.9732619, 41.0025488 ], [ 28.9733079, 41.0027828 ] ] }, { "type": "LineString", "coordinates": [ [ 28.9531956, 41.0040894 ], [ 28.9532996, 41.0041414 ], [ 28.9532911, 41.0043347 ], [ 28.9532643, 41.004428 ], [ 28.9532346, 41.0044552 ] ] }, { "type": "LineString", "coordinates": [ [ 28.952899, 41.0039946 ], [ 28.9529982, 41.0040242 ], [ 28.953141, 41.004072 ], [ 28.9531956, 41.0040894 ] ] }, { "type": "LineString", "coordinates": [ [ 28.9526093, 41.0044935 ], [ 28.9527312, 41.0042815 ] ] }, { "type": "LineString", "coordinates": [ [ 28.9527312, 41.0042815 ], [ 28.952899, 41.0039946 ] ] }, { "type": "LineString", "coordinates": [ [ 28.9516587, 41.0058997 ], [ 28.9517033, 41.0057854 ] ] }, { "type": "LineString", "coordinates": [ [ 28.9522493, 41.0018054 ], [ 28.9522485, 41.0018399 ], [ 28.9522578, 41.0018556 ], [ 28.9523206, 41.0018953 ], [ 28.9524236, 41.0019309 ], [ 28.9525521, 41.0019771 ], [ 28.9526353, 41.0020318 ], [ 28.9527268, 41.0021048 ], [ 28.9527715, 41.0021655 ], [ 28.952771774298132, 41.002207741922071 ] ] }, { "type": "LineString", "coordinates": [ [ 28.952771774298132, 41.002207741922071 ], [ 28.9527718, 41.002211699999989 ] ] }, { "type": "LineString", "coordinates": [ [ 28.9527605, 41.002251499999986 ], [ 28.952722174132397, 41.002305670861141 ] ] }, { "type": "LineString", "coordinates": [ [ 28.952722174132397, 41.002305670861141 ], [ 28.9527039, 41.002331499999983 ], [ 28.952664767828818, 41.002387709118743 ] ] }, { "type": "LineString", "coordinates": [ [ 28.952664767828818, 41.002387709118743 ], [ 28.952646177427724, 41.002414412176044 ] ] }, { "type": "LineString", "coordinates": [ [ 28.952646177427724, 41.002414412176044 ], [ 28.9526363, 41.0024286 ], [ 28.952586842282713, 41.002500400491002 ] ] }, { "type": "LineString", "coordinates": [ [ 28.952586842282713, 41.002500400491002 ], [ 28.9525679, 41.0025279 ], [ 28.952506078565918, 41.002610855280423 ] ] }, { "type": "LineString", "coordinates": [ [ 28.952506078565918, 41.002610855280423 ], [ 28.9525053, 41.0026119 ] ] }, { "type": "LineString", "coordinates": [ [ 28.9521438, 41.002589499999985 ], [ 28.9519777, 41.0025293 ], [ 28.9517033, 41.0024582 ], [ 28.9514863, 41.0024062 ] ] }, { "type": "LineString", "coordinates": [ [ 28.950641, 41.0022638 ], [ 28.9505205, 41.0022801 ], [ 28.9503042, 41.0023512 ] ] }, { "type": "LineString", "coordinates": [ [ 28.9657029, 41.0080518 ], [ 28.9654138, 41.0074446 ] ] }, { "type": "LineString", "coordinates": [ [ 28.9659699, 41.008636500000016 ], [ 28.9659596, 41.008614 ] ] }, { "type": "LineString", "coordinates": [ [ 28.9659596, 41.008614 ], [ 28.9657029, 41.0080518 ] ] }, { "type": "LineString", "coordinates": [ [ 28.9751124, 41.00893270000001 ], [ 28.9746871, 41.0087996 ] ] }, { "type": "LineString", "coordinates": [ [ 28.9746871, 41.0087996 ], [ 28.9744873, 41.0087531 ] ] }, { "type": "LineString", "coordinates": [ [ 28.9672275, 41.0047616 ], [ 28.9672991, 41.005193 ], [ 28.9673073, 41.0052519 ] ] }, { "type": "LineString", "coordinates": [ [ 28.9672765, 41.0078254 ], [ 28.9671983, 41.0075821 ], [ 28.9671846, 41.007539199999989 ] ] }, { "type": "LineString", "coordinates": [ [ 28.9657607, 41.007374 ], [ 28.9655856, 41.0074024 ], [ 28.9654138, 41.0074446 ] ] }, { "type": "LineString", "coordinates": [ [ 28.9806919, 41.0045229 ], [ 28.9807174, 41.0045499 ], [ 28.980755, 41.0046596 ], [ 28.9808042, 41.0047875 ] ] }, { "type": "LineString", "coordinates": [ [ 28.9817189, 41.0060742 ], [ 28.9818177, 41.0061584 ] ] }, { "type": "LineString", "coordinates": [ [ 28.9815919, 41.0054004 ], [ 28.9816763, 41.0053161 ], [ 28.9817405, 41.0052756 ] ] }, { "type": "LineString", "coordinates": [ [ 28.9813525, 41.0055059 ], [ 28.9814237, 41.0055408 ] ] }, { "type": "LineString", "coordinates": [ [ 28.9682796, 41.0035149 ], [ 28.9682582, 41.0035278 ], [ 28.9680152, 41.0036925 ] ] }, { "type": "LineString", "coordinates": [ [ 28.9628482, 41.0071932 ], [ 28.9626642, 41.0071026 ] ] }, { "type": "LineString", "coordinates": [ [ 28.9539846, 41.007172 ], [ 28.954025, 41.0072314 ], [ 28.9540718, 41.0072958 ], [ 28.954116, 41.0073318 ] ] }, { "type": "LineString", "coordinates": [ [ 28.9544418, 41.004450500000011 ], [ 28.9547327, 41.0046022 ] ] }, { "type": "LineString", "coordinates": [ [ 28.9532503, 41.0034333 ], [ 28.9524158, 41.0031894 ] ] }, { "type": "LineString", "coordinates": [ [ 28.9633949, 41.0104721 ], [ 28.9628911, 41.0101664 ], [ 28.9628043, 41.0101171 ], [ 28.9627392, 41.0101241 ] ] }, { "type": "LineString", "coordinates": [ [ 28.9627392, 41.0101241 ], [ 28.9626583, 41.010135699999985 ], [ 28.9625939, 41.010157 ] ] }, { "type": "LineString", "coordinates": [ [ 28.9612568, 41.0222611 ], [ 28.961386643781147, 41.022333977108644 ] ] }, { "type": "LineString", "coordinates": [ [ 28.961386643781147, 41.022333977108644 ], [ 28.961515625049319, 41.022406369806788 ] ] }, { "type": "LineString", "coordinates": [ [ 28.961515625049319, 41.022406369806788 ], [ 28.9616869, 41.0225025 ] ] }, { "type": "LineString", "coordinates": [ [ 28.9742701, 41.0018834 ], [ 28.9744083, 41.0018848 ] ] }, { "type": "LineString", "coordinates": [ [ 28.9739411, 41.0018565 ], [ 28.9739443, 41.001873 ], [ 28.9739668, 41.0018795 ], [ 28.9740987, 41.0018804 ], [ 28.9742701, 41.0018834 ] ] }, { "type": "LineString", "coordinates": [ [ 28.9742888, 41.0016052 ], [ 28.9741162, 41.0015974 ], [ 28.9740031, 41.0015929 ], [ 28.9739687, 41.0016001 ], [ 28.9739575, 41.0016216 ], [ 28.9739411, 41.0018565 ] ] }, { "type": "LineString", "coordinates": [ [ 28.947115, 41.0340913 ], [ 28.9470056, 41.0340384 ] ] }, { "type": "LineString", "coordinates": [ [ 28.9848565, 41.005852 ], [ 28.9848307, 41.0058978 ], [ 28.9848183, 41.0059297 ], [ 28.9850132, 41.0060865 ] ] }, { "type": "LineString", "coordinates": [ [ 28.9848565, 41.005852 ], [ 28.9849595, 41.0058815 ], [ 28.9850917, 41.005941 ], [ 28.9851629, 41.0059804 ], [ 28.9852355, 41.0059928 ] ] }, { "type": "LineString", "coordinates": [ [ 28.9818775, 41.0035526 ], [ 28.9815951, 41.0032944 ], [ 28.9810541, 41.0029155 ] ] }, { "type": "LineString", "coordinates": [ [ 28.9341781, 41.0286691 ], [ 28.934172052280935, 41.028673212681447 ] ] }, { "type": "LineString", "coordinates": [ [ 28.9382376, 41.0315222 ], [ 28.9386462, 41.0313861 ] ] }, { "type": "LineString", "coordinates": [ [ 28.9386462, 41.0313861 ], [ 28.9388266, 41.0313244 ] ] }, { "type": "LineString", "coordinates": [ [ 28.9417223, 41.025371099999987 ], [ 28.9419074, 41.0252832 ] ] }, { "type": "LineString", "coordinates": [ [ 28.9419074, 41.0252832 ], [ 28.9420045, 41.0252206 ] ] }, { "type": "LineString", "coordinates": [ [ 28.9420045, 41.0252206 ], [ 28.942529, 41.024911299999985 ] ] }, { "type": "LineString", "coordinates": [ [ 28.942529, 41.024911299999985 ], [ 28.9426822, 41.0248298 ] ] }, { "type": "LineString", "coordinates": [ [ 28.9523252, 41.0177618 ], [ 28.9522738, 41.01772 ], [ 28.9522378, 41.017662 ] ] }, { "type": "LineString", "coordinates": [ [ 28.954442, 41.0164865 ], [ 28.9544811, 41.0165242 ] ] }, { "type": "LineString", "coordinates": [ [ 28.9631299, 41.015738 ], [ 28.9631482, 41.0157233 ] ] }, { "type": "LineString", "coordinates": [ [ 28.9362799, 41.0043629 ], [ 28.9357068, 41.004246 ], [ 28.9352455, 41.0041569 ], [ 28.9348463, 41.004102200000013 ] ] }, { "type": "LineString", "coordinates": [ [ 28.939356, 41.0242808 ], [ 28.939012, 41.0237749 ], [ 28.938717, 41.0233269 ] ] }, { "type": "LineString", "coordinates": [ [ 28.9433711, 41.0214294 ], [ 28.9434653, 41.0214401 ], [ 28.9435079, 41.0214561 ], [ 28.9435402, 41.0214799 ], [ 28.943576, 41.0215216 ], [ 28.9435854, 41.021549899999982 ], [ 28.9435836, 41.0215801 ] ] }, { "type": "LineString", "coordinates": [ [ 28.9398899, 41.017684 ], [ 28.9402921, 41.0180002 ] ] }, { "type": "LineString", "coordinates": [ [ 28.9356293, 41.01972 ], [ 28.936577, 41.0190792 ] ] }, { "type": "LineString", "coordinates": [ [ 28.936577, 41.0190792 ], [ 28.9366878, 41.018997 ] ] }, { "type": "LineString", "coordinates": [ [ 28.936577, 41.0190792 ], [ 28.9365397, 41.018973 ], [ 28.9360335, 41.0182626 ] ] }, { "type": "LineString", "coordinates": [ [ 28.9297201, 41.0231602 ], [ 28.9298269, 41.023190299999989 ] ] }, { "type": "LineString", "coordinates": [ [ 28.9298269, 41.023190299999989 ], [ 28.9299612, 41.02324260000001 ] ] }, { "type": "LineString", "coordinates": [ [ 28.9299612, 41.02324260000001 ], [ 28.9302999, 41.023374499999981 ] ] }, { "type": "LineString", "coordinates": [ [ 28.9267302, 41.0214336 ], [ 28.9265466, 41.0211679 ], [ 28.9264785, 41.0210822 ] ] }, { "type": "LineString", "coordinates": [ [ 28.9264785, 41.0210822 ], [ 28.9262217, 41.0212878 ] ] }, { "type": "LineString", "coordinates": [ [ 28.972716, 41.0167643 ], [ 28.9724442, 41.016344899999986 ] ] }, { "type": "LineString", "coordinates": [ [ 28.9614803, 41.0157325 ], [ 28.9614589, 41.015754 ] ] }, { "type": "LineString", "coordinates": [ [ 28.961845, 41.0159035 ], [ 28.9618303, 41.0158959 ] ] }, { "type": "LineString", "coordinates": [ [ 28.951323, 41.0258486 ], [ 28.951302, 41.0257207 ], [ 28.9512436, 41.0254372 ], [ 28.9511338, 41.0251088 ] ] }, { "type": "LineString", "coordinates": [ [ 28.9511338, 41.0251088 ], [ 28.9510002, 41.0246629 ] ] }, { "type": "LineString", "coordinates": [ [ 28.9510002, 41.0246629 ], [ 28.9509874, 41.0246139 ], [ 28.950862, 41.02418930000001 ] ] }, { "type": "LineString", "coordinates": [ [ 28.950862, 41.02418930000001 ], [ 28.9506949, 41.0235967 ] ] }, { "type": "LineString", "coordinates": [ [ 28.9506949, 41.0235967 ], [ 28.9505837, 41.0231334 ] ] }, { "type": "LineString", "coordinates": [ [ 28.9505837, 41.0231334 ], [ 28.9504094, 41.0225365 ] ] }, { "type": "LineString", "coordinates": [ [ 28.948431, 41.0131587 ], [ 28.9477362, 41.0133911 ] ] }, { "type": "LineString", "coordinates": [ [ 28.9477362, 41.0133911 ], [ 28.9476419, 41.0132751 ], [ 28.9473398, 41.0134159 ], [ 28.9470704, 41.0135344 ] ] }, { "type": "LineString", "coordinates": [ [ 28.948431, 41.0131587 ], [ 28.9489296, 41.012802899999983 ] ] }, { "type": "LineString", "coordinates": [ [ 28.9489296, 41.012802899999983 ], [ 28.9491876, 41.0125022 ] ] }, { "type": "LineString", "coordinates": [ [ 28.9491876, 41.0125022 ], [ 28.94933, 41.0123144 ] ] }, { "type": "LineString", "coordinates": [ [ 28.94933, 41.0123144 ], [ 28.9493403, 41.0123008 ], [ 28.9494424, 41.0122024 ], [ 28.9499344, 41.011877 ] ] }, { "type": "LineString", "coordinates": [ [ 28.9644784, 41.0101529 ], [ 28.9642018, 41.009956199999984 ], [ 28.9638637, 41.0097269 ] ] }, { "type": "LineString", "coordinates": [ [ 28.9637644, 41.012903499999986 ], [ 28.9637556, 41.0128298 ], [ 28.9637836, 41.0127658 ], [ 28.9638852, 41.012687799999988 ] ] }, { "type": "LineString", "coordinates": [ [ 28.9639851, 41.0129042 ], [ 28.9639793, 41.0127833 ], [ 28.963951, 41.0127173 ], [ 28.9638852, 41.012687799999988 ] ] }, { "type": "LineString", "coordinates": [ [ 28.9627392, 41.0101241 ], [ 28.9627065, 41.0102214 ], [ 28.9627065, 41.0104097 ] ] }, { "type": "LineString", "coordinates": [ [ 28.978543, 41.0012824 ], [ 28.9776168, 41.0013675 ], [ 28.9776031, 41.0011744 ] ] }, { "type": "LineString", "coordinates": [ [ 28.9674849, 41.0128523 ], [ 28.9675353, 41.012866699999989 ], [ 28.9675488, 41.0128774 ] ] }, { "type": "LineString", "coordinates": [ [ 28.9675202, 41.0107745 ], [ 28.9674975, 41.0105396 ] ] }, { "type": "LineString", "coordinates": [ [ 28.968932, 41.0107321 ], [ 28.969001, 41.0104719 ] ] }, { "type": "LineString", "coordinates": [ [ 28.971151, 41.010464099999986 ], [ 28.9711475, 41.010442 ], [ 28.9712377, 41.010172 ] ] }, { "type": "LineString", "coordinates": [ [ 28.9732273, 41.0070517 ], [ 28.9731808, 41.0066116 ] ] }, { "type": "LineString", "coordinates": [ [ 28.9732425, 41.0071076 ], [ 28.9732273, 41.0070517 ] ] }, { "type": "LineString", "coordinates": [ [ 28.9746339, 41.0051927 ], [ 28.9748864, 41.005052 ] ] }, { "type": "LineString", "coordinates": [ [ 28.9750982, 41.0052561 ], [ 28.9753681, 41.005516 ] ] }, { "type": "LineString", "coordinates": [ [ 28.9783249, 41.0080124 ], [ 28.9783135, 41.0080171 ], [ 28.9783023, 41.0080234 ] ] }, { "type": "LineString", "coordinates": [ [ 28.9793592, 41.0101052 ], [ 28.9792897, 41.0101734 ], [ 28.9792195, 41.0102312 ], [ 28.9789872, 41.0104061 ] ] }, { "type": "LineString", "coordinates": [ [ 28.9507683, 41.0047009 ], [ 28.9510812, 41.0047694 ], [ 28.9513764, 41.004834 ] ] }, { "type": "LineString", "coordinates": [ [ 28.9502617, 41.0048218 ], [ 28.9506563, 41.0048948 ] ] }, { "type": "LineString", "coordinates": [ [ 28.943082, 41.0050837 ], [ 28.9431909, 41.005104099999983 ] ] }, { "type": "LineString", "coordinates": [ [ 28.9535827, 41.0092949 ], [ 28.953612, 41.0093179 ], [ 28.953641, 41.0093406 ], [ 28.9536997, 41.0093866 ], [ 28.9537566, 41.0094085 ], [ 28.9540121, 41.0094142 ] ] }, { "type": "LineString", "coordinates": [ [ 28.9540121, 41.0094142 ], [ 28.955132, 41.00943920000001 ] ] }, { "type": "LineString", "coordinates": [ [ 28.955132, 41.00943920000001 ], [ 28.95516, 41.0094818 ], [ 28.9551881, 41.0095244 ] ] }, { "type": "LineString", "coordinates": [ [ 28.9701024, 41.0056188 ], [ 28.9704427, 41.005569 ] ] }, { "type": "LineString", "coordinates": [ [ 28.9715341, 41.0050512 ], [ 28.9716741, 41.00506690000001 ], [ 28.9717626, 41.0050811 ] ] }, { "type": "LineString", "coordinates": [ [ 28.9715542, 41.0048663 ], [ 28.9714143, 41.0047888 ], [ 28.9711774, 41.0046627 ] ] }, { "type": "LineString", "coordinates": [ [ 28.9764112, 41.0045382 ], [ 28.9760813, 41.0043181 ], [ 28.9757509, 41.0043545 ] ] }, { "type": "LineString", "coordinates": [ [ 28.9778357, 41.0044923 ], [ 28.9778918, 41.0044459 ], [ 28.9779547, 41.00441630000001 ] ] }, { "type": "LineString", "coordinates": [ [ 28.9744051, 41.0020082 ], [ 28.9743217, 41.0019947 ], [ 28.9739121, 41.001967099999987 ], [ 28.9735158, 41.0019452 ], [ 28.9734454, 41.0019413 ], [ 28.9728238, 41.0019026 ], [ 28.9727747, 41.0018013 ], [ 28.9727985, 41.0017023 ], [ 28.9729444, 41.0016047 ] ] }, { "type": "LineString", "coordinates": [ [ 28.9653845, 41.0031047 ], [ 28.9653541, 41.0031245 ], [ 28.9653422, 41.0031492 ] ] }, { "type": "LineString", "coordinates": [ [ 28.9629787, 41.0026475 ], [ 28.9629896, 41.0023424 ] ] }, { "type": "LineString", "coordinates": [ [ 28.9552691, 41.0027251 ], [ 28.9555284, 41.00257770000001 ], [ 28.9556221, 41.0025581 ], [ 28.955655, 41.0025512 ], [ 28.9557709, 41.0025386 ], [ 28.9564612, 41.0025861 ] ] }, { "type": "LineString", "coordinates": [ [ 28.9592781, 41.0025743 ], [ 28.9596619, 41.002539899999988 ], [ 28.9596284, 41.0030644 ], [ 28.9598912, 41.0030908 ] ] }, { "type": "LineString", "coordinates": [ [ 28.9571226, 41.0021747 ], [ 28.9572737, 41.0023104 ], [ 28.9573283, 41.0023151 ], [ 28.9575471, 41.00226210000001 ], [ 28.9580878, 41.0021401 ] ] }, { "type": "LineString", "coordinates": [ [ 28.9563831, 41.0032796 ], [ 28.9565599, 41.00329 ] ] }, { "type": "LineString", "coordinates": [ [ 28.9450099, 41.0095756 ], [ 28.9451713, 41.0094727 ] ] }, { "type": "LineString", "coordinates": [ [ 28.9530534, 41.0094126 ], [ 28.953063684801087, 41.009446571027404 ] ] }, { "type": "LineString", "coordinates": [ [ 28.953063684801087, 41.009446571027404 ], [ 28.9530732, 41.009478 ] ] }, { "type": "LineString", "coordinates": [ [ 28.9530307, 41.0095978 ], [ 28.9529013, 41.0096545 ] ] }, { "type": "LineString", "coordinates": [ [ 28.9707799, 41.0064305 ], [ 28.9707835, 41.0063937 ] ] }, { "type": "LineString", "coordinates": [ [ 28.9713445, 41.0069847 ], [ 28.9711942, 41.0069934 ], [ 28.9710438, 41.0070021 ], [ 28.9708525, 41.0070126 ] ] }, { "type": "LineString", "coordinates": [ [ 28.9767234, 41.0033931 ], [ 28.9766179, 41.0035164 ], [ 28.9765695, 41.0035552 ] ] }, { "type": "LineString", "coordinates": [ [ 28.9770574, 41.00281 ], [ 28.9774435, 41.0028894 ] ] }, { "type": "LineString", "coordinates": [ [ 28.955132, 41.00943920000001 ], [ 28.9551925, 41.0094197 ], [ 28.9552182, 41.0093862 ], [ 28.9552291, 41.00930970000001 ] ] }, { "type": "LineString", "coordinates": [ [ 28.9232969, 41.0032296 ], [ 28.9230566, 41.0031065 ], [ 28.9214717, 41.0032574 ] ] }, { "type": "LineString", "coordinates": [ [ 28.9225691, 41.0003586 ], [ 28.9227873, 41.0002962 ], [ 28.9230272, 41.0002577 ], [ 28.9233018, 41.000221 ] ] }, { "type": "LineString", "coordinates": [ [ 28.9769059, 41.0022024 ], [ 28.9769106, 41.0022224 ], [ 28.976943, 41.002360299999985 ] ] }, { "type": "LineString", "coordinates": [ [ 28.9718246, 41.0031512 ], [ 28.9717808, 41.0031352 ], [ 28.9716834, 41.0031504 ] ] }, { "type": "LineString", "coordinates": [ [ 28.9713445, 41.0030141 ], [ 28.9715636, 41.0029352 ] ] }, { "type": "LineString", "coordinates": [ [ 28.970329, 41.0034194 ], [ 28.9706666, 41.0034004 ] ] }, { "type": "LineString", "coordinates": [ [ 28.9706666, 41.0034004 ], [ 28.9708041, 41.0033841 ], [ 28.9708681, 41.0033711 ] ] }, { "type": "LineString", "coordinates": [ [ 28.9718246, 41.0031512 ], [ 28.9717817, 41.0032706 ] ] }, { "type": "LineString", "coordinates": [ [ 28.9706854, 41.0030079 ], [ 28.9705772, 41.0027927 ] ] }, { "type": "LineString", "coordinates": [ [ 28.9713986, 41.0025704 ], [ 28.9714293, 41.0026939 ] ] }, { "type": "LineString", "coordinates": [ [ 28.9311177, 41.0055822 ], [ 28.9308415, 41.0052951 ], [ 28.9307749, 41.0052259 ] ] }, { "type": "LineString", "coordinates": [ [ 28.9734545, 41.0082141 ], [ 28.9733855, 41.0077204 ] ] }, { "type": "LineString", "coordinates": [ [ 28.9727804, 41.009583 ], [ 28.9729762, 41.0097548 ], [ 28.9732414, 41.0099875 ], [ 28.9735118, 41.0102532 ] ] }, { "type": "LineString", "coordinates": [ [ 28.9644922, 41.0196557 ], [ 28.9642975, 41.0194911 ] ] }, { "type": "LineString", "coordinates": [ [ 28.9759226, 41.0163237 ], [ 28.9755327, 41.0162973 ] ] }, { "type": "LineString", "coordinates": [ [ 28.9560667, 41.0277781 ], [ 28.955948, 41.0276904 ] ] }, { "type": "LineString", "coordinates": [ [ 28.9537901, 41.0279579 ], [ 28.953708, 41.028060699999983 ] ] }, { "type": "LineString", "coordinates": [ [ 28.9313453, 40.9971293 ], [ 28.931197, 40.9971831 ], [ 28.9310765, 40.9971865 ], [ 28.9309248, 40.9972112 ] ] }, { "type": "LineString", "coordinates": [ [ 28.9289356, 40.9928546 ], [ 28.9278805, 40.991787099999989 ], [ 28.9279839, 40.9916361 ], [ 28.9284851, 40.9912942 ], [ 28.9286082, 40.9912279 ], [ 28.9291359, 40.9910569 ], [ 28.9292612, 40.9910387 ], [ 28.9293536, 40.9910503 ], [ 28.9294195, 40.9910984 ], [ 28.9294503, 40.9911449 ], [ 28.9300749, 40.9923956 ], [ 28.930107, 40.9924837 ], [ 28.9300983, 40.9925321 ], [ 28.9300079, 40.9927016 ] ] }, { "type": "LineString", "coordinates": [ [ 28.928927, 40.9929067 ], [ 28.9292, 40.99321710000001 ] ] }, { "type": "LineString", "coordinates": [ [ 28.9476466, 41.0031563 ], [ 28.9470435, 41.0026805 ], [ 28.9469148, 41.0026238 ], [ 28.9465057, 41.0025536 ] ] }, { "type": "LineString", "coordinates": [ [ 28.9768125, 41.0036357 ], [ 28.9770068, 41.0037065 ], [ 28.9772592, 41.0039476 ], [ 28.9772413, 41.0040467 ] ] }, { "type": "LineString", "coordinates": [ [ 28.9533628, 41.0059057 ], [ 28.9532772, 41.0058707 ], [ 28.9532017, 41.0058398 ], [ 28.9524522, 41.0056811 ] ] }, { "type": "LineString", "coordinates": [ [ 28.9581309, 41.0074769 ], [ 28.9580595, 41.0074803 ], [ 28.9574534, 41.0075355 ], [ 28.957419, 41.0075404 ] ] }, { "type": "LineString", "coordinates": [ [ 28.957419, 41.0075404 ], [ 28.957367, 41.0075455 ], [ 28.9563384, 41.0076563 ], [ 28.9562718, 41.0076594 ] ] }, { "type": "LineString", "coordinates": [ [ 28.9562718, 41.0076594 ], [ 28.9562085, 41.0076598 ], [ 28.9549945, 41.0076771 ] ] }, { "type": "LineString", "coordinates": [ [ 28.9549945, 41.0076771 ], [ 28.954543, 41.0076768 ], [ 28.9543908, 41.0076698 ], [ 28.9543131, 41.0076729 ] ] }, { "type": "LineString", "coordinates": [ [ 28.9653924, 41.0073935 ], [ 28.9650074, 41.0074839 ] ] }, { "type": "LineString", "coordinates": [ [ 28.9650074, 41.0074839 ], [ 28.964566, 41.007602 ], [ 28.9645337, 41.0076095 ] ] }, { "type": "LineString", "coordinates": [ [ 28.9645337, 41.0076095 ], [ 28.9639754, 41.0077382 ], [ 28.9639275, 41.0077494 ] ] }, { "type": "LineString", "coordinates": [ [ 28.9818008, 41.005072 ], [ 28.9814176, 41.0052606 ] ] }, { "type": "LineString", "coordinates": [ [ 28.9359511, 41.0092026 ], [ 28.936275, 41.009193 ], [ 28.9363072, 41.0092117 ], [ 28.9363267, 41.009241 ] ] }, { "type": "LineString", "coordinates": [ [ 28.9344672, 41.0114244 ], [ 28.9341574, 41.0114305 ], [ 28.934138, 41.0114133 ], [ 28.9341239, 41.011374299999986 ], [ 28.9341024, 41.0111046 ] ] }, { "type": "LineString", "coordinates": [ [ 28.9578668, 41.0081661 ], [ 28.9579882, 41.0078495 ] ] }, { "type": "LineString", "coordinates": [ [ 28.9579882, 41.0078495 ], [ 28.9580617, 41.007652 ], [ 28.9581309, 41.0074769 ] ] }, { "type": "LineString", "coordinates": [ [ 28.9581309, 41.0074769 ], [ 28.9581609, 41.0073848 ], [ 28.9581691, 41.0073044 ], [ 28.9581608, 41.0072387 ], [ 28.9580558, 41.006985 ] ] }, { "type": "LineString", "coordinates": [ [ 28.9578668, 41.0081661 ], [ 28.9584004, 41.0081537 ] ] }, { "type": "LineString", "coordinates": [ [ 28.9584004, 41.0081537 ], [ 28.9588665, 41.0081424 ], [ 28.9590762, 41.008138 ], [ 28.9591362, 41.0081367 ], [ 28.9592315, 41.0081372 ], [ 28.9592795, 41.0081499 ], [ 28.959305, 41.0081694 ] ] }, { "type": "LineString", "coordinates": [ [ 28.9593147, 41.0119815 ], [ 28.9592911, 41.0120338 ], [ 28.9592583, 41.0120555 ], [ 28.9592201, 41.012068 ], [ 28.9591543, 41.0120845 ], [ 28.9591028, 41.0120904 ] ] }, { "type": "LineString", "coordinates": [ [ 28.9262217, 41.0212878 ], [ 28.9263106, 41.0214017 ], [ 28.9264522, 41.0215524 ] ] }, { "type": "LineString", "coordinates": [ [ 28.9368278, 41.02034410000001 ], [ 28.9363083, 41.0207011 ] ] }, { "type": "LineString", "coordinates": [ [ 28.9341781, 41.0286691 ], [ 28.9342649, 41.0287362 ] ] }, { "type": "LineString", "coordinates": [ [ 28.9342649, 41.0287362 ], [ 28.9344194, 41.0288619 ] ] }, { "type": "LineString", "coordinates": [ [ 28.9344194, 41.0288619 ], [ 28.9346301, 41.0290435 ], [ 28.9349751, 41.029341 ] ] }, { "type": "LineString", "coordinates": [ [ 28.9349751, 41.029341 ], [ 28.9351249, 41.0295328 ] ] }, { "type": "LineString", "coordinates": [ [ 28.9336763, 41.0213642 ], [ 28.9338397, 41.0212512 ] ] }, { "type": "LineString", "coordinates": [ [ 28.9338397, 41.0212512 ], [ 28.9356569, 41.0199946 ] ] }, { "type": "LineString", "coordinates": [ [ 28.9272162, 41.0216981 ], [ 28.9274749, 41.0218784 ] ] }, { "type": "LineString", "coordinates": [ [ 28.9238564, 41.0165408 ], [ 28.9237859, 41.0165042 ], [ 28.9235487, 41.0165065 ] ] }, { "type": "LineString", "coordinates": [ [ 28.9235487, 41.0165065 ], [ 28.9234391, 41.0165076 ], [ 28.9231963, 41.0161029 ], [ 28.9233439, 41.016064299999989 ] ] }, { "type": "LineString", "coordinates": [ [ 28.9235487, 41.0165065 ], [ 28.9233439, 41.016064299999989 ] ] }, { "type": "LineString", "coordinates": [ [ 28.953979, 41.0067102 ], [ 28.9539526, 41.0067006 ], [ 28.9539348, 41.006681 ], [ 28.9538857, 41.0066371 ], [ 28.9537765, 41.0066077 ], [ 28.9536513, 41.0065975 ] ] }, { "type": "LineString", "coordinates": [ [ 28.9576717, 41.0087498 ], [ 28.9578668, 41.0081661 ] ] }, { "type": "LineString", "coordinates": [ [ 28.926233, 41.005204 ], [ 28.9262067, 41.005244 ], [ 28.9261919, 41.0052734 ], [ 28.9261624, 41.005299699999988 ], [ 28.9261436, 41.0053159 ], [ 28.9261302, 41.0053219 ] ] }, { "type": "LineString", "coordinates": [ [ 28.9257909, 41.007796399999989 ], [ 28.9258184, 41.0078885 ], [ 28.92586, 41.0079689 ], [ 28.9258855, 41.0080028 ], [ 28.9259331, 41.008049899999989 ], [ 28.9259737, 41.008096 ] ] }, { "type": "LineString", "coordinates": [ [ 28.9292939, 41.0082265 ], [ 28.9293328, 41.008335799999983 ], [ 28.9293663, 41.0083874 ], [ 28.9293985, 41.008441 ], [ 28.9294213, 41.008466299999988 ], [ 28.9294642, 41.0084856 ], [ 28.9295407, 41.0084947 ], [ 28.9296466, 41.0084997 ], [ 28.9297539, 41.0085028 ], [ 28.9298334, 41.0085128 ] ] }, { "type": "LineString", "coordinates": [ [ 28.9307383, 41.0061031 ], [ 28.9306846, 41.0061984 ], [ 28.9306591, 41.006248 ], [ 28.9306524, 41.0062915 ], [ 28.9306363, 41.0064737 ], [ 28.9306672, 41.0065921 ] ] }, { "type": "LineString", "coordinates": [ [ 28.9278442, 41.003204299999986 ], [ 28.9279501, 41.0030417 ] ] }, { "type": "LineString", "coordinates": [ [ 28.9278173, 41.0031935 ], [ 28.9278442, 41.003204299999986 ] ] }, { "type": "LineString", "coordinates": [ [ 28.9278442, 41.003204299999986 ], [ 28.9284088, 41.0034314 ] ] }, { "type": "LineString", "coordinates": [ [ 28.9292589, 40.9997154 ], [ 28.9292872, 40.9996926 ], [ 28.9293408, 40.9996612 ], [ 28.9294468, 40.9995762 ] ] }, { "type": "LineString", "coordinates": [ [ 28.9223483, 40.990939 ], [ 28.9223939, 40.990975400000011 ], [ 28.922469, 40.991019899999984 ], [ 28.9225629, 40.991066499999988 ], [ 28.9226058, 40.9910847 ], [ 28.9226595, 40.9910928 ], [ 28.9227104, 40.9910928 ], [ 28.9227748, 40.9910868 ], [ 28.9228968, 40.9910351 ], [ 28.9230296, 40.9909865 ], [ 28.9231409, 40.9909643 ], [ 28.9231865, 40.9909643 ], [ 28.9232321, 40.9909693 ], [ 28.923271, 40.9909805 ], [ 28.923326, 40.9910199 ], [ 28.9234453, 40.9911758 ] ] }, { "type": "LineString", "coordinates": [ [ 28.963066, 41.0114224 ], [ 28.9622006, 41.0113991 ], [ 28.9620826, 41.011306 ], [ 28.961817, 41.0111901 ] ] }, { "type": "LineString", "coordinates": [ [ 28.9481404, 41.0096372 ], [ 28.9491503, 41.0094677 ] ] }, { "type": "LineString", "coordinates": [ [ 28.9512773, 41.0128411 ], [ 28.9515455, 41.0127784 ], [ 28.9517118, 41.012741 ], [ 28.9517789, 41.0127248 ], [ 28.951854, 41.0127045 ], [ 28.9518848, 41.0126985 ], [ 28.9519599, 41.0126935 ] ] }, { "type": "LineString", "coordinates": [ [ 28.9543109, 41.0136972 ], [ 28.9546931, 41.0140818 ], [ 28.9548165, 41.0142034 ] ] }, { "type": "LineString", "coordinates": [ [ 28.9548165, 41.0142034 ], [ 28.9548421, 41.0142343 ], [ 28.954887, 41.0142886 ] ] }, { "type": "LineString", "coordinates": [ [ 28.9531092, 41.0164658 ], [ 28.9528596, 41.0162318 ] ] }, { "type": "LineString", "coordinates": [ [ 28.9552301, 41.019124199999986 ], [ 28.9552061, 41.019059799999987 ], [ 28.9551846, 41.0190178 ], [ 28.9551698, 41.0189884 ], [ 28.9551564, 41.018956 ], [ 28.9551276, 41.0189201 ], [ 28.9550894, 41.0188852 ], [ 28.9550532, 41.018867 ], [ 28.9549983, 41.0188395 ] ] }, { "type": "LineString", "coordinates": [ [ 28.9545952, 41.0199001 ], [ 28.9545013, 41.019601399999985 ] ] }, { "type": "LineString", "coordinates": [ [ 28.9529398, 41.0273631 ], [ 28.9532071, 41.0274571 ], [ 28.9535022, 41.0274632 ], [ 28.953564, 41.0274718 ], [ 28.9536267, 41.027476199999988 ], [ 28.9536896, 41.0274761 ], [ 28.9537717, 41.0274692 ], [ 28.9538613, 41.0274543 ], [ 28.9539899, 41.0274259 ] ] }, { "type": "LineString", "coordinates": [ [ 28.9504713, 41.0265936 ], [ 28.9503466, 41.0265455 ], [ 28.9503338, 41.0265228 ], [ 28.950366, 41.02646 ], [ 28.9505115, 41.0263204 ], [ 28.9506047, 41.0262177 ], [ 28.9506275, 41.0261955 ], [ 28.9506564, 41.0261889 ] ] }, { "type": "LineString", "coordinates": [ [ 28.9501971, 41.0269718 ], [ 28.9505536, 41.0266873 ] ] }, { "type": "LineString", "coordinates": [ [ 28.9505536, 41.0266873 ], [ 28.9505504, 41.0266553 ], [ 28.950539, 41.0266391 ], [ 28.9504713, 41.0265936 ] ] }, { "type": "LineString", "coordinates": [ [ 28.9506564, 41.0261889 ], [ 28.9506778, 41.0261944 ], [ 28.950702, 41.0262046 ], [ 28.9507241, 41.0262197 ], [ 28.9507375, 41.0262435 ], [ 28.9507375, 41.0262739 ], [ 28.9506865, 41.0263781 ], [ 28.9505813, 41.026502 ], [ 28.9504713, 41.0265936 ] ] }, { "type": "LineString", "coordinates": [ [ 28.9491015, 41.0238373 ], [ 28.9492469, 41.0237328 ], [ 28.9493287, 41.0237146 ], [ 28.9494292, 41.0237308 ], [ 28.9495057, 41.023743 ], [ 28.9495352, 41.0237602 ], [ 28.9496224, 41.023835 ], [ 28.9496492, 41.0239352 ], [ 28.9497444, 41.0243075 ] ] }, { "type": "LineString", "coordinates": [ [ 28.9443581, 41.0241088 ], [ 28.9445959, 41.0240627 ], [ 28.9446589, 41.0240333 ], [ 28.9446777, 41.0240171 ], [ 28.944722, 41.0239686 ], [ 28.9447246, 41.0239473 ], [ 28.944726, 41.0239271 ], [ 28.9447166, 41.0239028 ], [ 28.9446656, 41.0238229 ] ] }, { "type": "LineString", "coordinates": [ [ 28.941679, 41.0225996 ], [ 28.9419009, 41.0227772 ] ] }, { "type": "LineString", "coordinates": [ [ 28.9389136, 41.0212033 ], [ 28.9389579, 41.0212549 ], [ 28.9389713, 41.0212716 ], [ 28.9389854, 41.02129140000001 ], [ 28.9389908, 41.0213086 ], [ 28.938994, 41.02133460000001 ] ] }, { "type": "LineString", "coordinates": [ [ 28.937384, 41.0200769 ], [ 28.9375149, 41.0199659 ] ] }, { "type": "LineString", "coordinates": [ [ 28.9380151, 41.019585399999983 ], [ 28.9380258, 41.0196077 ], [ 28.9382431, 41.0199294 ], [ 28.9382458, 41.0199578 ] ] }, { "type": "LineString", "coordinates": [ [ 28.9382458, 41.0199578 ], [ 28.9382176, 41.0199881 ], [ 28.9378139, 41.0201257 ], [ 28.9377147, 41.0201632 ] ] }, { "type": "LineString", "coordinates": [ [ 28.9377147, 41.0201632 ], [ 28.9376396, 41.0201369 ], [ 28.9375725, 41.0200529 ], [ 28.937539, 41.020004299999989 ], [ 28.9375149, 41.0199659 ] ] }, { "type": "LineString", "coordinates": [ [ 28.9375149, 41.0199659 ], [ 28.937531, 41.0199335 ], [ 28.9375779, 41.0199163 ], [ 28.9376758, 41.0198778 ], [ 28.9377294, 41.0198414 ], [ 28.9377536, 41.0198161 ], [ 28.9377549, 41.0197908 ], [ 28.9377442, 41.0197676 ], [ 28.9377268, 41.0197261 ], [ 28.9377134, 41.0196795 ], [ 28.9377509, 41.0196492 ], [ 28.9378072, 41.019632 ], [ 28.9379132, 41.0195986 ], [ 28.9379762, 41.019583399999988 ], [ 28.9380151, 41.019585399999983 ] ] }, { "type": "LineString", "coordinates": [ [ 28.9387554, 41.0202735 ], [ 28.9382847, 41.0204222 ], [ 28.9380942, 41.020487 ], [ 28.9380044, 41.0205062 ], [ 28.9379708, 41.020516299999983 ], [ 28.9379279, 41.0204951 ], [ 28.9378998, 41.0204768 ], [ 28.937881, 41.0204394 ], [ 28.9378689, 41.020418199999988 ], [ 28.9378381, 41.0203777 ], [ 28.9378126, 41.0203575 ], [ 28.9377303, 41.020375299999984 ] ] }, { "type": "LineString", "coordinates": [ [ 28.9376248, 41.0208057 ], [ 28.9380182, 41.0207249 ] ] }, { "type": "LineString", "coordinates": [ [ 28.9366422, 41.019892 ], [ 28.9367102, 41.019978 ], [ 28.9367531, 41.0200023 ], [ 28.9367719, 41.0200094 ], [ 28.9368175, 41.0199831 ], [ 28.9368671, 41.0199456 ], [ 28.9369489, 41.0198971 ], [ 28.9369704, 41.0198778 ], [ 28.9369918, 41.0198667 ], [ 28.937024, 41.0198708 ], [ 28.9370455, 41.0198819 ], [ 28.9370602, 41.019893 ], [ 28.9370884, 41.0199203 ], [ 28.9371032, 41.0199365 ] ] }, { "type": "LineString", "coordinates": [ [ 28.9354013, 41.0193689 ], [ 28.9353396, 41.0193203 ], [ 28.9353195, 41.019291 ], [ 28.9353034, 41.0192667 ], [ 28.9352994, 41.0192414 ], [ 28.9353128, 41.0192181 ], [ 28.9353503, 41.0191918 ] ] }, { "type": "LineString", "coordinates": [ [ 28.9354241, 41.0194245 ], [ 28.9358775, 41.0192174 ] ] }, { "type": "LineString", "coordinates": [ [ 28.9355621, 41.0195571 ], [ 28.9354563, 41.019462 ], [ 28.9354241, 41.0194245 ] ] }, { "type": "LineString", "coordinates": [ [ 28.9354241, 41.0194245 ], [ 28.9354013, 41.0193689 ] ] }, { "type": "LineString", "coordinates": [ [ 28.9354013, 41.0193689 ], [ 28.9354214, 41.0193254 ], [ 28.9355703, 41.0192424 ], [ 28.9356709, 41.0192019 ], [ 28.9357406, 41.0191736 ], [ 28.9357916, 41.019148299999983 ], [ 28.9358251, 41.0191503 ], [ 28.9358653, 41.0191959 ], [ 28.9358775, 41.0192174 ] ] }, { "type": "LineString", "coordinates": [ [ 28.9358775, 41.0192174 ], [ 28.9359042, 41.0192647 ], [ 28.9359479, 41.019336 ] ] }, { "type": "LineString", "coordinates": [ [ 28.9367867, 41.0178511 ], [ 28.9364769, 41.0174362 ], [ 28.9362797, 41.0171499 ] ] }, { "type": "LineString", "coordinates": [ [ 28.9670128, 41.0084739 ], [ 28.9669898, 41.008736499999983 ], [ 28.9670126, 41.0088585 ] ] }, { "type": "LineString", "coordinates": [ [ 28.9668188, 41.0088936 ], [ 28.9666636, 41.0085377 ] ] }, { "type": "LineString", "coordinates": [ [ 28.9673829, 41.009297499999988 ], [ 28.9673886, 41.0092773 ] ] }, { "type": "LineString", "coordinates": [ [ 28.9673886, 41.0092773 ], [ 28.9674065, 41.0092134 ] ] }, { "type": "LineString", "coordinates": [ [ 28.9666636, 41.0085377 ], [ 28.966036, 41.008625 ], [ 28.9659699, 41.008636500000016 ] ] }, { "type": "LineString", "coordinates": [ [ 28.9313656, 41.0251465 ], [ 28.931433, 41.0251979 ], [ 28.9314564, 41.0252001 ], [ 28.9314799, 41.0251989 ], [ 28.9315007, 41.0251947 ], [ 28.9315201, 41.0251878 ], [ 28.9318366, 41.024954 ] ] }, { "type": "LineString", "coordinates": [ [ 28.930855177351862, 41.025643350890569 ], [ 28.9310132, 41.025528699999988 ], [ 28.9312358, 41.0253062 ] ] }, { "type": "LineString", "coordinates": [ [ 28.9312358, 41.0253062 ], [ 28.9313418, 41.0251675 ], [ 28.9313656, 41.0251465 ] ] }, { "type": "LineString", "coordinates": [ [ 28.9313656, 41.0251465 ], [ 28.9316784, 41.024870099999987 ] ] }, { "type": "LineString", "coordinates": [ [ 28.9312358, 41.0253062 ], [ 28.9315818, 41.0255631 ] ] }, { "type": "LineString", "coordinates": [ [ 28.9308092, 41.0253832 ], [ 28.9310963, 41.0251503 ] ] }, { "type": "LineString", "coordinates": [ [ 28.930296208553042, 41.025113061409783 ], [ 28.9303515, 41.0250828 ], [ 28.9303742, 41.0250704 ], [ 28.9303922, 41.0250603 ], [ 28.930413, 41.0250537 ], [ 28.9304352, 41.0250512 ], [ 28.9304627, 41.0250537 ], [ 28.9304881, 41.0250622 ], [ 28.9305089, 41.025076 ], [ 28.9306337, 41.0251953 ], [ 28.9308092, 41.0253832 ] ] }, { "type": "LineString", "coordinates": [ [ 28.9308092, 41.0253832 ], [ 28.930914, 41.0254953 ] ] }, { "type": "LineString", "coordinates": [ [ 28.9296064, 41.0232366 ], [ 28.9297056, 41.0232892 ], [ 28.9297434, 41.0232914 ], [ 28.9297814, 41.0232912 ], [ 28.9298233, 41.0232881 ], [ 28.9298645, 41.0232821 ], [ 28.9299612, 41.02324260000001 ] ] }, { "type": "LineString", "coordinates": [ [ 28.9318808, 41.0209431 ], [ 28.9315825, 41.0208366 ], [ 28.9315466, 41.0208313 ], [ 28.9315101, 41.020832 ], [ 28.931479, 41.0208374 ], [ 28.9314498, 41.0208472 ], [ 28.9314236, 41.0208608 ], [ 28.9311004, 41.021211899999983 ], [ 28.9310961, 41.0212331 ], [ 28.931099, 41.0212544 ], [ 28.9311101, 41.021276 ], [ 28.9311285, 41.0212944 ], [ 28.9312278, 41.021347 ] ] }, { "type": "LineString", "coordinates": [ [ 28.9334926, 41.0166627 ], [ 28.9332602, 41.0168686 ], [ 28.9332536, 41.0168823 ], [ 28.9332522, 41.0168969 ], [ 28.9332553, 41.0169095 ], [ 28.9332622, 41.0169212 ], [ 28.9333702, 41.0169778 ], [ 28.9333845, 41.0169819 ], [ 28.9333997, 41.0169834 ], [ 28.9334212, 41.0169811 ], [ 28.9334406, 41.0169738 ], [ 28.9336283, 41.0168124 ], [ 28.9336521, 41.0167728 ] ] }, { "type": "LineString", "coordinates": [ [ 28.9436746, 41.0389837 ], [ 28.9437912, 41.0389169 ], [ 28.943979, 41.0388754 ], [ 28.9440742, 41.038837 ], [ 28.9441168, 41.038787 ] ] }, { "type": "LineString", "coordinates": [ [ 28.9437658, 41.035607 ], [ 28.9436786, 41.035515 ], [ 28.9436746, 41.0354462 ], [ 28.9438529, 41.0352459 ], [ 28.943869, 41.0352155 ], [ 28.9438791, 41.0351864 ] ] }, { "type": "LineString", "coordinates": [ [ 28.9437148, 41.0293879 ], [ 28.9438985, 41.029739 ], [ 28.9439032, 41.0297683 ], [ 28.9438818, 41.0297962 ], [ 28.9437698, 41.02982140000001 ], [ 28.9437336, 41.0298068 ], [ 28.9437101, 41.0297779 ], [ 28.9435458, 41.0294572 ] ] }, { "type": "LineString", "coordinates": [ [ 28.9497149, 41.033165 ], [ 28.9495499, 41.0331063 ], [ 28.9494239, 41.0330871 ], [ 28.9492924, 41.0331205 ], [ 28.9491771, 41.033270200000011 ], [ 28.9490704, 41.0334254 ] ] }, { "type": "LineString", "coordinates": [ [ 28.9247653, 41.017089 ], [ 28.9252082, 41.0170155 ], [ 28.9252347, 41.0170091 ], [ 28.9252545, 41.0170024 ], [ 28.9252796, 41.0169885 ] ] }, { "type": "LineString", "coordinates": [ [ 28.9254622, 41.017050699999984 ], [ 28.9254337, 41.0170826 ], [ 28.9253967, 41.0171089 ], [ 28.9253536, 41.0171281 ], [ 28.9253061, 41.0171397 ], [ 28.9248039, 41.0172172 ], [ 28.9247653, 41.017089 ] ] }, { "type": "LineString", "coordinates": [ [ 28.9247653, 41.017089 ], [ 28.9247167, 41.0169278 ], [ 28.924942, 41.0168913 ], [ 28.9249797, 41.0168918 ], [ 28.9250171, 41.0168954 ], [ 28.9250487, 41.0169009 ], [ 28.9250795, 41.0169085 ], [ 28.9252796, 41.0169885 ] ] }, { "type": "LineString", "coordinates": [ [ 28.9252796, 41.0169885 ], [ 28.9254622, 41.017050699999984 ] ] }, { "type": "LineString", "coordinates": [ [ 28.9355066, 41.0232732 ], [ 28.9350405, 41.0235952 ], [ 28.9352886, 41.0238042 ] ] }, { "type": "LineString", "coordinates": [ [ 28.9449769, 41.0135623 ], [ 28.9449099, 41.013473500000011 ], [ 28.9448308, 41.0133601 ] ] }, { "type": "LineString", "coordinates": [ [ 28.9469651, 41.012495 ], [ 28.9468921, 41.0127069 ], [ 28.9468214, 41.0127869 ], [ 28.9465957, 41.012934 ], [ 28.9463579, 41.0130896 ], [ 28.9460933, 41.0130957 ] ] }, { "type": "LineString", "coordinates": [ [ 28.9457132, 41.0128058 ], [ 28.9455498, 41.0126626 ], [ 28.9456929, 41.0124672 ] ] }, { "type": "LineString", "coordinates": [ [ 28.9303407, 41.0241778 ], [ 28.930444, 41.024264 ], [ 28.930459, 41.0242765 ], [ 28.9309381, 41.0246763 ] ] }, { "type": "LineString", "coordinates": [ [ 28.9394426, 41.0190813 ], [ 28.9390591, 41.0191914 ] ] }, { "type": "LineString", "coordinates": [ [ 28.9496374, 41.0115617 ], [ 28.9498526, 41.0114502 ] ] }, { "type": "LineString", "coordinates": [ [ 28.9523855, 41.0144928 ], [ 28.9530174, 41.0144129 ] ] }, { "type": "LineString", "coordinates": [ [ 28.9522378, 41.017662 ], [ 28.9518172, 41.0171636 ] ] }, { "type": "LineString", "coordinates": [ [ 28.9543766, 41.0189174 ], [ 28.9543123, 41.0188868 ] ] }, { "type": "LineString", "coordinates": [ [ 28.951323, 41.0258486 ], [ 28.9505031, 41.025431 ] ] }, { "type": "LineString", "coordinates": [ [ 28.9505031, 41.025431 ], [ 28.9502584, 41.0253002 ] ] }, { "type": "LineString", "coordinates": [ [ 28.9625764, 41.0202763 ], [ 28.9623036, 41.0203809 ], [ 28.9622236, 41.020409599999986 ] ] }, { "type": "LineString", "coordinates": [ [ 28.9622236, 41.020409599999986 ], [ 28.961886, 41.0205655 ] ] }, { "type": "LineString", "coordinates": [ [ 28.9771412, 41.0103368 ], [ 28.9776288, 41.0099346 ] ] }, { "type": "LineString", "coordinates": [ [ 28.9674849, 41.0128523 ], [ 28.967486, 41.0127945 ] ] }, { "type": "LineString", "coordinates": [ [ 28.967486, 41.0127945 ], [ 28.967491, 41.0125257 ], [ 28.9674899, 41.012469 ] ] }, { "type": "LineString", "coordinates": [ [ 28.9674899, 41.012469 ], [ 28.9674855, 41.0122376 ] ] }, { "type": "LineString", "coordinates": [ [ 28.9665074, 41.0120931 ], [ 28.9674855, 41.0122376 ] ] }, { "type": "LineString", "coordinates": [ [ 28.9699951, 41.0096253 ], [ 28.9696905, 41.0097096 ] ] }, { "type": "LineString", "coordinates": [ [ 28.9696905, 41.0097096 ], [ 28.9695072, 41.0097616 ] ] }, { "type": "LineString", "coordinates": [ [ 28.9665066, 41.011726 ], [ 28.9665171, 41.0118264 ] ] }, { "type": "LineString", "coordinates": [ [ 28.9665171, 41.0118264 ], [ 28.9665074, 41.0120931 ] ] }, { "type": "LineString", "coordinates": [ [ 28.9665124, 41.0127084 ], [ 28.9665098, 41.0130141 ] ] }, { "type": "LineString", "coordinates": [ [ 28.9555682, 41.0159439 ], [ 28.9554642, 41.0158301 ], [ 28.955211, 41.0155578 ] ] }, { "type": "LineString", "coordinates": [ [ 28.9550845, 41.015424599999989 ], [ 28.9548632, 41.0152378 ] ] }, { "type": "LineString", "coordinates": [ [ 28.9556006, 41.015982 ], [ 28.9555682, 41.0159439 ] ] }, { "type": "LineString", "coordinates": [ [ 28.9545167, 41.0165586 ], [ 28.9545356, 41.0165769 ] ] }, { "type": "LineString", "coordinates": [ [ 28.9544811, 41.0165242 ], [ 28.9545167, 41.0165586 ] ] }, { "type": "LineString", "coordinates": [ [ 28.9564356, 41.0155443 ], [ 28.9564597, 41.0155752 ] ] }, { "type": "LineString", "coordinates": [ [ 28.9563074, 41.0153236 ], [ 28.9563074, 41.01534430000001 ], [ 28.9563142, 41.0153723 ], [ 28.9563405, 41.0154137 ], [ 28.9563645, 41.0154476 ], [ 28.9564053, 41.0155054 ] ] }, { "type": "LineString", "coordinates": [ [ 28.956413, 41.0152358 ], [ 28.9563612, 41.0152624 ], [ 28.956324, 41.0152934 ], [ 28.9563074, 41.0153236 ] ] }, { "type": "LineString", "coordinates": [ [ 28.9423154, 41.0157154 ], [ 28.9422184, 41.0158437 ], [ 28.9421496, 41.0159793 ], [ 28.9421372, 41.0160121 ] ] }, { "type": "LineString", "coordinates": [ [ 28.9422074, 41.016060499999988 ], [ 28.942119, 41.0160603 ] ] }, { "type": "LineString", "coordinates": [ [ 28.9489751, 41.0107317 ], [ 28.9488916, 41.0106589 ], [ 28.9486869, 41.0105035 ] ] }, { "type": "LineString", "coordinates": [ [ 28.9573102, 41.0104851 ], [ 28.9569886, 41.010477399999985 ] ] }, { "type": "LineString", "coordinates": [ [ 28.9559057, 41.0107133 ], [ 28.9559373, 41.0106374 ], [ 28.9560023, 41.010481299999988 ], [ 28.9560295, 41.0104608 ], [ 28.9563594, 41.0105192 ] ] }, { "type": "LineString", "coordinates": [ [ 28.929646, 40.9946254 ], [ 28.929469, 40.9945473 ], [ 28.9289385, 40.9941024 ], [ 28.9288722, 40.9940384 ], [ 28.9288353, 40.9939633 ], [ 28.9288091, 40.9938806 ] ] }, { "type": "LineString", "coordinates": [ [ 28.9301051, 40.9948069 ], [ 28.9297759, 40.9946826 ], [ 28.929646, 40.9946254 ] ] }, { "type": "LineString", "coordinates": [ [ 28.9300989, 40.9951274 ], [ 28.9300603, 40.99509110000001 ], [ 28.9299941, 40.995053 ] ] }, { "type": "LineString", "coordinates": [ [ 28.9305307, 40.99525830000001 ], [ 28.9304117, 40.9954179 ] ] }, { "type": "LineString", "coordinates": [ [ 28.9236825, 40.9912819 ], [ 28.9238667, 40.9912915 ] ] }, { "type": "LineString", "coordinates": [ [ 28.934339, 41.0012798 ], [ 28.934045, 41.0016385 ] ] }, { "type": "LineString", "coordinates": [ [ 28.9316496, 41.0002893 ], [ 28.9314638, 41.0004222 ] ] }, { "type": "LineString", "coordinates": [ [ 28.9251205, 40.9929624 ], [ 28.9248847, 40.9929092 ], [ 28.9247775, 40.9928629 ], [ 28.92454, 40.9927068 ], [ 28.9244404, 40.9926692 ] ] }, { "type": "LineString", "coordinates": [ [ 28.9235236, 40.9940371 ], [ 28.9239264, 40.994149 ], [ 28.9241153, 40.9940551 ], [ 28.9242351, 40.9939961 ], [ 28.9243796, 40.9939643 ] ] }, { "type": "LineString", "coordinates": [ [ 28.9737866, 41.0069697 ], [ 28.9737522, 41.0069724 ], [ 28.9732425, 41.0071076 ] ] }, { "type": "LineString", "coordinates": [ [ 28.9762087, 41.0095501 ], [ 28.9761537, 41.00959 ] ] }, { "type": "LineString", "coordinates": [ [ 28.9539206, 41.0119075 ], [ 28.9539206, 41.0119723 ], [ 28.9539348, 41.012017699999987 ], [ 28.9539618, 41.0120752 ], [ 28.954003, 41.012129 ] ] }, { "type": "LineString", "coordinates": [ [ 28.9546737, 41.0127703 ], [ 28.9545788, 41.0127166 ] ] }, { "type": "LineString", "coordinates": [ [ 28.9551387, 41.012015299999987 ], [ 28.9549334, 41.0118762 ], [ 28.9548393, 41.0118153 ] ] }, { "type": "LineString", "coordinates": [ [ 28.9548393, 41.0118153 ], [ 28.9547596, 41.011756899999988 ] ] }, { "type": "LineString", "coordinates": [ [ 28.9547596, 41.011756899999988 ], [ 28.9546776, 41.0116968 ], [ 28.9546407, 41.0116739 ], [ 28.9546029, 41.011680899999988 ], [ 28.9545778, 41.0116868 ], [ 28.9545372, 41.0116966 ], [ 28.954492, 41.0116912 ], [ 28.9544597, 41.0116632 ] ] }, { "type": "LineString", "coordinates": [ [ 28.9544597, 41.0116632 ], [ 28.9543111, 41.0117701 ] ] }, { "type": "LineString", "coordinates": [ [ 28.9543111, 41.0117701 ], [ 28.9542776, 41.0117573 ] ] }, { "type": "LineString", "coordinates": [ [ 28.9526991, 41.0120437 ], [ 28.9526979, 41.012056699999988 ], [ 28.9526733, 41.0123238 ] ] }, { "type": "LineString", "coordinates": [ [ 28.9527066, 41.0119612 ], [ 28.9526991, 41.0120437 ] ] }, { "type": "LineString", "coordinates": [ [ 28.9521634, 41.0141494 ], [ 28.9521882, 41.0141231 ], [ 28.9522426, 41.0140861 ], [ 28.9522895, 41.014059299999985 ], [ 28.952508, 41.0139517 ], [ 28.9526685, 41.013881 ], [ 28.9527934, 41.0138272 ] ] }, { "type": "LineString", "coordinates": [ [ 28.952158, 41.0142967 ], [ 28.9521535, 41.0142719 ], [ 28.952148, 41.0142279 ], [ 28.95215, 41.0141964 ], [ 28.9521634, 41.0141494 ] ] }, { "type": "LineString", "coordinates": [ [ 28.9567781, 41.0196799 ], [ 28.9564049, 41.0197814 ], [ 28.9563387, 41.019793 ] ] }, { "type": "LineString", "coordinates": [ [ 28.9572822, 41.0199804 ], [ 28.9575499, 41.01987530000001 ], [ 28.9574755, 41.0197307 ], [ 28.9574114, 41.0196063 ], [ 28.9573973, 41.019579 ], [ 28.9571636, 41.0192431 ] ] }, { "type": "LineString", "coordinates": [ [ 28.974894, 41.004949 ], [ 28.9747358, 41.0046372 ], [ 28.9746537, 41.0045495 ], [ 28.9742101, 41.0041515 ] ] }, { "type": "LineString", "coordinates": [ [ 28.9776623, 41.0084125 ], [ 28.9778327, 41.0085347 ], [ 28.9778823, 41.0085702 ] ] }, { "type": "LineString", "coordinates": [ [ 28.9725056, 41.0108821 ], [ 28.9727387, 41.0109229 ] ] }, { "type": "LineString", "coordinates": [ [ 28.9727387, 41.0109229 ], [ 28.9729501, 41.0109676 ] ] }, { "type": "LineString", "coordinates": [ [ 28.9729501, 41.0109676 ], [ 28.9731928, 41.0109988 ] ] }, { "type": "LineString", "coordinates": [ [ 28.9731928, 41.0109988 ], [ 28.9740046, 41.010993899999988 ] ] }, { "type": "LineString", "coordinates": [ [ 28.9683904, 41.0071122 ], [ 28.9682232, 41.0067502 ] ] }, { "type": "LineString", "coordinates": [ [ 28.9682232, 41.0067502 ], [ 28.968193, 41.006686 ], [ 28.9681747, 41.0066383 ] ] }, { "type": "LineString", "coordinates": [ [ 28.9681747, 41.0066383 ], [ 28.9681046, 41.0064992 ] ] }, { "type": "LineString", "coordinates": [ [ 28.9681046, 41.0064992 ], [ 28.9680818, 41.0064509 ], [ 28.9680029, 41.0062707 ] ] }, { "type": "LineString", "coordinates": [ [ 28.9729072, 41.0145423 ], [ 28.9722246, 41.0147429 ] ] }, { "type": "LineString", "coordinates": [ [ 28.9737239, 41.0138222 ], [ 28.9735058, 41.0139402 ], [ 28.9731709, 41.013986 ], [ 28.9728996, 41.0140092 ] ] }, { "type": "LineString", "coordinates": [ [ 28.9728996, 41.0140092 ], [ 28.9727633, 41.0139906 ], [ 28.9722791, 41.0136974 ], [ 28.9722614, 41.0136867 ] ] }, { "type": "LineString", "coordinates": [ [ 28.9766827, 41.0142256 ], [ 28.9767448, 41.014239899999986 ], [ 28.9768069, 41.0142541 ] ] }, { "type": "LineString", "coordinates": [ [ 28.9817405, 41.0052756 ], [ 28.9818525, 41.0052354 ] ] }, { "type": "LineString", "coordinates": [ [ 28.9721671, 41.0116388 ], [ 28.9727646, 41.0116459 ], [ 28.9731314, 41.011612599999985 ] ] }, { "type": "LineString", "coordinates": [ [ 28.9731314, 41.011612599999985 ], [ 28.9737283, 41.0115634 ] ] }, { "type": "LineString", "coordinates": [ [ 28.9693712, 41.0111039 ], [ 28.9697034, 41.0111088 ] ] }, { "type": "LineString", "coordinates": [ [ 28.970418, 41.0116704 ], [ 28.9704759, 41.0117563 ], [ 28.9705275, 41.0118413 ], [ 28.9705641, 41.0119304 ], [ 28.9706103, 41.012015 ] ] }, { "type": "LineString", "coordinates": [ [ 28.9706103, 41.012015 ], [ 28.9705468, 41.0125565 ] ] }, { "type": "LineString", "coordinates": [ [ 28.9692785, 41.0123464 ], [ 28.9692342, 41.0125902 ] ] }, { "type": "LineString", "coordinates": [ [ 28.9697287, 41.0138037 ], [ 28.9695079, 41.0136533 ] ] }, { "type": "LineString", "coordinates": [ [ 28.9688076, 41.0132797 ], [ 28.9687118, 41.0132135 ], [ 28.968443, 41.0130417 ] ] }, { "type": "LineString", "coordinates": [ [ 28.968443, 41.0130417 ], [ 28.9681933, 41.012971699999987 ] ] }, { "type": "LineString", "coordinates": [ [ 28.9755327, 41.0162973 ], [ 28.9755642, 41.0158257 ] ] }, { "type": "LineString", "coordinates": [ [ 28.9625573, 41.0125737 ], [ 28.9620608, 41.0125766 ] ] }, { "type": "LineString", "coordinates": [ [ 28.9620608, 41.0125766 ], [ 28.9617489, 41.0125784 ], [ 28.9611585, 41.012564500000011 ] ] }, { "type": "LineString", "coordinates": [ [ 28.9612433, 41.0156388 ], [ 28.9612526, 41.0152772 ] ] }, { "type": "LineString", "coordinates": [ [ 28.9612526, 41.0152772 ], [ 28.9612528, 41.0151988 ], [ 28.961249, 41.0150284 ], [ 28.9612357, 41.0145638 ] ] }, { "type": "LineString", "coordinates": [ [ 28.9611895, 41.0134259 ], [ 28.9611774, 41.0133042 ] ] }, { "type": "LineString", "coordinates": [ [ 28.9612452, 41.0171386 ], [ 28.9612517, 41.016891 ] ] }, { "type": "LineString", "coordinates": [ [ 28.9612517, 41.016891 ], [ 28.9612332, 41.0163687 ] ] }, { "type": "LineString", "coordinates": [ [ 28.9612332, 41.0163687 ], [ 28.9612421, 41.0157248 ], [ 28.9612422, 41.0157151 ] ] }, { "type": "LineString", "coordinates": [ [ 28.9612422, 41.0157151 ], [ 28.9612433, 41.0156388 ] ] }, { "type": "LineString", "coordinates": [ [ 28.959122, 41.0146264 ], [ 28.95875, 41.0141983 ] ] }, { "type": "LineString", "coordinates": [ [ 28.95875, 41.0141983 ], [ 28.9585688, 41.013954199999986 ], [ 28.9584562, 41.0138026 ], [ 28.9581616, 41.013435199999989 ], [ 28.9581397, 41.0134079 ], [ 28.9581343, 41.0134015 ] ] }, { "type": "LineString", "coordinates": [ [ 28.9581343, 41.0134015 ], [ 28.9578258, 41.0130486 ], [ 28.9577765, 41.0129922 ] ] }, { "type": "LineString", "coordinates": [ [ 28.9581712, 41.0160278 ], [ 28.9588246, 41.015701499999984 ] ] }, { "type": "LineString", "coordinates": [ [ 28.9598862, 41.01453690000001 ], [ 28.9600159, 41.0146179 ], [ 28.9601301, 41.014695 ], [ 28.9602083, 41.014758399999984 ], [ 28.9603237, 41.0148385 ], [ 28.9603535, 41.0148504 ], [ 28.9603937, 41.0148472 ], [ 28.9605366, 41.0148048 ], [ 28.960726, 41.0147401 ] ] }, { "type": "LineString", "coordinates": [ [ 28.960726, 41.0147401 ], [ 28.9609998, 41.0146512 ], [ 28.9610893, 41.014616 ], [ 28.9612357, 41.0145638 ] ] }, { "type": "LineString", "coordinates": [ [ 28.9598862, 41.01453690000001 ], [ 28.9600265, 41.0143776 ], [ 28.9600856, 41.014327 ] ] }, { "type": "LineString", "coordinates": [ [ 28.9600856, 41.014327 ], [ 28.9601099, 41.0143112 ], [ 28.9601871, 41.0142818 ], [ 28.9603587, 41.0142172 ], [ 28.9604771, 41.0141765 ] ] }, { "type": "LineString", "coordinates": [ [ 28.9604771, 41.0141765 ], [ 28.9605619, 41.0141663 ], [ 28.9607336, 41.0141217 ], [ 28.9608466, 41.0141138 ], [ 28.9612006, 41.0141351 ] ] }, { "type": "LineString", "coordinates": [ [ 28.960726, 41.0147401 ], [ 28.9606795, 41.0146525 ], [ 28.9605912, 41.0144485 ], [ 28.9605449, 41.0143856 ], [ 28.9604866, 41.014350699999987 ] ] }, { "type": "LineString", "coordinates": [ [ 28.9594815, 41.0165078 ], [ 28.9599932, 41.0163057 ], [ 28.9600666, 41.0162755 ], [ 28.9601306, 41.016227099999988 ] ] }, { "type": "LineString", "coordinates": [ [ 28.9601306, 41.016227099999988 ], [ 28.9601521, 41.0161868 ], [ 28.9601864, 41.0161483 ], [ 28.9601988, 41.0161117 ], [ 28.9601307, 41.0158505 ] ] }, { "type": "LineString", "coordinates": [ [ 28.9601307, 41.0158505 ], [ 28.9602492, 41.0158245 ], [ 28.960374, 41.015776199999983 ], [ 28.9604676, 41.0157466 ], [ 28.9605644, 41.0157227 ], [ 28.9606687, 41.0157119 ], [ 28.9607905, 41.0157067 ], [ 28.9609028, 41.0157064 ], [ 28.9611693, 41.0157132 ], [ 28.9612422, 41.0157151 ] ] }, { "type": "LineString", "coordinates": [ [ 28.9617522, 41.0159776 ], [ 28.961845, 41.0159035 ] ] }, { "type": "LineString", "coordinates": [ [ 28.961845, 41.0159035 ], [ 28.9625849, 41.0153129 ] ] }, { "type": "LineString", "coordinates": [ [ 28.9625849, 41.0153129 ], [ 28.963108, 41.0148954 ] ] }, { "type": "LineString", "coordinates": [ [ 28.9540259, 41.0147793 ], [ 28.954249552798018, 41.014649088074407 ] ] }, { "type": "LineString", "coordinates": [ [ 28.954249552798018, 41.014649088074407 ], [ 28.95431698291328, 41.014609829696113 ] ] }, { "type": "LineString", "coordinates": [ [ 28.95431698291328, 41.014609829696113 ], [ 28.954416155544823, 41.014552090404436 ] ] }, { "type": "LineString", "coordinates": [ [ 28.954416155544823, 41.014552090404436 ], [ 28.954488466763095, 41.014509989978713 ] ] }, { "type": "LineString", "coordinates": [ [ 28.954488466763095, 41.014509989978713 ], [ 28.9544924, 41.0145077 ] ] }, { "type": "LineString", "coordinates": [ [ 28.9591028, 41.0120904 ], [ 28.9588145, 41.0119922 ] ] }, { "type": "LineString", "coordinates": [ [ 28.9588145, 41.0119922 ], [ 28.9583498, 41.0118384 ] ] }, { "type": "LineString", "coordinates": [ [ 28.9583498, 41.0118384 ], [ 28.9583047, 41.011824 ] ] }, { "type": "LineString", "coordinates": [ [ 28.9583047, 41.011824 ], [ 28.9573976, 41.011535 ], [ 28.9573541, 41.0115255 ] ] }, { "type": "LineString", "coordinates": [ [ 28.9553425, 41.0106621 ], [ 28.9544842, 41.010824799999988 ] ] }, { "type": "LineString", "coordinates": [ [ 28.9544842, 41.010824799999988 ], [ 28.9539746, 41.0109415 ] ] }, { "type": "LineString", "coordinates": [ [ 28.9737936, 41.0062447 ], [ 28.9738065, 41.0059322 ] ] }, { "type": "LineString", "coordinates": [ [ 28.9656223, 41.00558430000001 ], [ 28.9657262, 41.0057507 ], [ 28.9657632, 41.0058163 ] ] }, { "type": "LineString", "coordinates": [ [ 28.9657632, 41.0058163 ], [ 28.9658624, 41.0059925 ] ] }, { "type": "LineString", "coordinates": [ [ 28.9658624, 41.0059925 ], [ 28.9659464, 41.006118 ], [ 28.9659606, 41.0061416 ] ] }, { "type": "LineString", "coordinates": [ [ 28.9659606, 41.0061416 ], [ 28.966051, 41.0062923 ], [ 28.9660806, 41.0063417 ] ] }, { "type": "LineString", "coordinates": [ [ 28.9660806, 41.0063417 ], [ 28.9662144, 41.0065384 ], [ 28.9662762, 41.0066312 ] ] }, { "type": "LineString", "coordinates": [ [ 28.9662762, 41.0066312 ], [ 28.9664195, 41.0068392 ] ] }, { "type": "LineString", "coordinates": [ [ 28.9664195, 41.0068392 ], [ 28.9667403, 41.0074098 ], [ 28.9667771, 41.0074622 ] ] }, { "type": "LineString", "coordinates": [ [ 28.9667771, 41.0074622 ], [ 28.9663149, 41.0074037 ], [ 28.9660147, 41.007368199999988 ] ] }, { "type": "LineString", "coordinates": [ [ 28.9660147, 41.007368199999988 ], [ 28.9659435, 41.0073697 ] ] }, { "type": "LineString", "coordinates": [ [ 28.9659435, 41.0073697 ], [ 28.9657607, 41.007374 ] ] }, { "type": "LineString", "coordinates": [ [ 28.961194, 41.007563 ], [ 28.9610444, 41.0073837 ] ] }, { "type": "LineString", "coordinates": [ [ 28.9610444, 41.0073837 ], [ 28.9609964, 41.0073261 ] ] }, { "type": "LineString", "coordinates": [ [ 28.9609964, 41.0073261 ], [ 28.9608485, 41.0071963 ], [ 28.9605968, 41.0068582 ] ] }, { "type": "LineString", "coordinates": [ [ 28.961529, 41.008458199999986 ], [ 28.9610383, 41.0079687 ] ] }, { "type": "LineString", "coordinates": [ [ 28.9610383, 41.0079687 ], [ 28.9608118, 41.007743 ] ] }, { "type": "LineString", "coordinates": [ [ 28.9610383, 41.0079687 ], [ 28.9605856, 41.008057 ], [ 28.9602475, 41.0080979 ] ] }, { "type": "LineString", "coordinates": [ [ 28.9604542, 41.0087353 ], [ 28.960394, 41.008506799999985 ] ] }, { "type": "LineString", "coordinates": [ [ 28.960394, 41.008506799999985 ], [ 28.9603263, 41.0083009 ], [ 28.9602475, 41.0080979 ] ] }, { "type": "LineString", "coordinates": [ [ 28.9602475, 41.0080979 ], [ 28.9601038, 41.0077922 ] ] }, { "type": "LineString", "coordinates": [ [ 28.9626338, 41.0078155 ], [ 28.9625361, 41.0074448 ], [ 28.9624168, 41.0074631 ] ] }, { "type": "LineString", "coordinates": [ [ 28.9618303, 41.0072767 ], [ 28.9620014, 41.0075944 ] ] }, { "type": "LineString", "coordinates": [ [ 28.9620014, 41.0075944 ], [ 28.9623363, 41.008134099999985 ] ] }, { "type": "LineString", "coordinates": [ [ 28.9624401, 41.0070675 ], [ 28.9618303, 41.0072767 ] ] }, { "type": "LineString", "coordinates": [ [ 28.9618303, 41.0072767 ], [ 28.9612672, 41.0075039 ], [ 28.961194, 41.007563 ] ] }, { "type": "LineString", "coordinates": [ [ 28.9629225, 41.0075625 ], [ 28.963721, 41.0073753 ], [ 28.9638334, 41.007341299999986 ] ] }, { "type": "LineString", "coordinates": [ [ 28.9592514, 41.0065219 ], [ 28.9596788, 41.007105 ] ] }, { "type": "LineString", "coordinates": [ [ 28.954996, 41.0071307 ], [ 28.9549955, 41.0068809 ], [ 28.954984, 41.0068178 ], [ 28.9549445, 41.0067708 ] ] }, { "type": "LineString", "coordinates": [ [ 28.9549445, 41.0067708 ], [ 28.9547568, 41.0066625 ], [ 28.9547115, 41.0066386 ], [ 28.9546505, 41.0066257 ], [ 28.9545182, 41.00660580000001 ], [ 28.9543948, 41.0065797 ] ] }, { "type": "LineString", "coordinates": [ [ 28.9574098, 41.0056432 ], [ 28.9572764, 41.0056595 ], [ 28.9571799, 41.0056827 ], [ 28.9569167, 41.0057825 ] ] }, { "type": "LineString", "coordinates": [ [ 28.9555018, 41.0064969 ], [ 28.955104, 41.0067 ], [ 28.9549445, 41.0067708 ] ] }, { "type": "LineString", "coordinates": [ [ 28.9540991, 41.0057893 ], [ 28.9542017, 41.0057805 ], [ 28.9542367, 41.005769799999989 ], [ 28.9542945, 41.005740199999984 ], [ 28.9544324, 41.0056771 ], [ 28.9545397, 41.005648 ] ] }, { "type": "LineString", "coordinates": [ [ 28.9552442, 41.0055034 ], [ 28.9555026, 41.005442 ] ] }, { "type": "LineString", "coordinates": [ [ 28.9555026, 41.005442 ], [ 28.9558733, 41.0053668 ] ] }, { "type": "LineString", "coordinates": [ [ 28.9558733, 41.0053668 ], [ 28.9559696, 41.0053445 ], [ 28.9560024, 41.0053513 ], [ 28.9560568, 41.0054594 ] ] }, { "type": "LineString", "coordinates": [ [ 28.9560568, 41.0054594 ], [ 28.9560624, 41.0054557 ], [ 28.9563779, 41.0053732 ], [ 28.956936, 41.0052582 ] ] }, { "type": "LineString", "coordinates": [ [ 28.9548552, 41.006317499999987 ], [ 28.9543437, 41.0065445 ] ] }, { "type": "LineString", "coordinates": [ [ 28.9543437, 41.0065445 ], [ 28.953979, 41.0067102 ] ] }, { "type": "LineString", "coordinates": [ [ 28.9560568, 41.0054594 ], [ 28.9561392, 41.0055698 ], [ 28.9561753, 41.0056238 ], [ 28.9562094, 41.0056811 ], [ 28.9562073, 41.0057069 ], [ 28.9561934, 41.0057247 ], [ 28.9559679, 41.0058343 ] ] }, { "type": "LineString", "coordinates": [ [ 28.9559679, 41.0058343 ], [ 28.9558581, 41.005882 ] ] }, { "type": "LineString", "coordinates": [ [ 28.9558581, 41.005882 ], [ 28.9555583, 41.0060169 ] ] }, { "type": "LineString", "coordinates": [ [ 28.9555583, 41.0060169 ], [ 28.9551222, 41.0062055 ] ] }, { "type": "LineString", "coordinates": [ [ 28.9577422, 41.0063624 ], [ 28.9572643, 41.0064718 ] ] }, { "type": "LineString", "coordinates": [ [ 28.9572643, 41.0064718 ], [ 28.9567769, 41.006507 ] ] }, { "type": "LineString", "coordinates": [ [ 28.9567769, 41.006507 ], [ 28.9566865, 41.0065299 ], [ 28.956571, 41.0065679 ], [ 28.9564409, 41.0066199 ], [ 28.9563355, 41.0066768 ], [ 28.9562783, 41.0067082 ] ] }, { "type": "LineString", "coordinates": [ [ 28.9621871, 41.020009400000013 ], [ 28.9616264, 41.0202356 ] ] }, { "type": "LineString", "coordinates": [ [ 28.9616264, 41.0202356 ], [ 28.9612135, 41.0204222 ], [ 28.9611627, 41.0204471 ] ] }, { "type": "LineString", "coordinates": [ [ 28.9611627, 41.0204471 ], [ 28.9610487, 41.0204969 ] ] }, { "type": "LineString", "coordinates": [ [ 28.9610487, 41.0204969 ], [ 28.9608031, 41.0206043 ] ] }, { "type": "LineString", "coordinates": [ [ 28.9607964, 41.019385599999985 ], [ 28.9608102, 41.0191723 ] ] }, { "type": "LineString", "coordinates": [ [ 28.9608102, 41.0191723 ], [ 28.960891, 41.018996 ], [ 28.9610252, 41.0188416 ] ] }, { "type": "LineString", "coordinates": [ [ 28.9610252, 41.0188416 ], [ 28.9611086, 41.0187636 ] ] }, { "type": "LineString", "coordinates": [ [ 28.9611086, 41.0187636 ], [ 28.9612363, 41.0186768 ] ] }, { "type": "LineString", "coordinates": [ [ 28.9612363, 41.0186768 ], [ 28.9613218, 41.0185227 ], [ 28.9615441, 41.01835830000001 ] ] }, { "type": "LineString", "coordinates": [ [ 28.9587984, 41.0167892 ], [ 28.9594166, 41.0173206 ], [ 28.9595457, 41.01758730000001 ] ] }, { "type": "LineString", "coordinates": [ [ 28.9595457, 41.01758730000001 ], [ 28.9595009, 41.017676 ], [ 28.9593762, 41.0177489 ] ] }, { "type": "LineString", "coordinates": [ [ 28.9612363, 41.0186768 ], [ 28.9617312, 41.018696 ] ] }, { "type": "LineString", "coordinates": [ [ 28.9619478, 41.018738 ], [ 28.9625258, 41.0187948 ], [ 28.9626053, 41.0188367 ] ] }, { "type": "LineString", "coordinates": [ [ 28.961929, 41.0192752 ], [ 28.9622945, 41.0192523 ] ] }, { "type": "LineString", "coordinates": [ [ 28.9622945, 41.0192523 ], [ 28.9623071, 41.0193742 ], [ 28.9625032, 41.0197871 ], [ 28.9625686, 41.0199191 ] ] }, { "type": "LineString", "coordinates": [ [ 28.9626053, 41.0188367 ], [ 28.9625682, 41.0188674 ], [ 28.9624521, 41.0190012 ], [ 28.9623846, 41.0191021 ], [ 28.9622945, 41.0192523 ] ] }, { "type": "LineString", "coordinates": [ [ 28.9653674, 41.0182891 ], [ 28.9655697, 41.0181626 ], [ 28.9656154, 41.0181126 ], [ 28.965631, 41.0180476 ] ] }, { "type": "LineString", "coordinates": [ [ 28.9765695, 41.0035552 ], [ 28.9765236, 41.0035528 ], [ 28.9761612, 41.003354800000011 ] ] }, { "type": "LineString", "coordinates": [ [ 28.9761612, 41.003354800000011 ], [ 28.9758006, 41.0032022 ] ] }, { "type": "LineString", "coordinates": [ [ 28.9592293, 41.007566 ], [ 28.959322, 41.0075389 ] ] }, { "type": "LineString", "coordinates": [ [ 28.959322, 41.0075389 ], [ 28.9595741, 41.0074652 ], [ 28.9598251, 41.0073776 ] ] }, { "type": "LineString", "coordinates": [ [ 28.9579882, 41.0078495 ], [ 28.9580596, 41.0078486 ], [ 28.9588809, 41.0078387 ], [ 28.9590619, 41.0078339 ], [ 28.9591932, 41.0078304 ], [ 28.9594112, 41.0078245 ] ] }, { "type": "LineString", "coordinates": [ [ 28.9519192, 41.0237273 ], [ 28.9523147, 41.0235785 ] ] }, { "type": "LineString", "coordinates": [ [ 28.9523147, 41.0235785 ], [ 28.9525869, 41.0234698 ] ] }, { "type": "LineString", "coordinates": [ [ 28.969356, 41.0145603 ], [ 28.9684685, 41.0145779 ] ] }, { "type": "LineString", "coordinates": [ [ 28.9684685, 41.0145779 ], [ 28.968292, 41.0145593 ], [ 28.9682415, 41.0145705 ], [ 28.968042, 41.0146148 ] ] }, { "type": "LineString", "coordinates": [ [ 28.9566995, 41.015942599999988 ], [ 28.9564597, 41.0155752 ] ] }, { "type": "LineString", "coordinates": [ [ 28.9591082, 41.0186447 ], [ 28.9595056, 41.0187395 ] ] }, { "type": "LineString", "coordinates": [ [ 28.9595056, 41.0187395 ], [ 28.9596927, 41.018770600000018 ], [ 28.9604363, 41.0189524 ], [ 28.9604174, 41.0190456 ], [ 28.9603875, 41.0191444 ] ] }, { "type": "LineString", "coordinates": [ [ 28.9603875, 41.0191444 ], [ 28.9603373, 41.019290799999986 ] ] }, { "type": "LineString", "coordinates": [ [ 28.9315599, 41.0026558 ], [ 28.9311668, 41.0029088 ], [ 28.9307301, 41.0028952 ] ] }, { "type": "LineString", "coordinates": [ [ 28.9264785, 41.0210822 ], [ 28.926693, 41.0209454 ], [ 28.9268076, 41.0209002 ] ] }, { "type": "LineString", "coordinates": [ [ 28.9268076, 41.0209002 ], [ 28.9270786, 41.020819 ] ] }, { "type": "LineString", "coordinates": [ [ 28.9270786, 41.020819 ], [ 28.9271838, 41.0207902 ], [ 28.9272275, 41.0207981 ], [ 28.9273794, 41.0208968 ] ] }, { "type": "LineString", "coordinates": [ [ 28.9777371, 41.0023605 ], [ 28.977893, 41.0028957 ] ] }, { "type": "LineString", "coordinates": [ [ 28.9708681, 41.0033711 ], [ 28.971025, 41.0033899 ], [ 28.9710994, 41.0034294 ] ] }, { "type": "LineString", "coordinates": [ [ 28.9710994, 41.0034294 ], [ 28.9714231, 41.0035282 ], [ 28.9715316, 41.0035402 ] ] }, { "type": "LineString", "coordinates": [ [ 28.9716643, 41.0038734 ], [ 28.9715689, 41.0038556 ], [ 28.9715595, 41.0037861 ] ] }, { "type": "LineString", "coordinates": [ [ 28.9715595, 41.0037861 ], [ 28.9715316, 41.0035402 ] ] }, { "type": "LineString", "coordinates": [ [ 28.9714863, 41.0033068 ], [ 28.971441, 41.0032038 ] ] }, { "type": "LineString", "coordinates": [ [ 28.971441, 41.0032038 ], [ 28.9714023, 41.003111199999985 ], [ 28.9713445, 41.0030141 ] ] }, { "type": "LineString", "coordinates": [ [ 28.9713445, 41.0030141 ], [ 28.9712243, 41.002812199999987 ] ] }, { "type": "LineString", "coordinates": [ [ 28.9245651, 40.9943918 ], [ 28.9243458, 40.9944058 ] ] }, { "type": "LineString", "coordinates": [ [ 28.9243458, 40.9944058 ], [ 28.9240294, 40.9944168 ] ] }, { "type": "LineString", "coordinates": [ [ 28.9243767, 40.9934171 ], [ 28.9244917, 40.9933733 ], [ 28.9246043, 40.99331620000001 ], [ 28.9248802, 40.9931154 ] ] }, { "type": "LineString", "coordinates": [ [ 28.9241929, 40.993598 ], [ 28.9239988, 40.9935755 ], [ 28.9238948, 40.9936446 ], [ 28.9237022, 40.9938085 ], [ 28.9235323, 40.9939515 ], [ 28.9235236, 40.9940371 ] ] }, { "type": "LineString", "coordinates": [ [ 28.9235236, 40.9940371 ], [ 28.9234794, 40.9941035 ], [ 28.9234267, 40.994157 ], [ 28.9233038, 40.9942573 ] ] }, { "type": "LineString", "coordinates": [ [ 28.9291957, 41.0004048 ], [ 28.9293829, 41.0002079 ], [ 28.9294817, 41.0001414 ], [ 28.9296061, 41.0001058 ] ] }, { "type": "LineString", "coordinates": [ [ 28.9296061, 41.0001058 ], [ 28.9298579, 41.0000761 ], [ 28.9301508, 40.9999758 ], [ 28.9302391, 40.9999238 ] ] }, { "type": "LineString", "coordinates": [ [ 28.934668, 41.0020168 ], [ 28.9344531, 41.00219460000001 ], [ 28.933619, 41.002742899999987 ] ] }, { "type": "LineString", "coordinates": [ [ 28.9306032, 41.00015290000001 ], [ 28.9302829, 40.9998968 ] ] }, { "type": "LineString", "coordinates": [ [ 28.9302829, 40.9998968 ], [ 28.9298901, 40.999529 ], [ 28.9301382, 40.9993586 ] ] }, { "type": "LineString", "coordinates": [ [ 28.930406, 41.0090553 ], [ 28.9313005, 41.0090372 ] ] }, { "type": "LineString", "coordinates": [ [ 28.9313005, 41.0090372 ], [ 28.9320205, 41.0090281 ] ] }, { "type": "LineString", "coordinates": [ [ 28.9320205, 41.0090281 ], [ 28.9330436, 41.0090105 ] ] }, { "type": "LineString", "coordinates": [ [ 28.9330436, 41.0090105 ], [ 28.9334648, 41.0090038 ] ] }, { "type": "LineString", "coordinates": [ [ 28.9334648, 41.0090038 ], [ 28.9350776, 41.0089827 ] ] }, { "type": "LineString", "coordinates": [ [ 28.9350776, 41.0089827 ], [ 28.9356623, 41.008962 ] ] }, { "type": "LineString", "coordinates": [ [ 28.9356623, 41.008962 ], [ 28.9363568, 41.0089737 ] ] }, { "type": "LineString", "coordinates": [ [ 28.9363568, 41.0089737 ], [ 28.9374575, 41.0089389 ] ] }, { "type": "LineString", "coordinates": [ [ 28.9275654, 41.0133706 ], [ 28.9271198, 41.0134982 ] ] }, { "type": "LineString", "coordinates": [ [ 28.9305586, 41.023522 ], [ 28.9306476, 41.0232368 ], [ 28.9306762, 41.023145 ] ] }, { "type": "LineString", "coordinates": [ [ 28.9272023, 41.0212448 ], [ 28.9268733, 41.0209849 ], [ 28.9268076, 41.0209002 ] ] }, { "type": "LineString", "coordinates": [ [ 28.9261883, 41.0055728 ], [ 28.9264177, 41.0053118 ] ] }, { "type": "LineString", "coordinates": [ [ 28.9264177, 41.0053118 ], [ 28.9267098, 41.0051139 ] ] }, { "type": "LineString", "coordinates": [ [ 28.9267098, 41.0051139 ], [ 28.9267009, 41.005039399999987 ] ] }, { "type": "LineString", "coordinates": [ [ 28.9267009, 41.005039399999987 ], [ 28.9268401, 41.0050132 ], [ 28.9270627, 41.0049443 ], [ 28.9273229, 41.0048544 ] ] }, { "type": "LineString", "coordinates": [ [ 28.9273229, 41.0048544 ], [ 28.9274356, 41.0048047 ] ] }, { "type": "LineString", "coordinates": [ [ 28.9274356, 41.0048047 ], [ 28.9275482, 41.0047399 ], [ 28.9277413, 41.0043189 ], [ 28.9278419, 41.0042004 ] ] }, { "type": "LineString", "coordinates": [ [ 28.9278419, 41.0042004 ], [ 28.9278916, 41.0041509 ], [ 28.9280498, 41.004049699999989 ] ] }, { "type": "LineString", "coordinates": [ [ 28.928129, 41.0215112 ], [ 28.9282294, 41.0214542 ] ] }, { "type": "LineString", "coordinates": [ [ 28.9324801, 41.0040661 ], [ 28.9332647, 41.0043208 ] ] }, { "type": "LineString", "coordinates": [ [ 28.925817, 41.0199248 ], [ 28.9254996, 41.0194694 ] ] }, { "type": "LineString", "coordinates": [ [ 28.9310751, 41.0122726 ], [ 28.9310207, 41.0123308 ], [ 28.9307135, 41.0126997 ], [ 28.9304728, 41.0130988 ], [ 28.9304517, 41.0131338 ] ] }, { "type": "LineString", "coordinates": [ [ 28.9304517, 41.0131338 ], [ 28.9303174, 41.013303 ] ] }, { "type": "LineString", "coordinates": [ [ 28.9303174, 41.013303 ], [ 28.9300539, 41.0136269 ] ] }, { "type": "LineString", "coordinates": [ [ 28.9300539, 41.0136269 ], [ 28.9298549, 41.0138883 ] ] }, { "type": "LineString", "coordinates": [ [ 28.9793458, 41.0048358 ], [ 28.9800109, 41.004425 ] ] }, { "type": "LineString", "coordinates": [ [ 28.9774699, 41.014688 ], [ 28.9770214, 41.0146951 ], [ 28.9769672, 41.0146958 ] ] }, { "type": "LineString", "coordinates": [ [ 28.9768069, 41.0142541 ], [ 28.9772471, 41.0141783 ] ] }, { "type": "LineString", "coordinates": [ [ 28.9772471, 41.0141783 ], [ 28.9779556, 41.0140798 ] ] }, { "type": "LineString", "coordinates": [ [ 28.9779556, 41.0140798 ], [ 28.9782872, 41.0140195 ] ] }, { "type": "LineString", "coordinates": [ [ 28.9782872, 41.0140195 ], [ 28.9785091, 41.0139781 ] ] }, { "type": "LineString", "coordinates": [ [ 28.9785091, 41.0139781 ], [ 28.9790721, 41.0138711 ] ] }, { "type": "LineString", "coordinates": [ [ 28.9769672, 41.0146958 ], [ 28.9769316, 41.0146743 ], [ 28.9767772, 41.0143397 ] ] }, { "type": "LineString", "coordinates": [ [ 28.9767772, 41.0143397 ], [ 28.9768069, 41.0142541 ] ] }, { "type": "LineString", "coordinates": [ [ 28.9730111, 41.0129902 ], [ 28.9730535, 41.0130348 ], [ 28.9736778, 41.0133979 ] ] }, { "type": "LineString", "coordinates": [ [ 28.9671846, 41.007539199999989 ], [ 28.9671752, 41.0074697 ], [ 28.9671084, 41.0071556 ], [ 28.9670209, 41.0066884 ] ] }, { "type": "LineString", "coordinates": [ [ 28.9670209, 41.0066884 ], [ 28.9670159, 41.0066761 ] ] }, { "type": "LineString", "coordinates": [ [ 28.9670159, 41.0066761 ], [ 28.9669562, 41.0064799 ] ] }, { "type": "LineString", "coordinates": [ [ 28.9669562, 41.0064799 ], [ 28.9668702, 41.0061078 ] ] }, { "type": "LineString", "coordinates": [ [ 28.9668702, 41.0061078 ], [ 28.966878, 41.0060909 ], [ 28.9668705, 41.0060104 ] ] }, { "type": "LineString", "coordinates": [ [ 28.9668705, 41.0060104 ], [ 28.9668428, 41.0059922 ], [ 28.9668113, 41.0058461 ] ] }, { "type": "LineString", "coordinates": [ [ 28.9668113, 41.0058461 ], [ 28.9667761, 41.0056654 ] ] }, { "type": "LineString", "coordinates": [ [ 28.9667761, 41.0056654 ], [ 28.9667275, 41.0054512 ] ] }, { "type": "LineString", "coordinates": [ [ 28.9667275, 41.0054512 ], [ 28.9666881, 41.0052572 ] ] }, { "type": "LineString", "coordinates": [ [ 28.9666881, 41.0052572 ], [ 28.9666152, 41.0049132 ] ] }, { "type": "LineString", "coordinates": [ [ 28.9666152, 41.0049132 ], [ 28.966499, 41.0045724 ] ] }, { "type": "LineString", "coordinates": [ [ 28.9678753, 41.0055469 ], [ 28.9679278, 41.0059094 ], [ 28.9680029, 41.0062707 ] ] }, { "type": "LineString", "coordinates": [ [ 28.9715595, 41.0037861 ], [ 28.9710569, 41.0037176 ], [ 28.9710136, 41.0037147 ] ] }, { "type": "LineString", "coordinates": [ [ 28.9626642, 41.0071026 ], [ 28.9625129, 41.0070728 ], [ 28.9624401, 41.0070675 ] ] }, { "type": "LineString", "coordinates": [ [ 28.9624401, 41.0070675 ], [ 28.9622414, 41.006600400000011 ] ] }, { "type": "LineString", "coordinates": [ [ 28.9620537, 41.0062391 ], [ 28.9615351, 41.0063931 ] ] }, { "type": "LineString", "coordinates": [ [ 28.964241, 41.005921699999988 ], [ 28.9640833, 41.0055655 ] ] }, { "type": "LineString", "coordinates": [ [ 28.9640833, 41.0055655 ], [ 28.9638996, 41.0051267 ] ] }, { "type": "LineString", "coordinates": [ [ 28.9638088, 41.0036457 ], [ 28.9638097, 41.0036222 ], [ 28.9638176, 41.0036003 ], [ 28.9638426, 41.003582 ], [ 28.9638746, 41.003575 ], [ 28.9641391, 41.0035617 ], [ 28.964203, 41.0035636 ] ] }, { "type": "LineString", "coordinates": [ [ 28.9652499, 41.0033615 ], [ 28.9651758, 41.0035676 ] ] }, { "type": "LineString", "coordinates": [ [ 28.9651758, 41.0035676 ], [ 28.9650332, 41.0038163 ] ] }, { "type": "LineString", "coordinates": [ [ 28.9650332, 41.0038163 ], [ 28.9648658, 41.0040289 ] ] }, { "type": "LineString", "coordinates": [ [ 28.9641357, 41.008637 ], [ 28.9648884, 41.0085083 ], [ 28.9649494, 41.0085012 ] ] }, { "type": "LineString", "coordinates": [ [ 28.9645337, 41.0076095 ], [ 28.9645634, 41.0076701 ], [ 28.9646534, 41.0078541 ] ] }, { "type": "LineString", "coordinates": [ [ 28.9646534, 41.0078541 ], [ 28.9647158, 41.0079944 ], [ 28.9647518, 41.0080634 ] ] }, { "type": "LineString", "coordinates": [ [ 28.9647518, 41.0080634 ], [ 28.9648541, 41.008241900000016 ], [ 28.9648557, 41.0082453 ] ] }, { "type": "LineString", "coordinates": [ [ 28.9648557, 41.0082453 ], [ 28.9649443, 41.0084386 ], [ 28.9649494, 41.0085012 ] ] }, { "type": "LineString", "coordinates": [ [ 28.9649494, 41.0085012 ], [ 28.9649265, 41.0086079 ], [ 28.9649145, 41.008663599999984 ] ] }, { "type": "LineString", "coordinates": [ [ 28.9649145, 41.008663599999984 ], [ 28.96489, 41.0087639 ], [ 28.9648785, 41.0088642 ], [ 28.9648825, 41.0089371 ], [ 28.9648934, 41.0089891 ], [ 28.9649282, 41.009171499999987 ] ] }, { "type": "LineString", "coordinates": [ [ 28.9661104, 41.008967 ], [ 28.9659773, 41.0086538 ], [ 28.9659699, 41.008636500000016 ] ] }, { "type": "LineString", "coordinates": [ [ 28.9631802, 41.008358 ], [ 28.9633083, 41.0087727 ] ] }, { "type": "LineString", "coordinates": [ [ 28.9625989, 41.009051499999984 ], [ 28.9624273, 41.0090591 ], [ 28.9620516, 41.009112 ], [ 28.9615388, 41.0092155 ], [ 28.9614521, 41.0090967 ], [ 28.9614242, 41.0090771 ] ] }, { "type": "LineString", "coordinates": [ [ 28.9625409, 41.0172877 ], [ 28.9617562, 41.0167279 ] ] }, { "type": "LineString", "coordinates": [ [ 28.9617562, 41.0167279 ], [ 28.9612332, 41.0163687 ] ] }, { "type": "LineString", "coordinates": [ [ 28.9649831, 41.0188716 ], [ 28.9647888, 41.0186879 ] ] }, { "type": "LineString", "coordinates": [ [ 28.9647888, 41.0186879 ], [ 28.9645015, 41.0184707 ] ] }, { "type": "LineString", "coordinates": [ [ 28.9638148, 41.0195971 ], [ 28.9637887, 41.0195697 ], [ 28.9637064, 41.0194598 ] ] }, { "type": "LineString", "coordinates": [ [ 28.9637064, 41.0194598 ], [ 28.9635242, 41.0192686 ] ] }, { "type": "LineString", "coordinates": [ [ 28.9659338, 41.0177277 ], [ 28.965675, 41.0171715 ] ] }, { "type": "LineString", "coordinates": [ [ 28.9631622, 41.0195181 ], [ 28.9633562, 41.0197036 ] ] }, { "type": "LineString", "coordinates": [ [ 28.9630059, 41.019621500000014 ], [ 28.9631622, 41.0195181 ] ] }, { "type": "LineString", "coordinates": [ [ 28.9631622, 41.0195181 ], [ 28.9632649, 41.0194465 ], [ 28.963304, 41.0193991 ], [ 28.9635242, 41.0192686 ] ] }, { "type": "LineString", "coordinates": [ [ 28.963081, 41.0197835 ], [ 28.9633689, 41.0200567 ] ] }, { "type": "LineString", "coordinates": [ [ 28.9616419, 41.0189916 ], [ 28.9613604, 41.0190544 ], [ 28.9612425, 41.0190756 ], [ 28.9612046, 41.0189881 ], [ 28.9611167, 41.018827 ], [ 28.9611086, 41.0187636 ] ] }, { "type": "LineString", "coordinates": [ [ 28.9556931, 41.027886 ], [ 28.955948, 41.0276904 ] ] }, { "type": "LineString", "coordinates": [ [ 28.955948, 41.0276904 ], [ 28.9561417, 41.0274948 ] ] }, { "type": "LineString", "coordinates": [ [ 28.953708, 41.028060699999983 ], [ 28.953475, 41.0281344 ], [ 28.9532439, 41.0281644 ] ] }, { "type": "LineString", "coordinates": [ [ 28.9532439, 41.0281644 ], [ 28.9531756, 41.0281624 ], [ 28.9531092, 41.0281613 ], [ 28.9531013, 41.02812740000001 ] ] }, { "type": "LineString", "coordinates": [ [ 28.9556457, 41.0264962 ], [ 28.9559302, 41.0262614 ] ] }, { "type": "LineString", "coordinates": [ [ 28.9556053, 41.0260688 ], [ 28.9559302, 41.0262614 ] ] }, { "type": "LineString", "coordinates": [ [ 28.9563928, 41.0265465 ], [ 28.9565917, 41.0266697 ], [ 28.9567447, 41.0267309 ] ] }, { "type": "LineString", "coordinates": [ [ 28.9567447, 41.0267309 ], [ 28.9568281, 41.026777500000016 ], [ 28.956943, 41.0268556 ] ] }, { "type": "LineString", "coordinates": [ [ 28.956943, 41.0268556 ], [ 28.957028, 41.0269367 ], [ 28.9571114, 41.0269772 ] ] }, { "type": "LineString", "coordinates": [ [ 28.9593732, 41.0235675 ], [ 28.9596297, 41.0237357 ] ] }, { "type": "LineString", "coordinates": [ [ 28.9576971, 41.0154507 ], [ 28.9579469, 41.0157554 ] ] }, { "type": "LineString", "coordinates": [ [ 28.9579469, 41.0157554 ], [ 28.9581712, 41.0160278 ] ] }, { "type": "LineString", "coordinates": [ [ 28.9581712, 41.0160278 ], [ 28.9587984, 41.0167892 ] ] }, { "type": "LineString", "coordinates": [ [ 28.9603875, 41.0191444 ], [ 28.9608102, 41.0191723 ] ] }, { "type": "LineString", "coordinates": [ [ 28.9529921, 41.0181329 ], [ 28.9530491, 41.0180869 ], [ 28.9533209, 41.0179178 ] ] }, { "type": "LineString", "coordinates": [ [ 28.9533209, 41.0179178 ], [ 28.953456, 41.0178396 ], [ 28.9538261, 41.017603 ] ] }, { "type": "LineString", "coordinates": [ [ 28.9533632, 41.0183304 ], [ 28.9527349, 41.018944200000014 ] ] }, { "type": "LineString", "coordinates": [ [ 28.9610625, 41.0133677 ], [ 28.9604812, 41.013673099999984 ] ] }, { "type": "LineString", "coordinates": [ [ 28.9604812, 41.013673099999984 ], [ 28.9604684, 41.0136798 ], [ 28.9604365, 41.0136966 ], [ 28.9601661, 41.013865 ], [ 28.9601202, 41.0138974 ] ] }, { "type": "LineString", "coordinates": [ [ 28.9601202, 41.0138974 ], [ 28.9597946, 41.0141271 ] ] }, { "type": "LineString", "coordinates": [ [ 28.9597946, 41.0141271 ], [ 28.9597359, 41.0141685 ] ] }, { "type": "LineString", "coordinates": [ [ 28.9597359, 41.0141685 ], [ 28.9595415, 41.0143057 ], [ 28.9591609, 41.0145804 ] ] }, { "type": "LineString", "coordinates": [ [ 28.955783, 41.0123268 ], [ 28.9548851, 41.0125876 ], [ 28.9548409, 41.0126004 ] ] }, { "type": "LineString", "coordinates": [ [ 28.9548594, 41.0126531 ], [ 28.9546737, 41.0127703 ] ] }, { "type": "LineString", "coordinates": [ [ 28.9546737, 41.0127703 ], [ 28.9545831, 41.0128125 ], [ 28.9545164, 41.012827 ], [ 28.954456, 41.0128334 ], [ 28.9543752, 41.0128397 ], [ 28.9542817, 41.0128412 ], [ 28.9541177, 41.0128654 ], [ 28.9540406, 41.012897 ], [ 28.9539585, 41.0129595 ], [ 28.9538905, 41.0130043 ] ] }, { "type": "LineString", "coordinates": [ [ 28.9583498, 41.0118384 ], [ 28.9583492, 41.0117914 ], [ 28.9583385, 41.011001599999986 ] ] }, { "type": "LineString", "coordinates": [ [ 28.9583444, 41.0103249 ], [ 28.9583527, 41.0097297 ], [ 28.9583522, 41.009676399999989 ] ] }, { "type": "LineString", "coordinates": [ [ 28.9578156, 41.0120337 ], [ 28.9578671, 41.01207620000001 ], [ 28.9579831, 41.0121489 ], [ 28.958083, 41.0122037 ], [ 28.9581417, 41.012216 ], [ 28.9582051, 41.0122125 ], [ 28.9584531, 41.0121442 ], [ 28.95869, 41.0120722 ], [ 28.9587465, 41.0120424 ], [ 28.9588145, 41.0119922 ] ] }, { "type": "LineString", "coordinates": [ [ 28.9564489, 41.0122738 ], [ 28.9565277, 41.0122795 ], [ 28.9566784, 41.0122954 ], [ 28.9567769, 41.0122831 ], [ 28.9568704, 41.0122589 ], [ 28.9571143, 41.0121488 ] ] }, { "type": "LineString", "coordinates": [ [ 28.9548393, 41.0118153 ], [ 28.9545567, 41.0120233 ], [ 28.9545347, 41.0120463 ], [ 28.954638, 41.0124305 ], [ 28.9546762, 41.012456499999985 ], [ 28.9547874, 41.0124922 ] ] }, { "type": "LineString", "coordinates": [ [ 28.9599744, 41.0088085 ], [ 28.9600381, 41.0091118 ], [ 28.9600536, 41.0092971 ], [ 28.9600548, 41.0094933 ], [ 28.9600543, 41.0095237 ] ] }, { "type": "LineString", "coordinates": [ [ 28.9600487, 41.0069747 ], [ 28.9601235, 41.0071268 ], [ 28.9601487, 41.0071745 ], [ 28.9602107, 41.00727 ], [ 28.960253, 41.0073842 ] ] }, { "type": "LineString", "coordinates": [ [ 28.9601038, 41.0077922 ], [ 28.9603881, 41.0077841 ], [ 28.9605919, 41.0077689 ], [ 28.9608118, 41.007743 ] ] }, { "type": "LineString", "coordinates": [ [ 28.9608118, 41.007743 ], [ 28.961194, 41.007563 ] ] }, { "type": "LineString", "coordinates": [ [ 28.958525, 41.0047475 ], [ 28.9584053, 41.0044923 ] ] }, { "type": "LineString", "coordinates": [ [ 28.9558581, 41.005882 ], [ 28.9555026, 41.005442 ] ] }, { "type": "LineString", "coordinates": [ [ 28.9562009, 41.0061407 ], [ 28.9559679, 41.0058343 ] ] }, { "type": "LineString", "coordinates": [ [ 28.9566299, 41.0061948 ], [ 28.9563541, 41.0063225 ], [ 28.9560494, 41.006491 ] ] }, { "type": "LineString", "coordinates": [ [ 28.9358062, 41.024006199999988 ], [ 28.9353609, 41.0241119 ] ] }, { "type": "LineString", "coordinates": [ [ 28.9353193, 41.0247362 ], [ 28.9352144, 41.024514599999989 ] ] }, { "type": "LineString", "coordinates": [ [ 28.9326817, 41.0228003 ], [ 28.9314075, 41.0237091 ], [ 28.9312496, 41.0235903 ] ] }, { "type": "LineString", "coordinates": [ [ 28.9344328, 41.0265867 ], [ 28.9343765, 41.0262364 ], [ 28.9342935, 41.0260449 ] ] }, { "type": "LineString", "coordinates": [ [ 28.9330928, 41.0244011 ], [ 28.9329671, 41.024317600000018 ], [ 28.9328471, 41.0242197 ] ] }, { "type": "LineString", "coordinates": [ [ 28.9294139, 41.0178873 ], [ 28.9297252, 41.0183057 ] ] }, { "type": "LineString", "coordinates": [ [ 28.9311104, 41.0217349 ], [ 28.9317188, 41.0220188 ] ] }, { "type": "LineString", "coordinates": [ [ 28.9359263, 41.0219968 ], [ 28.9362241, 41.0217533 ] ] }, { "type": "LineString", "coordinates": [ [ 28.9360695, 41.0220791 ], [ 28.9362458, 41.021946 ] ] }, { "type": "LineString", "coordinates": [ [ 28.9339381, 41.0214172 ], [ 28.9338281, 41.0214217 ], [ 28.9337653, 41.0214142 ], [ 28.9337316, 41.0213984 ], [ 28.9336763, 41.0213642 ] ] }, { "type": "LineString", "coordinates": [ [ 28.9352015, 41.0164108 ], [ 28.9349572, 41.0161654 ], [ 28.9342945, 41.0156005 ], [ 28.9342389, 41.0156028 ], [ 28.9338522, 41.0159067 ] ] }, { "type": "LineString", "coordinates": [ [ 28.9338522, 41.0159067 ], [ 28.9337801, 41.0159577 ] ] }, { "type": "LineString", "coordinates": [ [ 28.9337801, 41.0159577 ], [ 28.9332436, 41.0164259 ] ] }, { "type": "LineString", "coordinates": [ [ 28.9332436, 41.0164259 ], [ 28.933202, 41.0164622 ] ] }, { "type": "LineString", "coordinates": [ [ 28.933202, 41.0164622 ], [ 28.93279, 41.0167825 ], [ 28.9326834, 41.0169126 ], [ 28.932694, 41.0169528 ], [ 28.9327278, 41.017007799999988 ], [ 28.9328807, 41.017217100000011 ], [ 28.9329715, 41.017396 ], [ 28.9330116, 41.0174858 ], [ 28.9330797, 41.0175227 ], [ 28.9335013, 41.017591199999984 ] ] }, { "type": "LineString", "coordinates": [ [ 28.9366878, 41.018997 ], [ 28.9367661, 41.0190403 ] ] }, { "type": "LineString", "coordinates": [ [ 28.9365871, 41.0191773 ], [ 28.936577, 41.0190792 ] ] }, { "type": "LineString", "coordinates": [ [ 28.9332355, 41.0158192 ], [ 28.9333662, 41.0158691 ] ] }, { "type": "LineString", "coordinates": [ [ 28.9356293, 41.01972 ], [ 28.9357483, 41.019770499999986 ], [ 28.9357766, 41.019794 ], [ 28.9357979, 41.0198205 ], [ 28.9358082, 41.0198524 ], [ 28.9358074, 41.0198905 ] ] }, { "type": "LineString", "coordinates": [ [ 28.9324288, 41.0160214 ], [ 28.9324271, 41.0160982 ], [ 28.9318891, 41.0164188 ] ] }, { "type": "LineString", "coordinates": [ [ 28.9337801, 41.0159577 ], [ 28.9337049, 41.0159597 ] ] }, { "type": "LineString", "coordinates": [ [ 28.9337049, 41.0159597 ], [ 28.9333636, 41.0159424 ] ] }, { "type": "LineString", "coordinates": [ [ 28.9333636, 41.0159424 ], [ 28.9332978, 41.0159313 ] ] }, { "type": "LineString", "coordinates": [ [ 28.9356293, 41.01972 ], [ 28.9357543, 41.0197343 ], [ 28.9358395, 41.0197328 ], [ 28.9359116, 41.0197212 ], [ 28.936116, 41.019679199999985 ] ] }, { "type": "LineString", "coordinates": [ [ 28.9333662, 41.0158691 ], [ 28.9333636, 41.0159424 ] ] }, { "type": "LineString", "coordinates": [ [ 28.9333636, 41.0159424 ], [ 28.9332001, 41.0162784 ], [ 28.9332106, 41.0163783 ] ] }, { "type": "LineString", "coordinates": [ [ 28.9332106, 41.0163783 ], [ 28.9332436, 41.0164259 ] ] }, { "type": "LineString", "coordinates": [ [ 28.9334851, 41.0212308 ], [ 28.9333703, 41.021157 ], [ 28.9329075, 41.0208534 ] ] }, { "type": "LineString", "coordinates": [ [ 28.9323693, 41.0160508 ], [ 28.9317056, 41.0164264 ], [ 28.9319042, 41.0166768 ], [ 28.9320601, 41.0166104 ], [ 28.9318891, 41.0164188 ] ] }, { "type": "LineString", "coordinates": [ [ 28.9335013, 41.017591199999984 ], [ 28.9332364, 41.0175718 ], [ 28.9329809, 41.0175567 ] ] }, { "type": "LineString", "coordinates": [ [ 28.9329809, 41.0175567 ], [ 28.932931, 41.0173676 ], [ 28.9328398, 41.017194 ], [ 28.932687, 41.0170122 ], [ 28.9326594, 41.016982 ], [ 28.9326317, 41.0169285 ], [ 28.9326401, 41.0168593 ], [ 28.9331547, 41.0164208 ] ] }, { "type": "LineString", "coordinates": [ [ 28.9331547, 41.0164208 ], [ 28.9332106, 41.0163783 ] ] }, { "type": "LineString", "coordinates": [ [ 28.9332106, 41.0163783 ], [ 28.9337049, 41.0159597 ] ] }, { "type": "LineString", "coordinates": [ [ 28.9337049, 41.0159597 ], [ 28.9337848, 41.0159038 ] ] }, { "type": "LineString", "coordinates": [ [ 28.9337848, 41.0159038 ], [ 28.9342808, 41.01552860000001 ] ] }, { "type": "LineString", "coordinates": [ [ 28.9352587, 41.0163866 ], [ 28.9356724, 41.0170448 ] ] }, { "type": "LineString", "coordinates": [ [ 28.9342808, 41.01552860000001 ], [ 28.9343337, 41.0155703 ], [ 28.9347464, 41.0159066 ], [ 28.9352587, 41.0163866 ] ] }, { "type": "LineString", "coordinates": [ [ 28.9353017, 41.0134959 ], [ 28.9344219, 41.013909799999986 ] ] }, { "type": "LineString", "coordinates": [ [ 28.9312747, 41.0122372 ], [ 28.9311506, 41.0122557 ], [ 28.9310751, 41.0122726 ] ] }, { "type": "LineString", "coordinates": [ [ 28.9310751, 41.0122726 ], [ 28.9307213, 41.012326 ] ] }, { "type": "LineString", "coordinates": [ [ 28.9307213, 41.012326 ], [ 28.9305073, 41.0123357 ], [ 28.9303975, 41.0123383 ], [ 28.930369, 41.012337899999984 ] ] }, { "type": "LineString", "coordinates": [ [ 28.930369, 41.012337899999984 ], [ 28.9297707, 41.012096 ] ] }, { "type": "LineString", "coordinates": [ [ 28.93301, 41.009529 ], [ 28.9330436, 41.0090105 ] ] }, { "type": "LineString", "coordinates": [ [ 28.9363568, 41.0089737 ], [ 28.9363166, 41.0083724 ] ] }, { "type": "LineString", "coordinates": [ [ 28.9371297, 41.0082734 ], [ 28.9367659, 41.0083583 ] ] }, { "type": "LineString", "coordinates": [ [ 28.9367659, 41.0083583 ], [ 28.9365014, 41.008359 ], [ 28.9363166, 41.0083724 ] ] }, { "type": "LineString", "coordinates": [ [ 28.9363166, 41.0083724 ], [ 28.9356363, 41.0083847 ] ] }, { "type": "LineString", "coordinates": [ [ 28.9356363, 41.0083847 ], [ 28.9350501, 41.0084017 ] ] }, { "type": "LineString", "coordinates": [ [ 28.9350501, 41.0084017 ], [ 28.9334379, 41.0084417 ] ] }, { "type": "LineString", "coordinates": [ [ 28.9334379, 41.0084417 ], [ 28.9313518, 41.0084839 ] ] }, { "type": "LineString", "coordinates": [ [ 28.9374458, 41.0024546 ], [ 28.9373359, 41.0025101 ], [ 28.9372597, 41.0025756 ] ] }, { "type": "LineString", "coordinates": [ [ 28.9372597, 41.0025756 ], [ 28.937232, 41.0026269 ], [ 28.9371807, 41.0027867 ], [ 28.9371238, 41.0027963 ], [ 28.9370676, 41.0027804 ], [ 28.9370363, 41.0027441 ], [ 28.9370993, 41.0025414 ] ] }, { "type": "LineString", "coordinates": [ [ 28.9370993, 41.0025414 ], [ 28.9370476, 41.0025152 ], [ 28.937039, 41.0024856 ], [ 28.9370929, 41.002357 ] ] }, { "type": "LineString", "coordinates": [ [ 28.931865, 41.0035779 ], [ 28.9312486, 41.0034146 ] ] }, { "type": "LineString", "coordinates": [ [ 28.9319879, 41.0033673 ], [ 28.9314109, 41.0031404 ] ] }, { "type": "LineString", "coordinates": [ [ 28.933324, 41.0024978 ], [ 28.933594, 41.0020787 ] ] }, { "type": "LineString", "coordinates": [ [ 28.933594, 41.0020787 ], [ 28.9338328, 41.0017001 ] ] }, { "type": "LineString", "coordinates": [ [ 28.9338328, 41.0017001 ], [ 28.9336589, 41.0016158 ], [ 28.9336623, 41.0015365 ], [ 28.9337221, 41.0014575 ] ] }, { "type": "LineString", "coordinates": [ [ 28.9337221, 41.0014575 ], [ 28.9337817, 41.0013551 ], [ 28.9339205, 41.0011472 ] ] }, { "type": "LineString", "coordinates": [ [ 28.9370993, 41.0025414 ], [ 28.9372597, 41.0025756 ] ] }, { "type": "LineString", "coordinates": [ [ 28.9326678, 41.0003883 ], [ 28.932616, 41.000299799999986 ], [ 28.9324933, 41.0001137 ], [ 28.9324654, 41.0000131 ] ] }, { "type": "LineString", "coordinates": [ [ 28.9292103, 41.0007695 ], [ 28.9292088, 41.0008122 ], [ 28.9292097, 41.0008774 ], [ 28.9292052, 41.0011665 ] ] }, { "type": "LineString", "coordinates": [ [ 28.9323566, 41.0016603 ], [ 28.9320278, 41.0018688 ] ] }, { "type": "LineString", "coordinates": [ [ 28.9320278, 41.0018688 ], [ 28.9317832, 41.002045099999989 ] ] }, { "type": "LineString", "coordinates": [ [ 28.9317832, 41.002045099999989 ], [ 28.9314619, 41.0022377 ] ] }, { "type": "LineString", "coordinates": [ [ 28.9314619, 41.0022377 ], [ 28.9312264, 41.0023862 ] ] }, { "type": "LineString", "coordinates": [ [ 28.9312264, 41.0023862 ], [ 28.9309474, 41.0025713 ] ] }, { "type": "LineString", "coordinates": [ [ 28.9309474, 41.0025713 ], [ 28.9308214, 41.0026503 ], [ 28.930769, 41.0027069 ], [ 28.9307301, 41.0028952 ] ] }, { "type": "LineString", "coordinates": [ [ 28.9307301, 41.0028952 ], [ 28.9306738, 41.0035227 ] ] }, { "type": "LineString", "coordinates": [ [ 28.9344445, 41.0047249 ], [ 28.9347748, 41.0042105 ], [ 28.9348463, 41.004102200000013 ] ] }, { "type": "LineString", "coordinates": [ [ 28.9324895, 41.0034484 ], [ 28.9324801, 41.0040661 ] ] }, { "type": "LineString", "coordinates": [ [ 28.9376845, 41.0307524 ], [ 28.9382551, 41.03053950000001 ] ] }, { "type": "LineString", "coordinates": [ [ 28.9406797, 41.031795499999987 ], [ 28.9405516, 41.031871 ], [ 28.9402447, 41.0321068 ] ] }, { "type": "LineString", "coordinates": [ [ 28.9422152, 41.0308163 ], [ 28.9417564, 41.0304936 ] ] }, { "type": "LineString", "coordinates": [ [ 28.9391731, 41.0327559 ], [ 28.9393204, 41.0325709 ] ] }, { "type": "LineString", "coordinates": [ [ 28.9382551, 41.03053950000001 ], [ 28.9381023, 41.030101599999988 ] ] }, { "type": "LineString", "coordinates": [ [ 28.9410192, 41.0320191 ], [ 28.9412152, 41.032172 ], [ 28.9413106, 41.032248299999985 ] ] }, { "type": "LineString", "coordinates": [ [ 28.9396403, 41.0320471 ], [ 28.9394767, 41.0321694 ], [ 28.9391636, 41.0319264 ] ] }, { "type": "LineString", "coordinates": [ [ 28.9403222, 41.0289109 ], [ 28.9408394, 41.0285936 ] ] }, { "type": "LineString", "coordinates": [ [ 28.941053, 41.0284565 ], [ 28.9413509, 41.0282964 ], [ 28.9415655, 41.0281992 ], [ 28.9418173, 41.02809340000001 ] ] }, { "type": "LineString", "coordinates": [ [ 28.9423497, 41.0273041 ], [ 28.9429491, 41.0272136 ] ] }, { "type": "LineString", "coordinates": [ [ 28.9429491, 41.0272136 ], [ 28.9434075, 41.0271213 ] ] }, { "type": "LineString", "coordinates": [ [ 28.9434075, 41.0271213 ], [ 28.9439035, 41.0270282 ] ] }, { "type": "LineString", "coordinates": [ [ 28.9439035, 41.0270282 ], [ 28.944529, 41.026847299999986 ] ] }, { "type": "LineString", "coordinates": [ [ 28.9392707, 41.0295663 ], [ 28.9398606, 41.0292362 ] ] }, { "type": "LineString", "coordinates": [ [ 28.9398606, 41.0292362 ], [ 28.9403222, 41.0289109 ] ] }, { "type": "LineString", "coordinates": [ [ 28.937194, 41.0296995 ], [ 28.9371544, 41.0294263 ], [ 28.9371413, 41.029191699999984 ], [ 28.9371829, 41.028998199999982 ], [ 28.9373152, 41.0287014 ] ] }, { "type": "LineString", "coordinates": [ [ 28.9384854, 41.0251061 ], [ 28.9388243, 41.0249691 ] ] }, { "type": "LineString", "coordinates": [ [ 28.9385737, 41.0252073 ], [ 28.9386671, 41.0251925 ], [ 28.9388949, 41.0251134 ] ] }, { "type": "LineString", "coordinates": [ [ 28.9393614, 41.0251837 ], [ 28.9388217, 41.0254872 ] ] }, { "type": "LineString", "coordinates": [ [ 28.9376834, 41.0244198 ], [ 28.937847, 41.024623299999988 ] ] }, { "type": "LineString", "coordinates": [ [ 28.9393614, 41.0251837 ], [ 28.9396784, 41.0250016 ] ] }, { "type": "LineString", "coordinates": [ [ 28.9396565, 41.0255434 ], [ 28.9400076, 41.025384 ] ] }, { "type": "LineString", "coordinates": [ [ 28.9400076, 41.025384 ], [ 28.9403624, 41.0252313 ] ] }, { "type": "LineString", "coordinates": [ [ 28.9405092, 41.0247971 ], [ 28.9409235, 41.0246175 ], [ 28.9411026, 41.024549 ] ] }, { "type": "LineString", "coordinates": [ [ 28.943883, 41.0324694 ], [ 28.9437321, 41.0322434 ] ] }, { "type": "LineString", "coordinates": [ [ 28.9445976, 41.0288625 ], [ 28.9447276, 41.0292206 ] ] }, { "type": "LineString", "coordinates": [ [ 28.9443841, 41.028947 ], [ 28.9445487, 41.0292491 ] ] }, { "type": "LineString", "coordinates": [ [ 28.9473319, 41.0310394 ], [ 28.9471638, 41.03128190000001 ] ] }, { "type": "LineString", "coordinates": [ [ 28.9448803, 41.0296906 ], [ 28.9447616, 41.0295492 ], [ 28.9446984, 41.0294254 ] ] }, { "type": "LineString", "coordinates": [ [ 28.9464272, 41.0310501 ], [ 28.9462222, 41.030929399999984 ], [ 28.9460307, 41.03082280000001 ] ] }, { "type": "LineString", "coordinates": [ [ 28.9440674, 41.032398 ], [ 28.943883, 41.0324694 ] ] }, { "type": "LineString", "coordinates": [ [ 28.943883, 41.0324694 ], [ 28.9437542, 41.0325476 ] ] }, { "type": "LineString", "coordinates": [ [ 28.9445976, 41.0288625 ], [ 28.9444185, 41.0285361 ] ] }, { "type": "LineString", "coordinates": [ [ 28.9463886, 41.0276351 ], [ 28.9463914, 41.0276351 ], [ 28.9472879, 41.0276596 ] ] }, { "type": "LineString", "coordinates": [ [ 28.9423733, 41.0276645 ], [ 28.9427364, 41.02762760000001 ] ] }, { "type": "LineString", "coordinates": [ [ 28.9472788, 41.0271675 ], [ 28.9474728, 41.0271448 ], [ 28.9476717, 41.0270616 ] ] }, { "type": "LineString", "coordinates": [ [ 28.9460787, 41.0278573 ], [ 28.9457497, 41.0278887 ] ] }, { "type": "LineString", "coordinates": [ [ 28.9457497, 41.0278887 ], [ 28.9455701, 41.0279059 ], [ 28.9453882, 41.0279336 ] ] }, { "type": "LineString", "coordinates": [ [ 28.9453882, 41.0279336 ], [ 28.9452776, 41.027953 ] ] }, { "type": "LineString", "coordinates": [ [ 28.948248, 41.0269188 ], [ 28.9484119, 41.027161 ] ] }, { "type": "LineString", "coordinates": [ [ 28.9484119, 41.027161 ], [ 28.9486078, 41.0273989 ], [ 28.9486936, 41.0275375 ] ] }, { "type": "LineString", "coordinates": [ [ 28.9486936, 41.0275375 ], [ 28.9487661, 41.0277401 ], [ 28.9488532, 41.0280712 ] ] }, { "type": "LineString", "coordinates": [ [ 28.9488532, 41.0280712 ], [ 28.9489824, 41.0285625 ] ] }, { "type": "LineString", "coordinates": [ [ 28.9489824, 41.0285625 ], [ 28.9489521, 41.028671 ], [ 28.9488858, 41.0287685 ] ] }, { "type": "LineString", "coordinates": [ [ 28.9488858, 41.0287685 ], [ 28.9488202, 41.0288158 ] ] }, { "type": "LineString", "coordinates": [ [ 28.9456226, 41.0252238 ], [ 28.9442906, 41.0253826 ], [ 28.9438415, 41.0254726 ], [ 28.9437745, 41.0254927 ] ] }, { "type": "LineString", "coordinates": [ [ 28.9437745, 41.0254927 ], [ 28.9435073, 41.0255786 ] ] }, { "type": "LineString", "coordinates": [ [ 28.9460787, 41.0278573 ], [ 28.9460615, 41.027939 ], [ 28.9460268, 41.0280067 ], [ 28.9459846, 41.0280369 ], [ 28.9458445, 41.028051 ], [ 28.9456869, 41.028081799999988 ], [ 28.9454694, 41.0280907 ], [ 28.9453882, 41.0279336 ] ] }, { "type": "LineString", "coordinates": [ [ 28.9442188, 41.0283775 ], [ 28.9444523, 41.0283661 ], [ 28.9448069, 41.0283487 ] ] }, { "type": "LineString", "coordinates": [ [ 28.9462647, 41.02811470000001 ], [ 28.9465862, 41.0281474 ] ] }, { "type": "LineString", "coordinates": [ [ 28.9488532, 41.0280712 ], [ 28.9482401, 41.028172399999988 ] ] }, { "type": "LineString", "coordinates": [ [ 28.9484119, 41.027161 ], [ 28.9481819, 41.0272729 ] ] }, { "type": "LineString", "coordinates": [ [ 28.9456425, 41.0259685 ], [ 28.9455923, 41.0259547 ] ] }, { "type": "LineString", "coordinates": [ [ 28.9455923, 41.0259547 ], [ 28.9452993, 41.025958 ] ] }, { "type": "LineString", "coordinates": [ [ 28.9426612, 41.0233062 ], [ 28.9428021, 41.0236724 ] ] }, { "type": "LineString", "coordinates": [ [ 28.942075, 41.028147 ], [ 28.9421223, 41.0283211 ] ] }, { "type": "LineString", "coordinates": [ [ 28.944819, 41.0282702 ], [ 28.9444601, 41.0282909 ] ] }, { "type": "LineString", "coordinates": [ [ 28.9453917, 41.0236889 ], [ 28.9451265, 41.02348030000001 ], [ 28.9449899, 41.023544599999987 ] ] }, { "type": "LineString", "coordinates": [ [ 28.942009, 41.023734 ], [ 28.9422959, 41.0236777 ], [ 28.9424679, 41.0236335 ], [ 28.9425585, 41.0238327 ] ] }, { "type": "LineString", "coordinates": [ [ 28.9442092, 41.0241409 ], [ 28.9443581, 41.0241088 ] ] }, { "type": "LineString", "coordinates": [ [ 28.9443581, 41.0241088 ], [ 28.9444519, 41.0243302 ], [ 28.9446112, 41.0244619 ] ] }, { "type": "LineString", "coordinates": [ [ 28.9449095, 41.0230269 ], [ 28.9447434, 41.0231703 ], [ 28.9445945, 41.0232703 ], [ 28.9445628, 41.023283400000011 ] ] }, { "type": "LineString", "coordinates": [ [ 28.9445628, 41.023283400000011 ], [ 28.9443303, 41.0233796 ], [ 28.9439387, 41.023500899999988 ] ] }, { "type": "LineString", "coordinates": [ [ 28.947384, 41.0282573 ], [ 28.9475026, 41.0282629 ] ] }, { "type": "LineString", "coordinates": [ [ 28.9475026, 41.0282629 ], [ 28.9477386, 41.0282716 ], [ 28.9479113, 41.028268299999986 ] ] }, { "type": "LineString", "coordinates": [ [ 28.9427958, 41.0232811 ], [ 28.9427212, 41.023085 ], [ 28.9425197, 41.0231386 ], [ 28.9425943, 41.0233157 ] ] }, { "type": "LineString", "coordinates": [ [ 28.9434022, 41.0232624 ], [ 28.9431703, 41.023043800000011 ], [ 28.9429194, 41.0227818 ] ] }, { "type": "LineString", "coordinates": [ [ 28.9429194, 41.0227818 ], [ 28.9426344, 41.0225004 ] ] }, { "type": "LineString", "coordinates": [ [ 28.9482799, 41.025766 ], [ 28.9477641, 41.0258358 ] ] }, { "type": "LineString", "coordinates": [ [ 28.9477641, 41.0258358 ], [ 28.9472303, 41.0259653 ], [ 28.9469299, 41.0260139 ], [ 28.9467556, 41.0260214 ] ] }, { "type": "LineString", "coordinates": [ [ 28.9467556, 41.0260214 ], [ 28.9465115, 41.026030099999979 ], [ 28.9464282, 41.0260258 ] ] }, { "type": "LineString", "coordinates": [ [ 28.9464282, 41.0260258 ], [ 28.9468615, 41.0257711 ], [ 28.947237, 41.0256517 ], [ 28.9476074, 41.0255663 ] ] }, { "type": "LineString", "coordinates": [ [ 28.9476074, 41.0255663 ], [ 28.9480967, 41.0254837 ] ] }, { "type": "LineString", "coordinates": [ [ 28.9397311, 41.020356599999985 ], [ 28.9393904, 41.0205019 ] ] }, { "type": "LineString", "coordinates": [ [ 28.9439701, 41.0210457 ], [ 28.9444245, 41.0212821 ] ] }, { "type": "LineString", "coordinates": [ [ 28.9396202, 41.0233271 ], [ 28.9398469, 41.0232827 ] ] }, { "type": "LineString", "coordinates": [ [ 28.9404057, 41.02278290000001 ], [ 28.9408447, 41.0226294 ] ] }, { "type": "LineString", "coordinates": [ [ 28.9395204, 41.0200139 ], [ 28.9389798, 41.0201981 ] ] }, { "type": "LineString", "coordinates": [ [ 28.9383123, 41.0228843 ], [ 28.9384049, 41.0230491 ] ] }, { "type": "LineString", "coordinates": [ [ 28.9388849, 41.02247160000001 ], [ 28.9388076, 41.0222625 ] ] }, { "type": "LineString", "coordinates": [ [ 28.9357649, 41.0219027 ], [ 28.9360313, 41.021661 ] ] }, { "type": "LineString", "coordinates": [ [ 28.9381968, 41.0222176 ], [ 28.9383581, 41.0224949 ] ] }, { "type": "LineString", "coordinates": [ [ 28.9486382, 41.0231504 ], [ 28.9480613, 41.0232167 ] ] }, { "type": "LineString", "coordinates": [ [ 28.9393405, 41.0209069 ], [ 28.9382, 41.0211138 ] ] }, { "type": "LineString", "coordinates": [ [ 28.9450503, 41.0199386 ], [ 28.9445728, 41.0196545 ] ] }, { "type": "LineString", "coordinates": [ [ 28.9440953, 41.0193749 ], [ 28.9435035, 41.019024 ] ] }, { "type": "LineString", "coordinates": [ [ 28.9435035, 41.019024 ], [ 28.942853, 41.0186608 ] ] }, { "type": "LineString", "coordinates": [ [ 28.9385606, 41.018638 ], [ 28.9385057, 41.0186524 ], [ 28.9384474, 41.0186615 ], [ 28.9381939, 41.018701899999989 ] ] }, { "type": "LineString", "coordinates": [ [ 28.9487661, 41.0225071 ], [ 28.9495075, 41.0225727 ] ] }, { "type": "LineString", "coordinates": [ [ 28.9495075, 41.0225727 ], [ 28.9504094, 41.0225365 ] ] }, { "type": "LineString", "coordinates": [ [ 28.9504094, 41.0225365 ], [ 28.9508299, 41.0224135 ] ] }, { "type": "LineString", "coordinates": [ [ 28.9413529, 41.022459 ], [ 28.941147, 41.0226401 ], [ 28.9408875, 41.0230256 ] ] }, { "type": "LineString", "coordinates": [ [ 28.9403843, 41.0156147 ], [ 28.940623, 41.0154847 ] ] }, { "type": "LineString", "coordinates": [ [ 28.9407217, 41.015502900000016 ], [ 28.9403843, 41.0156147 ] ] }, { "type": "LineString", "coordinates": [ [ 28.937571, 41.0165309 ], [ 28.9374525, 41.0163329 ], [ 28.9372641, 41.0163853 ], [ 28.9371325, 41.0162073 ] ] }, { "type": "LineString", "coordinates": [ [ 28.939995, 41.0138931 ], [ 28.9403744, 41.0137102 ] ] }, { "type": "LineString", "coordinates": [ [ 28.9403744, 41.0137102 ], [ 28.9409222, 41.0134169 ] ] }, { "type": "LineString", "coordinates": [ [ 28.9409222, 41.0134169 ], [ 28.9418361, 41.0129804 ] ] }, { "type": "LineString", "coordinates": [ [ 28.940623, 41.0154847 ], [ 28.9406904, 41.015399499999987 ] ] }, { "type": "LineString", "coordinates": [ [ 28.9418361, 41.0129804 ], [ 28.9426479, 41.0126162 ] ] }, { "type": "LineString", "coordinates": [ [ 28.9426479, 41.0126162 ], [ 28.9432882, 41.0123416 ] ] }, { "type": "LineString", "coordinates": [ [ 28.9432882, 41.0123416 ], [ 28.9438546, 41.0121302 ] ] }, { "type": "LineString", "coordinates": [ [ 28.9438546, 41.0121302 ], [ 28.9444551, 41.0120428 ] ] }, { "type": "LineString", "coordinates": [ [ 28.9444551, 41.0120428 ], [ 28.9450341, 41.0120005 ] ] }, { "type": "LineString", "coordinates": [ [ 28.938985, 41.0174132 ], [ 28.9387254, 41.0171914 ], [ 28.938266, 41.01676470000001 ], [ 28.9382201, 41.0167569 ], [ 28.9381646, 41.0167719 ], [ 28.9372428, 41.0172824 ] ] }, { "type": "LineString", "coordinates": [ [ 28.9425427, 41.0088581 ], [ 28.942513, 41.0088188 ], [ 28.9424962, 41.0087816 ], [ 28.9424932, 41.0087223 ], [ 28.9425597, 41.0085938 ], [ 28.9426154, 41.008466 ] ] }, { "type": "LineString", "coordinates": [ [ 28.9426154, 41.008466 ], [ 28.9427347, 41.0082296 ] ] }, { "type": "LineString", "coordinates": [ [ 28.9427347, 41.0082296 ], [ 28.9428146, 41.0080615 ] ] }, { "type": "LineString", "coordinates": [ [ 28.9428146, 41.0080615 ], [ 28.9428991, 41.0078762 ], [ 28.942988, 41.0076997 ], [ 28.943044, 41.0076307 ], [ 28.9431495, 41.0075164 ] ] }, { "type": "LineString", "coordinates": [ [ 28.9407999, 41.0087915 ], [ 28.9399223, 41.0082824 ] ] }, { "type": "LineString", "coordinates": [ [ 28.9395212, 41.0066427 ], [ 28.9397814, 41.0067073 ] ] }, { "type": "LineString", "coordinates": [ [ 28.9414859, 41.0074168 ], [ 28.9412801, 41.0073297 ] ] }, { "type": "LineString", "coordinates": [ [ 28.9381691, 41.006585 ], [ 28.9383009, 41.006640199999985 ], [ 28.9384469, 41.0066946 ], [ 28.9386019, 41.0067523 ] ] }, { "type": "LineString", "coordinates": [ [ 28.9384261, 41.0061376 ], [ 28.9383591, 41.00624830000001 ], [ 28.9382756, 41.0063753 ] ] }, { "type": "LineString", "coordinates": [ [ 28.9382756, 41.0063753 ], [ 28.9382178, 41.0064746 ], [ 28.9381691, 41.006585 ] ] }, { "type": "LineString", "coordinates": [ [ 28.9381691, 41.006585 ], [ 28.9380962, 41.00674320000001 ], [ 28.9380594, 41.0068335 ], [ 28.9379409, 41.007094 ] ] }, { "type": "LineString", "coordinates": [ [ 28.9422958, 41.0071058 ], [ 28.9418848, 41.00754950000001 ] ] }, { "type": "LineString", "coordinates": [ [ 28.9418848, 41.00754950000001 ], [ 28.9417581, 41.0077233 ], [ 28.9415964, 41.0079513 ], [ 28.9414095, 41.0082424 ], [ 28.9412987, 41.0084275 ] ] }, { "type": "LineString", "coordinates": [ [ 28.9412987, 41.0084275 ], [ 28.941166, 41.0086411 ] ] }, { "type": "LineString", "coordinates": [ [ 28.9398224, 41.0094468 ], [ 28.9398166, 41.008911700000013 ] ] }, { "type": "LineString", "coordinates": [ [ 28.9398166, 41.008911700000013 ], [ 28.9398133, 41.0086287 ], [ 28.9398178, 41.0085239 ], [ 28.9398297, 41.008471299999989 ], [ 28.9398594, 41.0084049 ], [ 28.9399223, 41.0082824 ] ] }, { "type": "LineString", "coordinates": [ [ 28.9399223, 41.0082824 ], [ 28.9400568, 41.0079866 ] ] }, { "type": "LineString", "coordinates": [ [ 28.9391179, 41.0041036 ], [ 28.939199, 41.0041261 ] ] }, { "type": "LineString", "coordinates": [ [ 28.939199, 41.0041261 ], [ 28.9394224, 41.004188 ], [ 28.9399097, 41.004336 ], [ 28.9400681, 41.0043849 ], [ 28.9404153, 41.0044746 ], [ 28.943082, 41.0050837 ] ] }, { "type": "LineString", "coordinates": [ [ 28.9414046, 41.0036378 ], [ 28.9405411, 41.003358299999988 ] ] }, { "type": "LineString", "coordinates": [ [ 28.9391179, 41.0041036 ], [ 28.9391465, 41.0040057 ], [ 28.9391588, 41.0039802 ], [ 28.9392322, 41.0037887 ], [ 28.9394863, 41.0033909 ] ] }, { "type": "LineString", "coordinates": [ [ 28.9394863, 41.0033909 ], [ 28.9395409, 41.003333400000017 ], [ 28.9396631, 41.0032449 ], [ 28.9398369, 41.0032111 ], [ 28.9400466, 41.0032437 ] ] }, { "type": "LineString", "coordinates": [ [ 28.9400466, 41.0032437 ], [ 28.9398074, 41.0032624 ], [ 28.9396368, 41.003321899999989 ], [ 28.9395204, 41.0034205 ], [ 28.9393535, 41.0036354 ], [ 28.9392928, 41.0037361 ], [ 28.9392413, 41.0038679 ], [ 28.939199, 41.0041261 ] ] }, { "type": "LineString", "coordinates": [ [ 28.9482978, 41.0029131 ], [ 28.9482922, 41.0023614 ] ] }, { "type": "LineString", "coordinates": [ [ 28.9493776, 41.00236850000001 ], [ 28.949375, 41.0029489 ] ] }, { "type": "LineString", "coordinates": [ [ 28.9444941, 41.0040959 ], [ 28.9446838, 41.0039414 ], [ 28.9448763, 41.0040689 ] ] }, { "type": "LineString", "coordinates": [ [ 28.9465057, 41.0025536 ], [ 28.9452207, 41.0023331 ], [ 28.9446332, 41.0023434 ], [ 28.9443525, 41.0023852 ], [ 28.944135, 41.0024568 ], [ 28.9437198, 41.0025075 ], [ 28.9433441, 41.0024687 ], [ 28.9433323, 41.0023971 ], [ 28.9434928, 41.0020637 ] ] }, { "type": "LineString", "coordinates": [ [ 28.9486083, 41.0070418 ], [ 28.9485734, 41.0070251 ], [ 28.9485526, 41.007006 ], [ 28.9485411, 41.0069698 ], [ 28.9485399, 41.006932 ], [ 28.948557, 41.006889199999989 ], [ 28.9485875, 41.0068652 ] ] }, { "type": "LineString", "coordinates": [ [ 28.9470257, 41.0048102 ], [ 28.9465797, 41.0048472 ], [ 28.946564, 41.004607300000011 ], [ 28.9458897, 41.0046152 ], [ 28.9458985, 41.0048099 ], [ 28.9459297, 41.0048669 ], [ 28.9457981, 41.0049199 ], [ 28.9458689, 41.0050219 ] ] }, { "type": "LineString", "coordinates": [ [ 28.9500971, 41.0029483 ], [ 28.949375, 41.0029489 ] ] }, { "type": "LineString", "coordinates": [ [ 28.949375, 41.0029489 ], [ 28.9484206, 41.0029524 ], [ 28.9483496, 41.0029414 ], [ 28.9483141, 41.0029183 ], [ 28.9482978, 41.0029131 ] ] }, { "type": "LineString", "coordinates": [ [ 28.9482978, 41.0029131 ], [ 28.9482721, 41.0029049 ], [ 28.9477026, 41.0029073 ], [ 28.94763, 41.0028988 ], [ 28.9475719, 41.0028671 ], [ 28.9475623, 41.0028184 ], [ 28.947559, 41.0025639 ] ] }, { "type": "LineString", "coordinates": [ [ 28.947559, 41.0025639 ], [ 28.9475569, 41.0024246 ], [ 28.9475736, 41.0023856 ], [ 28.9475811, 41.0023681 ] ] }, { "type": "LineString", "coordinates": [ [ 28.9475811, 41.0023681 ], [ 28.9476233, 41.002360299999985 ], [ 28.9482922, 41.0023614 ] ] }, { "type": "LineString", "coordinates": [ [ 28.9482922, 41.0023614 ], [ 28.9493776, 41.00236850000001 ] ] }, { "type": "LineString", "coordinates": [ [ 28.9493138, 41.007577499999989 ], [ 28.9493253, 41.0078081 ], [ 28.9493253, 41.0080643 ], [ 28.9493311, 41.0082588 ] ] }, { "type": "LineString", "coordinates": [ [ 28.9492841, 41.0082605 ], [ 28.9492793, 41.0085656 ] ] }, { "type": "LineString", "coordinates": [ [ 28.9492793, 41.0085656 ], [ 28.9492738, 41.0088035 ] ] }, { "type": "LineString", "coordinates": [ [ 28.9492738, 41.0088035 ], [ 28.9492429, 41.0092294 ] ] }, { "type": "LineString", "coordinates": [ [ 28.9440262, 41.007732 ], [ 28.9439391, 41.0079627 ] ] }, { "type": "LineString", "coordinates": [ [ 28.9439391, 41.0079627 ], [ 28.9438131, 41.0083409 ] ] }, { "type": "LineString", "coordinates": [ [ 28.9438131, 41.0083409 ], [ 28.943736, 41.0086267 ] ] }, { "type": "LineString", "coordinates": [ [ 28.943736, 41.0086267 ], [ 28.9437229, 41.0086815 ] ] }, { "type": "LineString", "coordinates": [ [ 28.9437229, 41.0086815 ], [ 28.9436395, 41.0090514 ] ] }, { "type": "LineString", "coordinates": [ [ 28.943302, 41.0157073 ], [ 28.9429795, 41.0154854 ] ] }, { "type": "LineString", "coordinates": [ [ 28.9432242, 41.0144487 ], [ 28.9430035, 41.0146189 ] ] }, { "type": "LineString", "coordinates": [ [ 28.9430035, 41.0146189 ], [ 28.9425059, 41.0150854 ] ] }, { "type": "LineString", "coordinates": [ [ 28.9431931, 41.0165542 ], [ 28.9429033, 41.0163887 ], [ 28.9425166, 41.0166807 ] ] }, { "type": "LineString", "coordinates": [ [ 28.9441366, 41.0156553 ], [ 28.9446273, 41.0153194 ] ] }, { "type": "LineString", "coordinates": [ [ 28.9446273, 41.0153194 ], [ 28.9450069, 41.015042399999984 ] ] }, { "type": "LineString", "coordinates": [ [ 28.9399739, 41.0215129 ], [ 28.9402007, 41.0213281 ], [ 28.9405042, 41.0210266 ] ] }, { "type": "LineString", "coordinates": [ [ 28.9405519, 41.0209792 ], [ 28.9407301, 41.0207849 ] ] }, { "type": "LineString", "coordinates": [ [ 28.9407301, 41.0207849 ], [ 28.9410345, 41.0204607 ] ] }, { "type": "LineString", "coordinates": [ [ 28.9410345, 41.0204607 ], [ 28.9413071, 41.0201913 ] ] }, { "type": "LineString", "coordinates": [ [ 28.9413071, 41.0201913 ], [ 28.9421081, 41.0193997 ] ] }, { "type": "LineString", "coordinates": [ [ 28.9422038, 41.0164805 ], [ 28.9421653, 41.016357 ], [ 28.9421453, 41.0162564 ], [ 28.9421475, 41.0161978 ] ] }, { "type": "LineString", "coordinates": [ [ 28.9423354, 41.01596210000001 ], [ 28.9429795, 41.0154854 ] ] }, { "type": "LineString", "coordinates": [ [ 28.9429795, 41.0154854 ], [ 28.9434898, 41.0151133 ] ] }, { "type": "LineString", "coordinates": [ [ 28.9465493, 41.018458 ], [ 28.947015, 41.018729 ] ] }, { "type": "LineString", "coordinates": [ [ 28.947015, 41.018729 ], [ 28.9471994, 41.0188413 ] ] }, { "type": "LineString", "coordinates": [ [ 28.9480177, 41.0200491 ], [ 28.9476853, 41.0206073 ] ] }, { "type": "LineString", "coordinates": [ [ 28.9489199, 41.0218474 ], [ 28.9483093, 41.021802399999984 ] ] }, { "type": "LineString", "coordinates": [ [ 28.9483093, 41.021802399999984 ], [ 28.9481049, 41.021703199999983 ], [ 28.9479041, 41.021598 ] ] }, { "type": "LineString", "coordinates": [ [ 28.9479041, 41.021598 ], [ 28.947467, 41.0213199 ] ] }, { "type": "LineString", "coordinates": [ [ 28.9495769, 41.0294703 ], [ 28.9492933, 41.02960070000001 ] ] }, { "type": "LineString", "coordinates": [ [ 28.9480831, 41.0300553 ], [ 28.9483144, 41.0300486 ] ] }, { "type": "LineString", "coordinates": [ [ 28.9483144, 41.0300486 ], [ 28.9485495, 41.030058 ], [ 28.9488306, 41.0300379 ] ] }, { "type": "LineString", "coordinates": [ [ 28.9489431, 41.0299543 ], [ 28.9490861, 41.029745 ] ] }, { "type": "LineString", "coordinates": [ [ 28.9475568, 41.0267714 ], [ 28.9476406, 41.0269354 ] ] }, { "type": "LineString", "coordinates": [ [ 28.9490895, 41.0148234 ], [ 28.9492607, 41.015604 ] ] }, { "type": "LineString", "coordinates": [ [ 28.9518197, 41.018175299999989 ], [ 28.9511845, 41.0178074 ] ] }, { "type": "LineString", "coordinates": [ [ 28.950862, 41.02418930000001 ], [ 28.9514204, 41.0240844 ] ] }, { "type": "LineString", "coordinates": [ [ 28.9512461, 41.0235201 ], [ 28.9506949, 41.0235967 ] ] }, { "type": "LineString", "coordinates": [ [ 28.9509757, 41.0178854 ], [ 28.950783, 41.0177733 ], [ 28.9506503, 41.017803 ] ] }, { "type": "LineString", "coordinates": [ [ 28.9516896, 41.0260545 ], [ 28.9519932, 41.025893 ], [ 28.9517736, 41.0256377 ] ] }, { "type": "LineString", "coordinates": [ [ 28.9516537, 41.0194393 ], [ 28.951349, 41.0192493 ] ] }, { "type": "LineString", "coordinates": [ [ 28.951349, 41.0192493 ], [ 28.9509536, 41.0190421 ] ] }, { "type": "LineString", "coordinates": [ [ 28.9508523, 41.0118747 ], [ 28.9508482, 41.0115921 ] ] }, { "type": "LineString", "coordinates": [ [ 28.9508482, 41.0115921 ], [ 28.9508409, 41.0113231 ] ] }, { "type": "LineString", "coordinates": [ [ 28.9508409, 41.0113231 ], [ 28.9508396, 41.0112764 ], [ 28.9508419, 41.011052 ] ] }, { "type": "LineString", "coordinates": [ [ 28.948807, 41.0135131 ], [ 28.9490386, 41.0134714 ], [ 28.9491425, 41.0135146 ], [ 28.9494088, 41.0136577 ], [ 28.9494372, 41.0136633 ], [ 28.9495108, 41.013677699999988 ], [ 28.9498125, 41.0136107 ] ] }, { "type": "LineString", "coordinates": [ [ 28.9531905, 41.0153889 ], [ 28.9532755, 41.015454699999985 ], [ 28.9534131, 41.015563799999988 ] ] }, { "type": "LineString", "coordinates": [ [ 28.9536635, 41.015784099999983 ], [ 28.9538898, 41.0159702 ], [ 28.9540939, 41.0161503 ], [ 28.954442, 41.0164865 ] ] }, { "type": "LineString", "coordinates": [ [ 28.9585474, 41.0061554 ], [ 28.9582278, 41.0055929 ] ] }, { "type": "LineString", "coordinates": [ [ 28.9582278, 41.0055929 ], [ 28.9577806, 41.0050606 ] ] }, { "type": "LineString", "coordinates": [ [ 28.9577806, 41.0050606 ], [ 28.9575692, 41.0045638 ] ] }, { "type": "LineString", "coordinates": [ [ 28.9510136, 41.014082 ], [ 28.951199, 41.01438370000001 ] ] }, { "type": "LineString", "coordinates": [ [ 28.9519617, 41.0105812 ], [ 28.9522425, 41.0105778 ] ] }, { "type": "LineString", "coordinates": [ [ 28.9497964, 41.008566099999989 ], [ 28.9492793, 41.0085656 ] ] }, { "type": "LineString", "coordinates": [ [ 28.9500385, 41.015165199999984 ], [ 28.9492782, 41.015594900000011 ] ] }, { "type": "LineString", "coordinates": [ [ 28.9516204, 41.0064262 ], [ 28.9515942, 41.0064899 ], [ 28.9515873, 41.0065682 ], [ 28.9515856, 41.0066462 ], [ 28.9515882, 41.0070026 ] ] }, { "type": "LineString", "coordinates": [ [ 28.9515882, 41.0070026 ], [ 28.951592, 41.0076026 ] ] }, { "type": "LineString", "coordinates": [ [ 28.951592, 41.0076026 ], [ 28.9515886, 41.0079983 ], [ 28.9515971, 41.008231 ] ] }, { "type": "LineString", "coordinates": [ [ 28.9513195, 41.0099429 ], [ 28.951338, 41.0105238 ] ] }, { "type": "LineString", "coordinates": [ [ 28.9508523, 41.0118747 ], [ 28.9502536, 41.011719 ] ] }, { "type": "LineString", "coordinates": [ [ 28.9502536, 41.011719 ], [ 28.9499255, 41.011654299999989 ] ] }, { "type": "LineString", "coordinates": [ [ 28.9499389, 41.0110698 ], [ 28.9504222, 41.0110583 ] ] }, { "type": "LineString", "coordinates": [ [ 28.9504222, 41.0110583 ], [ 28.9508419, 41.011052 ] ] }, { "type": "LineString", "coordinates": [ [ 28.9508419, 41.011052 ], [ 28.9513492, 41.0110704 ] ] }, { "type": "LineString", "coordinates": [ [ 28.9513492, 41.0110704 ], [ 28.9517559, 41.0110514 ] ] }, { "type": "LineString", "coordinates": [ [ 28.9517559, 41.0110514 ], [ 28.9519775, 41.0110483 ] ] }, { "type": "LineString", "coordinates": [ [ 28.9519775, 41.0110483 ], [ 28.9522661, 41.0110444 ] ] }, { "type": "LineString", "coordinates": [ [ 28.9288875, 41.0003527 ], [ 28.9288093, 41.0006132 ] ] }, { "type": "LineString", "coordinates": [ [ 28.9284356, 41.0014062 ], [ 28.9281884, 41.001415099999988 ], [ 28.9281839, 41.0017577 ], [ 28.9281187, 41.0018436 ] ] }, { "type": "LineString", "coordinates": [ [ 28.9281187, 41.0018436 ], [ 28.9280023, 41.001983 ] ] }, { "type": "LineString", "coordinates": [ [ 28.9271232, 41.0066562 ], [ 28.9267136, 41.0066692 ] ] }, { "type": "LineString", "coordinates": [ [ 28.9309474, 41.0025713 ], [ 28.9305032, 41.0021736 ] ] }, { "type": "LineString", "coordinates": [ [ 28.923118, 41.0015471 ], [ 28.9234886, 41.0013688 ] ] }, { "type": "LineString", "coordinates": [ [ 28.9262641, 41.006761 ], [ 28.9264039, 41.0063706 ] ] }, { "type": "LineString", "coordinates": [ [ 28.9310052, 41.0072628 ], [ 28.9310724, 41.0071933 ], [ 28.9312436, 41.0070161 ] ] }, { "type": "LineString", "coordinates": [ [ 28.9260228, 41.0083488 ], [ 28.9259556, 41.0080993 ] ] }, { "type": "LineString", "coordinates": [ [ 28.9280265, 41.0104145 ], [ 28.9280204, 41.0101651 ] ] }, { "type": "LineString", "coordinates": [ [ 28.928668, 41.0135992 ], [ 28.9284761, 41.0133983 ], [ 28.9283621, 41.0131842 ], [ 28.928339, 41.0130165 ], [ 28.9281885, 41.0127473 ] ] }, { "type": "LineString", "coordinates": [ [ 28.9421491, 41.0363673 ], [ 28.9419962, 41.036423499999984 ], [ 28.9418451, 41.0364693 ], [ 28.9418071, 41.0363946 ], [ 28.9418392, 41.036183 ], [ 28.9419263, 41.0360256 ] ] }, { "type": "LineString", "coordinates": [ [ 28.9432351, 41.0393573 ], [ 28.9430076, 41.0394967 ], [ 28.9429082, 41.0394119 ], [ 28.9427623, 41.0394661 ], [ 28.9425048, 41.0395551 ], [ 28.942408, 41.0395415 ] ] }, { "type": "LineString", "coordinates": [ [ 28.9402224, 41.0373198 ], [ 28.9405436, 41.0373269 ] ] }, { "type": "LineString", "coordinates": [ [ 28.9405436, 41.0373269 ], [ 28.9410631, 41.0373182 ] ] }, { "type": "LineString", "coordinates": [ [ 28.9432713, 41.0349363 ], [ 28.9434192, 41.0349208 ], [ 28.943793, 41.0348459 ] ] }, { "type": "LineString", "coordinates": [ [ 28.9421643, 41.0353141 ], [ 28.9422464, 41.0353955 ], [ 28.94245, 41.0355466 ] ] }, { "type": "LineString", "coordinates": [ [ 28.9443325, 41.0341179 ], [ 28.9440754, 41.033919 ] ] }, { "type": "LineString", "coordinates": [ [ 28.9459381, 41.0332412 ], [ 28.9456828, 41.0333182 ] ] }, { "type": "LineString", "coordinates": [ [ 28.9455314, 41.0333563 ], [ 28.9455247, 41.0334465 ] ] }, { "type": "LineString", "coordinates": [ [ 28.9416835, 41.0353642 ], [ 28.9417847, 41.0353908 ] ] }, { "type": "LineString", "coordinates": [ [ 28.9522865, 41.0272169 ], [ 28.9522656, 41.0272309 ] ] }, { "type": "LineString", "coordinates": [ [ 28.9528714, 41.0266577 ], [ 28.9527412, 41.0265728 ], [ 28.9526758, 41.0265064 ], [ 28.9526786, 41.0264339 ] ] }, { "type": "LineString", "coordinates": [ [ 28.9575637, 41.0257617 ], [ 28.9577371, 41.0258174 ] ] }, { "type": "LineString", "coordinates": [ [ 28.9531871, 41.0264859 ], [ 28.9528714, 41.0266577 ] ] }, { "type": "LineString", "coordinates": [ [ 28.9528714, 41.0266577 ], [ 28.9526526, 41.0267976 ] ] }, { "type": "LineString", "coordinates": [ [ 28.9536513, 41.0279065 ], [ 28.9535979, 41.0279838 ], [ 28.9533714, 41.0280059 ], [ 28.953293, 41.028056 ], [ 28.9532094, 41.028073499999984 ], [ 28.9532439, 41.0281644 ] ] }, { "type": "LineString", "coordinates": [ [ 28.9277432, 41.0220405 ], [ 28.9278106, 41.0220451 ], [ 28.92797, 41.0221702 ] ] }, { "type": "LineString", "coordinates": [ [ 28.9266747, 41.0203916 ], [ 28.9268551, 41.0204976 ], [ 28.9270786, 41.020819 ] ] }, { "type": "LineString", "coordinates": [ [ 28.9595498, 41.0245528 ], [ 28.9594797, 41.0245209 ] ] }, { "type": "LineString", "coordinates": [ [ 28.9625606, 41.0177358 ], [ 28.9624536, 41.0172758 ] ] }, { "type": "LineString", "coordinates": [ [ 28.9431339, 41.0241284 ], [ 28.9432344, 41.024088 ], [ 28.9433829, 41.024029 ], [ 28.9435719, 41.0239827 ] ] }, { "type": "LineString", "coordinates": [ [ 28.9238033, 41.0159599 ], [ 28.9237575, 41.0157851 ] ] }, { "type": "LineString", "coordinates": [ [ 28.9238196, 41.0161516 ], [ 28.9237603, 41.0159725 ] ] }, { "type": "LineString", "coordinates": [ [ 28.9403747, 41.012803699999985 ], [ 28.9396283, 41.0131806 ] ] }, { "type": "LineString", "coordinates": [ [ 28.9352015, 41.0164108 ], [ 28.9353742, 41.0166828 ], [ 28.9356618, 41.0171485 ] ] }, { "type": "LineString", "coordinates": [ [ 28.9515276, 41.0155005 ], [ 28.9507563, 41.0159157 ] ] }, { "type": "LineString", "coordinates": [ [ 28.9529921, 41.0181329 ], [ 28.9523675, 41.0187392 ] ] }, { "type": "LineString", "coordinates": [ [ 28.9423451, 41.0136862 ], [ 28.9416718, 41.0139676 ] ] }, { "type": "LineString", "coordinates": [ [ 28.9416718, 41.0139676 ], [ 28.9408934, 41.0143133 ] ] }, { "type": "LineString", "coordinates": [ [ 28.9513492, 41.0110704 ], [ 28.951346, 41.0113133 ] ] }, { "type": "LineString", "coordinates": [ [ 28.951346, 41.0113133 ], [ 28.9513459, 41.0113229 ], [ 28.9513674, 41.0115668 ] ] }, { "type": "LineString", "coordinates": [ [ 28.9513674, 41.0115668 ], [ 28.9513366, 41.0118386 ] ] }, { "type": "LineString", "coordinates": [ [ 28.9519775, 41.0110483 ], [ 28.9519749, 41.0112809 ], [ 28.9519895, 41.0115155 ], [ 28.952008, 41.0116957 ] ] }, { "type": "LineString", "coordinates": [ [ 28.9814665, 41.0071801 ], [ 28.9807645, 41.0065085 ] ] }, { "type": "LineString", "coordinates": [ [ 28.9708804, 41.0074101 ], [ 28.9709515, 41.0082156 ] ] }, { "type": "LineString", "coordinates": [ [ 28.9744272, 41.0059117 ], [ 28.974699, 41.005762 ] ] }, { "type": "LineString", "coordinates": [ [ 28.9737936, 41.0062447 ], [ 28.9744272, 41.0059117 ] ] }, { "type": "LineString", "coordinates": [ [ 28.9760241, 41.0094729 ], [ 28.9755004, 41.009039899999983 ] ] }, { "type": "LineString", "coordinates": [ [ 28.9733927, 41.0064549 ], [ 28.9745392, 41.0075797 ] ] }, { "type": "LineString", "coordinates": [ [ 28.9725973, 41.003582499999986 ], [ 28.9723649, 41.0035818 ] ] }, { "type": "LineString", "coordinates": [ [ 28.9723649, 41.0035818 ], [ 28.9722362, 41.0036085 ], [ 28.9721184, 41.0036505 ], [ 28.9719859, 41.0037146 ] ] }, { "type": "LineString", "coordinates": [ [ 28.9719859, 41.0037146 ], [ 28.9716643, 41.0038734 ] ] }, { "type": "LineString", "coordinates": [ [ 28.9716643, 41.0038734 ], [ 28.9716443, 41.0039752 ] ] }, { "type": "LineString", "coordinates": [ [ 28.9716443, 41.0039752 ], [ 28.9716291, 41.00428560000001 ] ] }, { "type": "LineString", "coordinates": [ [ 28.9714579, 41.0044459 ], [ 28.9711774, 41.0046627 ] ] }, { "type": "LineString", "coordinates": [ [ 28.9711774, 41.0046627 ], [ 28.9709666, 41.0048165 ], [ 28.9703793, 41.0050397 ], [ 28.9701951, 41.0051057 ] ] }, { "type": "LineString", "coordinates": [ [ 28.9701951, 41.0051057 ], [ 28.9699808, 41.0051222 ], [ 28.9698589, 41.0051347 ], [ 28.9696884, 41.0051509 ] ] }, { "type": "LineString", "coordinates": [ [ 28.9689774, 41.0041138 ], [ 28.9687814, 41.00402540000001 ], [ 28.9685549, 41.0038994 ], [ 28.9685272, 41.0038692 ] ] }, { "type": "LineString", "coordinates": [ [ 28.9685272, 41.0038692 ], [ 28.968433, 41.0037667 ], [ 28.9683271, 41.003605 ], [ 28.9682796, 41.0035149 ] ] }, { "type": "LineString", "coordinates": [ [ 28.9682796, 41.0035149 ], [ 28.9681805, 41.0033267 ] ] }, { "type": "LineString", "coordinates": [ [ 28.9697311, 41.01737270000001 ], [ 28.9696863, 41.0173287 ], [ 28.9694253, 41.0170781 ] ] }, { "type": "LineString", "coordinates": [ [ 28.9689645, 41.0162893 ], [ 28.9693347, 41.0167427 ] ] }, { "type": "LineString", "coordinates": [ [ 28.9672148, 41.0172759 ], [ 28.9671769, 41.0171931 ], [ 28.9670801, 41.0169698 ] ] }, { "type": "LineString", "coordinates": [ [ 28.959375, 41.0072215 ], [ 28.9591209, 41.0073274 ] ] }, { "type": "LineString", "coordinates": [ [ 28.9591209, 41.0073274 ], [ 28.9589794, 41.0073683 ], [ 28.9587397, 41.0074225 ], [ 28.9586339, 41.007431899999986 ] ] }, { "type": "LineString", "coordinates": [ [ 28.9586339, 41.007431899999986 ], [ 28.958182, 41.0074723 ], [ 28.9581309, 41.0074769 ] ] }, { "type": "LineString", "coordinates": [ [ 28.9528194, 41.0245826 ], [ 28.9523679, 41.0247722 ] ] }, { "type": "LineString", "coordinates": [ [ 28.9541893, 41.008912299999977 ], [ 28.9541661, 41.0082295 ] ] }, { "type": "LineString", "coordinates": [ [ 28.9573504, 41.0095111 ], [ 28.9574065, 41.0094097 ], [ 28.957509, 41.0092064 ], [ 28.9576429, 41.0088234 ], [ 28.9576717, 41.0087498 ] ] }, { "type": "LineString", "coordinates": [ [ 28.9593377, 41.0087798 ], [ 28.9593416, 41.0092527 ], [ 28.9593525, 41.0094644 ], [ 28.9593539, 41.0095314 ] ] }, { "type": "LineString", "coordinates": [ [ 28.9522589, 41.012941800000014 ], [ 28.9520927, 41.0129631 ] ] }, { "type": "LineString", "coordinates": [ [ 28.9520927, 41.0129631 ], [ 28.9512814, 41.0131683 ], [ 28.9509989, 41.013235699999989 ] ] }, { "type": "LineString", "coordinates": [ [ 28.9538848, 41.0168924 ], [ 28.9538513, 41.0168569 ] ] }, { "type": "LineString", "coordinates": [ [ 28.9577232, 41.0259113 ], [ 28.9583932, 41.0262421 ] ] }, { "type": "LineString", "coordinates": [ [ 28.9575718, 41.0261014 ], [ 28.9577584, 41.0262278 ] ] }, { "type": "LineString", "coordinates": [ [ 28.95489, 41.0256452 ], [ 28.9548867, 41.0255677 ], [ 28.9548609, 41.0254315 ], [ 28.9548218, 41.025291 ], [ 28.9548168, 41.0252452 ], [ 28.9547963, 41.025195899999986 ], [ 28.9546868, 41.0251557 ] ] }, { "type": "LineString", "coordinates": [ [ 28.9509642, 41.0298009 ], [ 28.9510386, 41.029913 ], [ 28.9511291, 41.0300227 ] ] }, { "type": "LineString", "coordinates": [ [ 28.9536486, 41.0268613 ], [ 28.9533821, 41.0271482 ] ] }, { "type": "LineString", "coordinates": [ [ 28.9522384, 41.0265468 ], [ 28.9519405, 41.0268866 ] ] }, { "type": "LineString", "coordinates": [ [ 28.9501333, 41.0269363 ], [ 28.9498497, 41.02716130000001 ] ] }, { "type": "LineString", "coordinates": [ [ 28.9449014, 41.0301146 ], [ 28.9449759, 41.0300697 ], [ 28.945203, 41.0302961 ] ] }, { "type": "LineString", "coordinates": [ [ 28.9490861, 41.029745 ], [ 28.9491601, 41.0297331 ], [ 28.9491906, 41.0296479 ], [ 28.9490194, 41.029347 ] ] }, { "type": "LineString", "coordinates": [ [ 28.9480613, 41.0232167 ], [ 28.9474277, 41.0236786 ] ] }, { "type": "LineString", "coordinates": [ [ 28.9409816, 41.0256437 ], [ 28.9411961, 41.0258144 ] ] }, { "type": "LineString", "coordinates": [ [ 28.9409979, 41.0261775 ], [ 28.9410384, 41.0260494 ], [ 28.9410714, 41.0259838 ] ] }, { "type": "LineString", "coordinates": [ [ 28.9421081, 41.0193997 ], [ 28.942853, 41.0186608 ] ] }, { "type": "LineString", "coordinates": [ [ 28.942853, 41.0186608 ], [ 28.942999, 41.0185228 ] ] }, { "type": "LineString", "coordinates": [ [ 28.942999, 41.0185228 ], [ 28.9433565, 41.0181686 ] ] }, { "type": "LineString", "coordinates": [ [ 28.9433565, 41.0181686 ], [ 28.9438808, 41.0176203 ] ] }, { "type": "LineString", "coordinates": [ [ 28.9438353, 41.02038970000001 ], [ 28.9430126, 41.0211789 ] ] }, { "type": "LineString", "coordinates": [ [ 28.9467149, 41.0121955 ], [ 28.947041, 41.0119853 ], [ 28.9470477, 41.0119519 ], [ 28.9470359, 41.0119048 ] ] }, { "type": "LineString", "coordinates": [ [ 28.9442236, 41.0261131 ], [ 28.9436385, 41.026193899999988 ] ] }, { "type": "LineString", "coordinates": [ [ 28.9436385, 41.026193899999988 ], [ 28.9431009, 41.0262744 ] ] }, { "type": "LineString", "coordinates": [ [ 28.9431009, 41.0262744 ], [ 28.9427314, 41.0263279 ] ] }, { "type": "LineString", "coordinates": [ [ 28.9427314, 41.0263279 ], [ 28.9424137, 41.0263549 ] ] }, { "type": "LineString", "coordinates": [ [ 28.9424137, 41.0263549 ], [ 28.9420932, 41.0263603 ] ] }, { "type": "LineString", "coordinates": [ [ 28.9424245, 41.023515 ], [ 28.9425096, 41.0234915 ], [ 28.9424467, 41.023344 ] ] }, { "type": "LineString", "coordinates": [ [ 28.9456846, 41.0110306 ], [ 28.9453414, 41.0111359 ] ] }, { "type": "LineString", "coordinates": [ [ 28.9457921, 41.0129964 ], [ 28.9457132, 41.0128058 ] ] }, { "type": "LineString", "coordinates": [ [ 28.9489027, 41.008268 ], [ 28.9492841, 41.0082605 ] ] }, { "type": "LineString", "coordinates": [ [ 28.9492841, 41.0082605 ], [ 28.9493311, 41.0082588 ] ] }, { "type": "LineString", "coordinates": [ [ 28.9493311, 41.0082588 ], [ 28.9494588, 41.0082553 ], [ 28.9501701, 41.0082399 ] ] }, { "type": "LineString", "coordinates": [ [ 28.9456421, 41.0075983 ], [ 28.9455301, 41.0076506 ], [ 28.9453162, 41.0078541 ], [ 28.9451362, 41.0080434 ] ] }, { "type": "LineString", "coordinates": [ [ 28.9493138, 41.007577499999989 ], [ 28.9489818, 41.0075758 ] ] }, { "type": "LineString", "coordinates": [ [ 28.9486897, 41.0075729 ], [ 28.9481936, 41.0075638 ] ] }, { "type": "LineString", "coordinates": [ [ 28.9437162, 41.0041469 ], [ 28.9437856, 41.0041694 ], [ 28.9439036, 41.0042077 ] ] }, { "type": "LineString", "coordinates": [ [ 28.9437162, 41.0041469 ], [ 28.9434038, 41.0047047 ], [ 28.943082, 41.0050837 ] ] }, { "type": "LineString", "coordinates": [ [ 28.9383191, 41.0024778 ], [ 28.938501, 41.0025262 ] ] }, { "type": "LineString", "coordinates": [ [ 28.9327801, 41.0006035 ], [ 28.9329418, 41.0004322 ], [ 28.9330021, 41.0004697 ], [ 28.9331152, 41.0003531 ] ] }, { "type": "LineString", "coordinates": [ [ 28.9348463, 41.004102200000013 ], [ 28.9346357, 41.0040645 ] ] }, { "type": "LineString", "coordinates": [ [ 28.9346357, 41.0040645 ], [ 28.9344073, 41.0040152 ], [ 28.9343215, 41.0041933 ] ] }, { "type": "LineString", "coordinates": [ [ 28.937571, 41.0165309 ], [ 28.9382449, 41.0163091 ], [ 28.9384124, 41.0162918 ] ] }, { "type": "LineString", "coordinates": [ [ 28.9359343, 41.0224869 ], [ 28.9356632, 41.0223165 ] ] }, { "type": "LineString", "coordinates": [ [ 28.9384385, 41.022828 ], [ 28.938534, 41.022998399999985 ] ] }, { "type": "LineString", "coordinates": [ [ 28.936581, 41.0289619 ], [ 28.9361978, 41.0293104 ] ] }, { "type": "LineString", "coordinates": [ [ 28.931558580481131, 41.026310647749689 ], [ 28.9321034, 41.025932 ], [ 28.9318106, 41.025685099999983 ] ] }, { "type": "LineString", "coordinates": [ [ 28.9292789, 41.0223015 ], [ 28.9301796, 41.0226762 ] ] }, { "type": "LineString", "coordinates": [ [ 28.9321716, 41.018843899999986 ], [ 28.9318038, 41.0188327 ] ] }, { "type": "LineString", "coordinates": [ [ 28.9272162, 41.0216981 ], [ 28.9270359, 41.0213113 ] ] }, { "type": "LineString", "coordinates": [ [ 28.9281068, 41.0217592 ], [ 28.9280986, 41.0218446 ], [ 28.9280986, 41.0218665 ], [ 28.9280852, 41.0218986 ], [ 28.9280651, 41.0219289 ], [ 28.9280785, 41.0219525 ], [ 28.9281913, 41.0220447 ] ] }, { "type": "LineString", "coordinates": [ [ 28.9301401, 41.015214200000017 ], [ 28.9301306, 41.0150781 ], [ 28.9302268, 41.0148149 ], [ 28.930364, 41.014507399999985 ], [ 28.9304646, 41.014382 ] ] }, { "type": "LineString", "coordinates": [ [ 28.9304646, 41.014382 ], [ 28.9305656, 41.014268 ] ] }, { "type": "LineString", "coordinates": [ [ 28.9305656, 41.014268 ], [ 28.9306001, 41.0142244 ], [ 28.9307972, 41.0140077 ], [ 28.9309276, 41.0138678 ], [ 28.9309575, 41.0138311 ], [ 28.9310649, 41.0136994 ], [ 28.9312049, 41.0132945 ] ] }, { "type": "LineString", "coordinates": [ [ 28.9312049, 41.0132945 ], [ 28.9313277, 41.0128998 ], [ 28.9313827, 41.0126767 ], [ 28.9314156, 41.0124525 ], [ 28.9314354, 41.0124287 ] ] }, { "type": "LineString", "coordinates": [ [ 28.9274589, 40.997897399999985 ], [ 28.927266, 40.998028299999987 ] ] }, { "type": "LineString", "coordinates": [ [ 28.9286281, 40.9978192 ], [ 28.9283557, 40.9980361 ] ] }, { "type": "LineString", "coordinates": [ [ 28.9327617, 40.999237899999983 ], [ 28.9328291, 40.999173 ], [ 28.9329364, 40.9990697 ], [ 28.9329677, 40.999041 ], [ 28.9330552, 40.998961 ] ] }, { "type": "LineString", "coordinates": [ [ 28.9259274, 40.9969648 ], [ 28.9256308, 40.9969886 ], [ 28.9256152, 40.997050499999986 ] ] }, { "type": "LineString", "coordinates": [ [ 28.9293749, 40.9950799 ], [ 28.9295415, 40.9951749 ], [ 28.9300009, 40.9955534 ], [ 28.930037, 40.9955619 ], [ 28.9300844, 40.9955559 ] ] }, { "type": "LineString", "coordinates": [ [ 28.9286625, 41.0200866 ], [ 28.9285752, 41.0197721 ] ] }, { "type": "LineString", "coordinates": [ [ 28.9284622, 41.020115 ], [ 28.9285083, 41.0202573 ], [ 28.9285353, 41.0204061 ], [ 28.9285502, 41.020403 ], [ 28.9286044, 41.0203957 ], [ 28.9287435, 41.0203771 ] ] }, { "type": "LineString", "coordinates": [ [ 28.9705929, 41.0084393 ], [ 28.9705282, 41.007943099999984 ], [ 28.970414, 41.007401299999984 ] ] }, { "type": "LineString", "coordinates": [ [ 28.970414, 41.007401299999984 ], [ 28.9703471, 41.0070304 ] ] }, { "type": "LineString", "coordinates": [ [ 28.9703471, 41.0070304 ], [ 28.9702755, 41.0066097 ] ] }, { "type": "LineString", "coordinates": [ [ 28.9702384, 41.0063684 ], [ 28.9701759, 41.0060189 ] ] }, { "type": "LineString", "coordinates": [ [ 28.9701759, 41.0060189 ], [ 28.9701024, 41.0056188 ] ] }, { "type": "LineString", "coordinates": [ [ 28.9733529, 41.0163048 ], [ 28.9737196, 41.0165057 ], [ 28.9738135, 41.0165113 ], [ 28.9740545, 41.016397 ], [ 28.9746791, 41.0162479 ], [ 28.9748527, 41.0162579 ], [ 28.9755327, 41.0162973 ] ] }, { "type": "LineString", "coordinates": [ [ 28.9412411, 41.02743060000001 ], [ 28.9412597, 41.0270448 ], [ 28.9412435, 41.0269516 ] ] }, { "type": "LineString", "coordinates": [ [ 28.9611784, 41.0108022 ], [ 28.9612299, 41.0102032 ], [ 28.9612667, 41.0098265 ] ] }, { "type": "LineString", "coordinates": [ [ 28.9573541, 41.0115255 ], [ 28.9573043, 41.011537799999985 ], [ 28.9566359, 41.0115455 ] ] }, { "type": "LineString", "coordinates": [ [ 28.9566359, 41.0115455 ], [ 28.9558229, 41.0115588 ], [ 28.9556824, 41.011564499999984 ], [ 28.9555704, 41.0115737 ], [ 28.9555145, 41.01158310000001 ] ] }, { "type": "LineString", "coordinates": [ [ 28.9577276, 41.012892 ], [ 28.9576927, 41.0128504 ], [ 28.9574105, 41.0125136 ] ] }, { "type": "LineString", "coordinates": [ [ 28.9574105, 41.0125136 ], [ 28.9571143, 41.0121488 ] ] }, { "type": "LineString", "coordinates": [ [ 28.9571143, 41.0121488 ], [ 28.9570958, 41.012128 ] ] }, { "type": "LineString", "coordinates": [ [ 28.9570958, 41.012128 ], [ 28.9566904, 41.0116156 ], [ 28.9566512, 41.0115703 ], [ 28.9566359, 41.0115455 ] ] }, { "type": "LineString", "coordinates": [ [ 28.9570958, 41.012128 ], [ 28.9573153, 41.012012799999987 ] ] }, { "type": "LineString", "coordinates": [ [ 28.9573153, 41.012012799999987 ], [ 28.9573496, 41.0115814 ], [ 28.9573541, 41.0115255 ] ] }, { "type": "LineString", "coordinates": [ [ 28.9573351, 41.0111907 ], [ 28.9572485, 41.0111863 ], [ 28.9555341, 41.0110721 ], [ 28.9554429, 41.011066 ] ] }, { "type": "LineString", "coordinates": [ [ 28.9539513, 41.0114121 ], [ 28.9544811, 41.0112924 ] ] }, { "type": "LineString", "coordinates": [ [ 28.9544811, 41.0112924 ], [ 28.9553407, 41.011087 ] ] }, { "type": "LineString", "coordinates": [ [ 28.9547874, 41.0124922 ], [ 28.9549539, 41.0122557 ], [ 28.9551387, 41.012015299999987 ] ] }, { "type": "LineString", "coordinates": [ [ 28.9544597, 41.0116632 ], [ 28.9544811, 41.0112924 ] ] }, { "type": "LineString", "coordinates": [ [ 28.9544811, 41.0112924 ], [ 28.9544842, 41.010824799999988 ] ] }, { "type": "LineString", "coordinates": [ [ 28.9544842, 41.010824799999988 ], [ 28.9545123, 41.0102644 ] ] }, { "type": "LineString", "coordinates": [ [ 28.9545123, 41.0102644 ], [ 28.9545184, 41.0097548 ], [ 28.954521, 41.0096944 ] ] }, { "type": "LineString", "coordinates": [ [ 28.9561634, 41.0107647 ], [ 28.9559057, 41.0107133 ] ] }, { "type": "LineString", "coordinates": [ [ 28.9559057, 41.0107133 ], [ 28.9555752, 41.0106474 ], [ 28.9555079, 41.0106439 ], [ 28.95544, 41.0106445 ] ] }, { "type": "LineString", "coordinates": [ [ 28.9540802, 41.0097673 ], [ 28.9540532, 41.01017 ], [ 28.9540395, 41.0103132 ], [ 28.9540294, 41.010404200000011 ], [ 28.9539794, 41.0108944 ], [ 28.9539746, 41.0109415 ] ] }, { "type": "LineString", "coordinates": [ [ 28.9539746, 41.0109415 ], [ 28.9539513, 41.0114121 ] ] }, { "type": "LineString", "coordinates": [ [ 28.9539513, 41.0114121 ], [ 28.9539274, 41.0118356 ] ] }, { "type": "LineString", "coordinates": [ [ 28.9539274, 41.0118356 ], [ 28.9539206, 41.0119075 ] ] }, { "type": "LineString", "coordinates": [ [ 28.9545123, 41.0102644 ], [ 28.9553364, 41.0102715 ] ] }, { "type": "LineString", "coordinates": [ [ 28.9583444, 41.0103249 ], [ 28.9592846, 41.0103596 ] ] }, { "type": "LineString", "coordinates": [ [ 28.9277891, 41.0023256 ], [ 28.9280023, 41.001983 ] ] }, { "type": "LineString", "coordinates": [ [ 28.9280023, 41.001983 ], [ 28.92817, 41.001982 ], [ 28.9286021, 41.0020945 ], [ 28.9289253, 41.0021249 ], [ 28.929317, 41.0020884 ] ] }, { "type": "LineString", "coordinates": [ [ 28.929317, 41.0020884 ], [ 28.9300204, 41.0019692 ] ] }, { "type": "LineString", "coordinates": [ [ 28.9355422, 41.0065344 ], [ 28.9357354, 41.0059116 ] ] }, { "type": "LineString", "coordinates": [ [ 28.9357354, 41.0059116 ], [ 28.9358964, 41.005661699999983 ] ] }, { "type": "LineString", "coordinates": [ [ 28.9358964, 41.005661699999983 ], [ 28.9360142, 41.005509199999985 ] ] }, { "type": "LineString", "coordinates": [ [ 28.9444587, 41.0333493 ], [ 28.944743, 41.03335950000001 ] ] }, { "type": "LineString", "coordinates": [ [ 28.9460827, 41.0328636 ], [ 28.9463362, 41.0332421 ] ] }, { "type": "LineString", "coordinates": [ [ 28.9463362, 41.0332421 ], [ 28.9464311, 41.0333919 ], [ 28.9464709, 41.03349 ], [ 28.9464663, 41.0337711 ], [ 28.9464156, 41.034096 ], [ 28.9464144, 41.034133 ] ] }, { "type": "LineString", "coordinates": [ [ 28.9464144, 41.034133 ], [ 28.9464109, 41.0342464 ] ] }, { "type": "LineString", "coordinates": [ [ 28.9464109, 41.0342464 ], [ 28.9462884, 41.0347709 ] ] }, { "type": "LineString", "coordinates": [ [ 28.9502584, 41.0253002 ], [ 28.9497409, 41.0250236 ] ] }, { "type": "LineString", "coordinates": [ [ 28.9535551, 41.0199046 ], [ 28.9533535, 41.0200015 ] ] }, { "type": "LineString", "coordinates": [ [ 28.9533535, 41.0200015 ], [ 28.9528241, 41.0203524 ] ] }, { "type": "LineString", "coordinates": [ [ 28.9528241, 41.0203524 ], [ 28.9522994, 41.0206913 ] ] }, { "type": "LineString", "coordinates": [ [ 28.9522994, 41.0206913 ], [ 28.9519685, 41.0208892 ], [ 28.9518569, 41.02096550000001 ] ] }, { "type": "LineString", "coordinates": [ [ 28.9518569, 41.02096550000001 ], [ 28.9516802, 41.0211037 ], [ 28.9514787, 41.0213182 ] ] }, { "type": "LineString", "coordinates": [ [ 28.9514787, 41.0213182 ], [ 28.9510972, 41.0217422 ] ] }, { "type": "LineString", "coordinates": [ [ 28.9510972, 41.0217422 ], [ 28.9506625, 41.0221039 ] ] }, { "type": "LineString", "coordinates": [ [ 28.955739, 41.0209353 ], [ 28.9558544, 41.021283199999985 ], [ 28.9559034, 41.0216065 ], [ 28.9558719, 41.0216151 ], [ 28.9559069, 41.021769 ] ] }, { "type": "LineString", "coordinates": [ [ 28.9559069, 41.021769 ], [ 28.9559685, 41.0220488 ] ] }, { "type": "LineString", "coordinates": [ [ 28.9559685, 41.0220488 ], [ 28.9560401, 41.0223694 ] ] }, { "type": "LineString", "coordinates": [ [ 28.9560401, 41.0223694 ], [ 28.9560903, 41.0226389 ] ] }, { "type": "LineString", "coordinates": [ [ 28.9549156, 41.0187211 ], [ 28.9549983, 41.0188395 ] ] }, { "type": "LineString", "coordinates": [ [ 28.9533919, 41.0171744 ], [ 28.9523252, 41.0177618 ] ] }, { "type": "LineString", "coordinates": [ [ 28.953378, 41.0171603 ], [ 28.9533919, 41.0171744 ] ] }, { "type": "LineString", "coordinates": [ [ 28.9533919, 41.0171744 ], [ 28.9535727, 41.0173583 ], [ 28.9535988, 41.0173835 ] ] }, { "type": "LineString", "coordinates": [ [ 28.9535988, 41.0173835 ], [ 28.9538261, 41.017603 ] ] }, { "type": "LineString", "coordinates": [ [ 28.9361375, 41.026519 ], [ 28.9360599, 41.0258998 ] ] }, { "type": "LineString", "coordinates": [ [ 28.9360599, 41.0258998 ], [ 28.9360504, 41.0256043 ] ] }, { "type": "LineString", "coordinates": [ [ 28.9360504, 41.0256043 ], [ 28.9360442, 41.0253558 ] ] }, { "type": "LineString", "coordinates": [ [ 28.9360442, 41.0253558 ], [ 28.9360115, 41.0249848 ] ] }, { "type": "LineString", "coordinates": [ [ 28.9351244, 41.02652710000001 ], [ 28.9348295, 41.0265398 ], [ 28.9344328, 41.0265867 ] ] }, { "type": "LineString", "coordinates": [ [ 28.9344328, 41.0265867 ], [ 28.9342716, 41.0266197 ], [ 28.9339778, 41.0266951 ], [ 28.933873, 41.026726 ] ] }, { "type": "LineString", "coordinates": [ [ 28.933873, 41.026726 ], [ 28.9334911, 41.026836199999984 ], [ 28.9332643, 41.0269384 ] ] }, { "type": "LineString", "coordinates": [ [ 28.9534929, 41.0050616 ], [ 28.953495919469066, 41.00506096779911 ] ] }, { "type": "LineString", "coordinates": [ [ 28.953495919469066, 41.00506096779911 ], [ 28.9535249, 41.0050549 ] ] }, { "type": "LineString", "coordinates": [ [ 28.9536394, 41.0050686 ], [ 28.953646413583289, 41.005071793578253 ] ] }, { "type": "LineString", "coordinates": [ [ 28.953646413583289, 41.005071793578253 ], [ 28.9536965, 41.0050946 ] ] }, { "type": "LineString", "coordinates": [ [ 28.9730434, 41.0173045 ], [ 28.973120253778667, 41.017285069564046 ] ] }, { "type": "LineString", "coordinates": [ [ 28.973120253778667, 41.017285069564046 ], [ 28.9731585, 41.0172754 ] ] }, { "type": "LineString", "coordinates": [ [ 28.9731231, 41.0167012 ], [ 28.9732534, 41.0164739 ], [ 28.9733529, 41.0163048 ] ] }, { "type": "LineString", "coordinates": [ [ 28.9741832, 41.0086425 ], [ 28.9734961, 41.0086778 ] ] }, { "type": "LineString", "coordinates": [ [ 28.973904, 41.0102824 ], [ 28.9742002, 41.010309499999984 ] ] }, { "type": "LineString", "coordinates": [ [ 28.9643101, 41.0050366 ], [ 28.9643278, 41.0050735 ], [ 28.9643675, 41.0051561 ], [ 28.96452, 41.0054647 ] ] }, { "type": "LineString", "coordinates": [ [ 28.96452, 41.0054647 ], [ 28.9646633, 41.00582 ] ] }, { "type": "LineString", "coordinates": [ [ 28.9646633, 41.00582 ], [ 28.9648441, 41.006177 ] ] }, { "type": "LineString", "coordinates": [ [ 28.9648441, 41.006177 ], [ 28.9649119, 41.0063255 ] ] }, { "type": "LineString", "coordinates": [ [ 28.9649119, 41.0063255 ], [ 28.9652751, 41.0071174 ] ] }, { "type": "LineString", "coordinates": [ [ 28.9652751, 41.0071174 ], [ 28.9653924, 41.0073935 ] ] }, { "type": "LineString", "coordinates": [ [ 28.9639275, 41.0077494 ], [ 28.9638334, 41.007341299999986 ] ] }, { "type": "LineString", "coordinates": [ [ 28.9638334, 41.007341299999986 ], [ 28.9637563, 41.0070066 ] ] }, { "type": "LineString", "coordinates": [ [ 28.9637563, 41.0070066 ], [ 28.9637404, 41.0066107 ] ] }, { "type": "LineString", "coordinates": [ [ 28.9617915, 41.0057745 ], [ 28.9620537, 41.0062391 ] ] }, { "type": "LineString", "coordinates": [ [ 28.9620537, 41.0062391 ], [ 28.9620965, 41.0063189 ] ] }, { "type": "LineString", "coordinates": [ [ 28.9620965, 41.0063189 ], [ 28.9622075, 41.0065382 ] ] }, { "type": "LineString", "coordinates": [ [ 28.9622075, 41.0065382 ], [ 28.962231, 41.006581399999988 ] ] }, { "type": "LineString", "coordinates": [ [ 28.962231, 41.006581399999988 ], [ 28.9622414, 41.006600400000011 ] ] }, { "type": "LineString", "coordinates": [ [ 28.9674752, 41.008763 ], [ 28.9674376, 41.0084084 ] ] }, { "type": "LineString", "coordinates": [ [ 28.9674376, 41.0084084 ], [ 28.9673928, 41.0082463 ] ] }, { "type": "LineString", "coordinates": [ [ 28.9673928, 41.0082463 ], [ 28.9672765, 41.0078254 ] ] }, { "type": "LineString", "coordinates": [ [ 28.962633, 41.0047417 ], [ 28.962, 41.005043399999984 ] ] }, { "type": "LineString", "coordinates": [ [ 28.962, 41.005043399999984 ], [ 28.9614776, 41.0052124 ] ] }, { "type": "LineString", "coordinates": [ [ 28.9614776, 41.0052124 ], [ 28.9614433, 41.0052224 ] ] }, { "type": "LineString", "coordinates": [ [ 28.9614433, 41.0052224 ], [ 28.9610809, 41.0053537 ], [ 28.9606599, 41.0054513 ] ] }, { "type": "LineString", "coordinates": [ [ 28.9606599, 41.0054513 ], [ 28.9605915, 41.0054611 ], [ 28.9601981, 41.0055134 ] ] }, { "type": "LineString", "coordinates": [ [ 28.9601981, 41.0055134 ], [ 28.9596587, 41.00553570000001 ] ] }, { "type": "LineString", "coordinates": [ [ 28.9596587, 41.00553570000001 ], [ 28.9588114, 41.005564 ] ] }, { "type": "LineString", "coordinates": [ [ 28.9588114, 41.005564 ], [ 28.9587795, 41.0055661 ] ] }, { "type": "LineString", "coordinates": [ [ 28.9587795, 41.0055661 ], [ 28.9582278, 41.0055929 ] ] }, { "type": "LineString", "coordinates": [ [ 28.9582278, 41.0055929 ], [ 28.9578418, 41.0056103 ], [ 28.9574098, 41.0056432 ] ] }, { "type": "LineString", "coordinates": [ [ 28.9688574, 41.0070916 ], [ 28.9689961, 41.0074316 ] ] }, { "type": "LineString", "coordinates": [ [ 28.9689961, 41.0074316 ], [ 28.9692131, 41.008012899999983 ] ] }, { "type": "LineString", "coordinates": [ [ 28.9692131, 41.008012899999983 ], [ 28.9693989, 41.0085386 ] ] }, { "type": "LineString", "coordinates": [ [ 28.9678101, 41.0048346 ], [ 28.9678435, 41.0052006 ] ] }, { "type": "LineString", "coordinates": [ [ 28.969044, 41.00551990000001 ], [ 28.9687743, 41.0055163 ], [ 28.9683106, 41.0055298 ], [ 28.9682538, 41.0055331 ], [ 28.9678753, 41.0055469 ] ] }, { "type": "LineString", "coordinates": [ [ 28.9678753, 41.0055469 ], [ 28.967354, 41.005589 ] ] }, { "type": "LineString", "coordinates": [ [ 28.9708804, 41.0074101 ], [ 28.9708525, 41.0070126 ] ] }, { "type": "LineString", "coordinates": [ [ 28.9657029, 41.0080518 ], [ 28.966179, 41.0079593 ], [ 28.9664062, 41.0079184 ] ] }, { "type": "LineString", "coordinates": [ [ 28.9664062, 41.0079184 ], [ 28.9666888, 41.0078659 ], [ 28.9668897, 41.0078327 ], [ 28.966982, 41.0078283 ] ] }, { "type": "LineString", "coordinates": [ [ 28.966982, 41.0078283 ], [ 28.9672765, 41.0078254 ] ] }, { "type": "LineString", "coordinates": [ [ 28.9562845, 41.008186 ], [ 28.9571352, 41.0081753 ] ] }, { "type": "LineString", "coordinates": [ [ 28.9571352, 41.0081753 ], [ 28.9578668, 41.0081661 ] ] }, { "type": "LineString", "coordinates": [ [ 28.9572331, 41.0051854 ], [ 28.9574098, 41.0056432 ] ] }, { "type": "LineString", "coordinates": [ [ 28.9574098, 41.0056432 ], [ 28.9576114, 41.0060727 ], [ 28.9577422, 41.0063624 ] ] }, { "type": "LineString", "coordinates": [ [ 28.9562986, 41.0084959 ], [ 28.9562878, 41.0082551 ], [ 28.9562845, 41.008186 ] ] }, { "type": "LineString", "coordinates": [ [ 28.9546269, 41.008222799999984 ], [ 28.9545199, 41.0082244 ], [ 28.9541661, 41.0082295 ] ] }, { "type": "LineString", "coordinates": [ [ 28.9541661, 41.0082295 ], [ 28.9537485, 41.0082356 ], [ 28.9535921, 41.0082379 ] ] }, { "type": "LineString", "coordinates": [ [ 28.9611171, 41.006805199999988 ], [ 28.9610152, 41.006827899999983 ], [ 28.9609025, 41.0068461 ], [ 28.9605968, 41.0068582 ] ] }, { "type": "LineString", "coordinates": [ [ 28.9605968, 41.0068582 ], [ 28.9603366, 41.0068683 ] ] }, { "type": "LineString", "coordinates": [ [ 28.9603366, 41.0068683 ], [ 28.9602052, 41.0069108 ], [ 28.9600487, 41.0069747 ] ] }, { "type": "LineString", "coordinates": [ [ 28.9600487, 41.0069747 ], [ 28.9596788, 41.007105 ] ] }, { "type": "LineString", "coordinates": [ [ 28.9596788, 41.007105 ], [ 28.959375, 41.0072215 ] ] }, { "type": "LineString", "coordinates": [ [ 28.9499029, 41.0300622 ], [ 28.9501818, 41.0298754 ] ] }, { "type": "LineString", "coordinates": [ [ 28.9501818, 41.0298754 ], [ 28.9504651, 41.0297251 ] ] }, { "type": "LineString", "coordinates": [ [ 28.9504651, 41.0297251 ], [ 28.9508623, 41.029494299999989 ] ] }, { "type": "LineString", "coordinates": [ [ 28.968885, 41.005736 ], [ 28.9688764, 41.0058396 ], [ 28.9689045, 41.0059952 ] ] }, { "type": "LineString", "coordinates": [ [ 28.9693493, 41.0062583 ], [ 28.9696786, 41.0063999 ] ] }, { "type": "LineString", "coordinates": [ [ 28.9696786, 41.0063999 ], [ 28.9702755, 41.0066097 ] ] }, { "type": "LineString", "coordinates": [ [ 28.9707396, 41.0067676 ], [ 28.9710675, 41.0068842 ], [ 28.9713445, 41.0069847 ] ] }, { "type": "LineString", "coordinates": [ [ 28.9733927, 41.0064549 ], [ 28.9737936, 41.0062447 ] ] }, { "type": "LineString", "coordinates": [ [ 28.9744417, 41.008106799999986 ], [ 28.9742493, 41.007602099999986 ] ] }, { "type": "LineString", "coordinates": [ [ 28.9742493, 41.007602099999986 ], [ 28.9741142, 41.0074004 ], [ 28.9739887, 41.0072387 ] ] }, { "type": "LineString", "coordinates": [ [ 28.9739887, 41.0072387 ], [ 28.9738212, 41.006992 ], [ 28.9737866, 41.0069697 ] ] }, { "type": "LineString", "coordinates": [ [ 28.9742493, 41.007602099999986 ], [ 28.9733855, 41.0077204 ] ] }, { "type": "LineString", "coordinates": [ [ 28.9707521, 41.007017 ], [ 28.9703471, 41.0070304 ] ] }, { "type": "LineString", "coordinates": [ [ 28.9703471, 41.0070304 ], [ 28.9697408, 41.007054 ] ] }, { "type": "LineString", "coordinates": [ [ 28.9697408, 41.007054 ], [ 28.9691224, 41.0070815 ] ] }, { "type": "LineString", "coordinates": [ [ 28.9691224, 41.0070815 ], [ 28.9688574, 41.0070916 ] ] }, { "type": "LineString", "coordinates": [ [ 28.9688574, 41.0070916 ], [ 28.9683904, 41.0071122 ] ] }, { "type": "LineString", "coordinates": [ [ 28.9683904, 41.0071122 ], [ 28.9679383, 41.0072566 ] ] }, { "type": "LineString", "coordinates": [ [ 28.9679383, 41.0072566 ], [ 28.9678155, 41.0073008 ] ] }, { "type": "LineString", "coordinates": [ [ 28.9678155, 41.0073008 ], [ 28.9676384, 41.0073691 ] ] }, { "type": "LineString", "coordinates": [ [ 28.9676384, 41.0073691 ], [ 28.9671846, 41.007539199999989 ] ] }, { "type": "LineString", "coordinates": [ [ 28.9672765, 41.0078254 ], [ 28.9674394, 41.0077905 ] ] }, { "type": "LineString", "coordinates": [ [ 28.9674394, 41.0077905 ], [ 28.9676582, 41.0077428 ] ] }, { "type": "LineString", "coordinates": [ [ 28.9676582, 41.0077428 ], [ 28.9680638, 41.007642 ] ] }, { "type": "LineString", "coordinates": [ [ 28.9680638, 41.007642 ], [ 28.9685584, 41.0075199 ], [ 28.9689961, 41.0074316 ] ] }, { "type": "LineString", "coordinates": [ [ 28.9689961, 41.0074316 ], [ 28.9694292, 41.0074142 ], [ 28.9697692, 41.00741210000001 ] ] }, { "type": "LineString", "coordinates": [ [ 28.9697692, 41.00741210000001 ], [ 28.970414, 41.007401299999984 ] ] }, { "type": "LineString", "coordinates": [ [ 28.970414, 41.007401299999984 ], [ 28.9708804, 41.0074101 ] ] }, { "type": "LineString", "coordinates": [ [ 28.9708804, 41.0074101 ], [ 28.9718899, 41.0074068 ] ] }, { "type": "LineString", "coordinates": [ [ 28.972239, 41.0071763 ], [ 28.9723575, 41.0082831 ] ] }, { "type": "LineString", "coordinates": [ [ 28.9732273, 41.0070517 ], [ 28.9721407, 41.0071326 ] ] }, { "type": "LineString", "coordinates": [ [ 28.9693493, 41.0062583 ], [ 28.9692458, 41.0066373 ] ] }, { "type": "LineString", "coordinates": [ [ 28.9692458, 41.0066373 ], [ 28.9691224, 41.0070815 ] ] }, { "type": "LineString", "coordinates": [ [ 28.9666152, 41.0049132 ], [ 28.9670357, 41.0048042 ] ] }, { "type": "LineString", "coordinates": [ [ 28.9652751, 41.0071174 ], [ 28.9653155, 41.00711 ], [ 28.9658058, 41.006990599999988 ] ] }, { "type": "LineString", "coordinates": [ [ 28.9658058, 41.006990599999988 ], [ 28.9664195, 41.0068392 ] ] }, { "type": "LineString", "coordinates": [ [ 28.9669562, 41.0064799 ], [ 28.9674606, 41.0063779 ] ] }, { "type": "LineString", "coordinates": [ [ 28.9653761, 41.0052221 ], [ 28.9654066, 41.0052144 ], [ 28.96607, 41.0050467 ], [ 28.9666152, 41.0049132 ] ] }, { "type": "LineString", "coordinates": [ [ 28.9671846, 41.007539199999989 ], [ 28.9668401, 41.007492699999986 ] ] }, { "type": "LineString", "coordinates": [ [ 28.9668401, 41.007492699999986 ], [ 28.9667771, 41.0074622 ] ] }, { "type": "LineString", "coordinates": [ [ 28.9649145, 41.008663599999984 ], [ 28.9650249, 41.0087446 ], [ 28.9651715, 41.0088225 ], [ 28.9652764, 41.0088337 ], [ 28.9653924, 41.008816 ], [ 28.9654936, 41.00878980000001 ] ] }, { "type": "LineString", "coordinates": [ [ 28.9654936, 41.00878980000001 ], [ 28.9658877, 41.0086356 ], [ 28.9659596, 41.008614 ] ] }, { "type": "LineString", "coordinates": [ [ 28.9667761, 41.0056654 ], [ 28.9658624, 41.0059925 ] ] }, { "type": "LineString", "coordinates": [ [ 28.9653761, 41.0052221 ], [ 28.965098, 41.0052917 ] ] }, { "type": "LineString", "coordinates": [ [ 28.965098, 41.0052917 ], [ 28.9645592, 41.005453799999984 ], [ 28.96452, 41.0054647 ] ] }, { "type": "LineString", "coordinates": [ [ 28.9666881, 41.0052572 ], [ 28.9656355, 41.0055802 ], [ 28.9656223, 41.00558430000001 ] ] }, { "type": "LineString", "coordinates": [ [ 28.9707835, 41.0063937 ], [ 28.9707901, 41.0063332 ] ] }, { "type": "LineString", "coordinates": [ [ 28.9707901, 41.0063332 ], [ 28.9707894, 41.0062497 ], [ 28.9707869, 41.0061617 ], [ 28.9707873, 41.0061326 ], [ 28.9707736, 41.0061015 ], [ 28.9707136, 41.0060526 ] ] }, { "type": "LineString", "coordinates": [ [ 28.9707136, 41.0060526 ], [ 28.97064, 41.005936 ] ] }, { "type": "LineString", "coordinates": [ [ 28.97064, 41.005936 ], [ 28.970486, 41.00565610000001 ] ] }, { "type": "LineString", "coordinates": [ [ 28.970486, 41.00565610000001 ], [ 28.9704427, 41.005569 ] ] }, { "type": "LineString", "coordinates": [ [ 28.9704427, 41.005569 ], [ 28.9703141, 41.0053358 ] ] }, { "type": "LineString", "coordinates": [ [ 28.9703141, 41.0053358 ], [ 28.9702643, 41.0052238 ] ] }, { "type": "LineString", "coordinates": [ [ 28.9702643, 41.0052238 ], [ 28.9701951, 41.0051057 ] ] }, { "type": "LineString", "coordinates": [ [ 28.9722349, 41.0062264 ], [ 28.9715854, 41.0067604 ] ] }, { "type": "LineString", "coordinates": [ [ 28.9715854, 41.0067604 ], [ 28.9713445, 41.0069847 ] ] }, { "type": "LineString", "coordinates": [ [ 28.9715765, 41.0057149 ], [ 28.9718706, 41.0059752 ] ] }, { "type": "LineString", "coordinates": [ [ 28.9718706, 41.0059752 ], [ 28.9722349, 41.0062264 ] ] }, { "type": "LineString", "coordinates": [ [ 28.9722349, 41.0062264 ], [ 28.9727116, 41.0065349 ] ] }, { "type": "LineString", "coordinates": [ [ 28.972124, 41.005172 ], [ 28.9722893, 41.0051094 ], [ 28.9725531, 41.0050224 ] ] }, { "type": "LineString", "coordinates": [ [ 28.9735492, 41.0046252 ], [ 28.9738459, 41.004919499999986 ] ] }, { "type": "LineString", "coordinates": [ [ 28.9738459, 41.004919499999986 ], [ 28.9742629, 41.0053053 ], [ 28.9742823, 41.0053232 ] ] }, { "type": "LineString", "coordinates": [ [ 28.9674606, 41.0063779 ], [ 28.9680029, 41.0062707 ] ] }, { "type": "LineString", "coordinates": [ [ 28.9680029, 41.0062707 ], [ 28.9683988, 41.0061729 ], [ 28.9687743, 41.0060968 ], [ 28.9690413, 41.0061045 ] ] }, { "type": "LineString", "coordinates": [ [ 28.9673546, 41.0047704 ], [ 28.9678292, 41.004697 ] ] }, { "type": "LineString", "coordinates": [ [ 28.9678292, 41.004697 ], [ 28.9679935, 41.0046698 ] ] }, { "type": "LineString", "coordinates": [ [ 28.9679935, 41.0046698 ], [ 28.9682509, 41.0046273 ], [ 28.9688909, 41.0041541 ] ] }, { "type": "LineString", "coordinates": [ [ 28.9706666, 41.0034004 ], [ 28.9709413, 41.0037838 ] ] }, { "type": "LineString", "coordinates": [ [ 28.9709413, 41.0037838 ], [ 28.971099, 41.0040687 ] ] }, { "type": "LineString", "coordinates": [ [ 28.971099, 41.0040687 ], [ 28.9712693, 41.0042746 ], [ 28.9714579, 41.0044459 ] ] }, { "type": "LineString", "coordinates": [ [ 28.9752991, 41.0086305 ], [ 28.9751041, 41.0084967 ] ] }, { "type": "LineString", "coordinates": [ [ 28.9751041, 41.0084967 ], [ 28.9744477, 41.008554599999989 ] ] }, { "type": "LineString", "coordinates": [ [ 28.9754717, 41.0083264 ], [ 28.9753093, 41.0084798 ], [ 28.9752991, 41.0086305 ] ] }, { "type": "LineString", "coordinates": [ [ 28.9744477, 41.008554599999989 ], [ 28.9744873, 41.0087531 ] ] }, { "type": "LineString", "coordinates": [ [ 28.9795454, 41.0036623 ], [ 28.9801069, 41.0039537 ], [ 28.9802234, 41.0040301 ] ] }, { "type": "LineString", "coordinates": [ [ 28.9802234, 41.0040301 ], [ 28.9802954, 41.0040891 ], [ 28.9805769, 41.0044011 ], [ 28.9806919, 41.0045229 ] ] }, { "type": "LineString", "coordinates": [ [ 28.980285, 41.006101299999976 ], [ 28.9807645, 41.0065085 ] ] }, { "type": "LineString", "coordinates": [ [ 28.9696905, 41.0097096 ], [ 28.9696042, 41.0095977 ], [ 28.9695389, 41.0092701 ] ] }, { "type": "LineString", "coordinates": [ [ 28.9695389, 41.0092701 ], [ 28.9694966, 41.0090046 ] ] }, { "type": "LineString", "coordinates": [ [ 28.9694966, 41.0090046 ], [ 28.9694267, 41.00865610000001 ] ] }, { "type": "LineString", "coordinates": [ [ 28.9674435, 41.0098733 ], [ 28.9674445, 41.0097984 ], [ 28.9674451, 41.0097579 ], [ 28.9674405, 41.009646600000011 ], [ 28.9674052, 41.0094351 ], [ 28.9673869, 41.009325 ], [ 28.9673829, 41.009297499999988 ] ] }, { "type": "LineString", "coordinates": [ [ 28.9555522, 41.0131254 ], [ 28.9554035, 41.0129911 ], [ 28.9553507, 41.0129308 ], [ 28.9552023, 41.0127911 ], [ 28.955134, 41.0127509 ], [ 28.9549601, 41.0126744 ], [ 28.9549008, 41.0126549 ], [ 28.9548594, 41.0126531 ] ] }, { "type": "LineString", "coordinates": [ [ 28.9556769, 41.004942 ], [ 28.9550686, 41.005049 ], [ 28.9546801, 41.0051061 ], [ 28.954463, 41.0051365 ], [ 28.9543783, 41.0051384 ], [ 28.9541836, 41.005117199999987 ], [ 28.9539875, 41.0050775 ], [ 28.9538348, 41.0050474 ] ] }, { "type": "LineString", "coordinates": [ [ 28.9711823, 41.0093238 ], [ 28.9712218, 41.0091773 ] ] }, { "type": "LineString", "coordinates": [ [ 28.9699951, 41.0096253 ], [ 28.9702715, 41.0095249 ] ] }, { "type": "LineString", "coordinates": [ [ 28.9702715, 41.0095249 ], [ 28.9707505, 41.0093538 ] ] }, { "type": "LineString", "coordinates": [ [ 28.9699951, 41.0096253 ], [ 28.9699892, 41.0099053 ] ] }, { "type": "LineString", "coordinates": [ [ 28.9698826, 41.010354 ], [ 28.9697871, 41.010610299999989 ], [ 28.9697768, 41.0106356 ] ] }, { "type": "LineString", "coordinates": [ [ 28.9799819, 41.0053456 ], [ 28.9803598, 41.0050957 ] ] }, { "type": "LineString", "coordinates": [ [ 28.9803598, 41.0050957 ], [ 28.9804666, 41.0050255 ], [ 28.9808042, 41.0047875 ] ] }, { "type": "LineString", "coordinates": [ [ 28.9807645, 41.0065085 ], [ 28.9811167, 41.0062559 ] ] }, { "type": "LineString", "coordinates": [ [ 28.971151, 41.010464099999986 ], [ 28.9711306, 41.0105602 ], [ 28.9710557, 41.0107754 ], [ 28.970957, 41.0108431 ], [ 28.9709475, 41.0108538 ] ] }, { "type": "LineString", "coordinates": [ [ 28.9709475, 41.0108538 ], [ 28.9708912, 41.0109173 ], [ 28.9708545, 41.0109936 ] ] }, { "type": "LineString", "coordinates": [ [ 28.9708545, 41.0109936 ], [ 28.9706832, 41.0113504 ], [ 28.9705975, 41.0116034 ] ] }, { "type": "LineString", "coordinates": [ [ 28.9531624, 41.0112527 ], [ 28.953113, 41.0112476 ], [ 28.9530079, 41.0112746 ], [ 28.9528079, 41.0113698 ] ] }, { "type": "LineString", "coordinates": [ [ 28.9528079, 41.0113698 ], [ 28.9526058, 41.0114606 ] ] }, { "type": "LineString", "coordinates": [ [ 28.9526058, 41.0114606 ], [ 28.9524901, 41.0115125 ], [ 28.9523296, 41.0115846 ] ] }, { "type": "LineString", "coordinates": [ [ 28.9523296, 41.0115846 ], [ 28.952008, 41.0116957 ] ] }, { "type": "LineString", "coordinates": [ [ 28.952008, 41.0116957 ], [ 28.9517795, 41.0117671 ] ] }, { "type": "LineString", "coordinates": [ [ 28.9517795, 41.0117671 ], [ 28.9517195, 41.011776800000014 ] ] }, { "type": "LineString", "coordinates": [ [ 28.9517195, 41.011776800000014 ], [ 28.9513366, 41.0118386 ] ] }, { "type": "LineString", "coordinates": [ [ 28.9513366, 41.0118386 ], [ 28.9508523, 41.0118747 ] ] }, { "type": "LineString", "coordinates": [ [ 28.9745254, 41.0145137 ], [ 28.9743734, 41.0155632 ] ] }, { "type": "LineString", "coordinates": [ [ 28.9790595, 41.0147884 ], [ 28.9790721, 41.0138711 ] ] }, { "type": "LineString", "coordinates": [ [ 28.9786975, 41.013106299999976 ], [ 28.9782871, 41.0136785 ] ] }, { "type": "LineString", "coordinates": [ [ 28.9782871, 41.0136785 ], [ 28.9782872, 41.0140195 ] ] }, { "type": "LineString", "coordinates": [ [ 28.9782872, 41.0140195 ], [ 28.9783668, 41.0146739 ] ] }, { "type": "LineString", "coordinates": [ [ 28.9776299, 41.0137783 ], [ 28.9779556, 41.0140798 ] ] }, { "type": "LineString", "coordinates": [ [ 28.9778931, 41.0101133 ], [ 28.9778678, 41.0103886 ], [ 28.9775524, 41.0106746 ] ] }, { "type": "LineString", "coordinates": [ [ 28.9764131, 41.0081991 ], [ 28.9765244, 41.0082036 ] ] }, { "type": "LineString", "coordinates": [ [ 28.9769933, 41.0082187 ], [ 28.977277, 41.0082374 ], [ 28.9775603, 41.0082392 ] ] }, { "type": "LineString", "coordinates": [ [ 28.9635489, 41.0060904 ], [ 28.964023, 41.0059813 ] ] }, { "type": "LineString", "coordinates": [ [ 28.964023, 41.0059813 ], [ 28.964241, 41.005921699999988 ] ] }, { "type": "LineString", "coordinates": [ [ 28.964241, 41.005921699999988 ], [ 28.9646633, 41.00582 ] ] }, { "type": "LineString", "coordinates": [ [ 28.9630426, 41.007963 ], [ 28.9629225, 41.0075625 ] ] }, { "type": "LineString", "coordinates": [ [ 28.9629225, 41.0075625 ], [ 28.9628482, 41.0071932 ] ] }, { "type": "LineString", "coordinates": [ [ 28.9637404, 41.0066107 ], [ 28.9635104, 41.0067495 ], [ 28.9632362, 41.0069659 ], [ 28.9630267, 41.0070975 ] ] }, { "type": "LineString", "coordinates": [ [ 28.9630267, 41.0070975 ], [ 28.9628482, 41.0071932 ] ] }, { "type": "LineString", "coordinates": [ [ 28.9584004, 41.0081537 ], [ 28.9583823, 41.0087452 ] ] }, { "type": "LineString", "coordinates": [ [ 28.9583779, 41.008921499999985 ], [ 28.9583564, 41.0094461 ], [ 28.9583445, 41.0094747 ], [ 28.9583192, 41.0095387 ] ] }, { "type": "LineString", "coordinates": [ [ 28.9610099, 41.0095382 ], [ 28.9609981, 41.009459 ], [ 28.9609696, 41.0092888 ], [ 28.9609229, 41.0090356 ], [ 28.9608731, 41.0087835 ] ] }, { "type": "LineString", "coordinates": [ [ 28.9546269, 41.008222799999984 ], [ 28.9549153, 41.0087359 ] ] }, { "type": "LineString", "coordinates": [ [ 28.955404, 41.0114898 ], [ 28.9549211, 41.0116183 ], [ 28.9548758, 41.011654 ], [ 28.9547596, 41.011756899999988 ] ] }, { "type": "LineString", "coordinates": [ [ 28.9457407, 41.037289499999986 ], [ 28.9456814, 41.0374412 ], [ 28.9454334, 41.0378329 ] ] }, { "type": "LineString", "coordinates": [ [ 28.9454334, 41.0378329 ], [ 28.945373, 41.037944 ], [ 28.9453169, 41.0380336 ], [ 28.945132, 41.0383298 ], [ 28.9450592, 41.0384327 ], [ 28.9449422, 41.0385049 ] ] }, { "type": "LineString", "coordinates": [ [ 28.9687808, 41.0098185 ], [ 28.968739, 41.0099297 ] ] }, { "type": "LineString", "coordinates": [ [ 28.968739, 41.0099297 ], [ 28.9687356, 41.0099389 ], [ 28.9687325, 41.009947 ] ] }, { "type": "LineString", "coordinates": [ [ 28.9687325, 41.009947 ], [ 28.9686784, 41.0100911 ] ] }, { "type": "LineString", "coordinates": [ [ 28.9674129, 41.0099661 ], [ 28.9674585, 41.0099654 ] ] }, { "type": "LineString", "coordinates": [ [ 28.9754837, 41.0125563 ], [ 28.9754496, 41.012374 ], [ 28.9754055, 41.012101199999989 ] ] }, { "type": "LineString", "coordinates": [ [ 28.9754055, 41.012101199999989 ], [ 28.9754543, 41.0119742 ] ] }, { "type": "LineString", "coordinates": [ [ 28.9754543, 41.0119742 ], [ 28.9756267, 41.0118373 ] ] }, { "type": "LineString", "coordinates": [ [ 28.975022, 41.0123304 ], [ 28.9745418, 41.0127035 ] ] }, { "type": "LineString", "coordinates": [ [ 28.9745418, 41.0127035 ], [ 28.9736778, 41.0133979 ] ] }, { "type": "LineString", "coordinates": [ [ 28.9736778, 41.0133979 ], [ 28.9734749, 41.0135557 ] ] }, { "type": "LineString", "coordinates": [ [ 28.9734749, 41.0135557 ], [ 28.9728996, 41.0140092 ] ] }, { "type": "LineString", "coordinates": [ [ 28.9724442, 41.016344899999986 ], [ 28.9722452, 41.0161353 ] ] }, { "type": "LineString", "coordinates": [ [ 28.9722452, 41.0161353 ], [ 28.9721779, 41.0160648 ], [ 28.9718779, 41.0157399 ] ] }, { "type": "LineString", "coordinates": [ [ 28.9706103, 41.012015 ], [ 28.9707309, 41.0120594 ], [ 28.9708448, 41.0120865 ] ] }, { "type": "LineString", "coordinates": [ [ 28.9708448, 41.0120865 ], [ 28.9709181, 41.0121011 ], [ 28.9712145, 41.0121321 ] ] }, { "type": "LineString", "coordinates": [ [ 28.9712145, 41.0121321 ], [ 28.9712455, 41.0121586 ] ] }, { "type": "LineString", "coordinates": [ [ 28.970418, 41.0116704 ], [ 28.9705975, 41.0116034 ] ] }, { "type": "LineString", "coordinates": [ [ 28.9705975, 41.0116034 ], [ 28.9708441, 41.0115792 ], [ 28.9712049, 41.0116392 ] ] }, { "type": "LineString", "coordinates": [ [ 28.9712049, 41.0116392 ], [ 28.9712286, 41.0116441 ], [ 28.9716166, 41.01167 ], [ 28.9721671, 41.0116388 ] ] }, { "type": "LineString", "coordinates": [ [ 28.974385, 41.010618399999984 ], [ 28.9736128, 41.0105668 ] ] }, { "type": "LineString", "coordinates": [ [ 28.9736128, 41.0105668 ], [ 28.9732468, 41.0105531 ] ] }, { "type": "LineString", "coordinates": [ [ 28.9732468, 41.0105531 ], [ 28.9728544, 41.0105375 ] ] }, { "type": "LineString", "coordinates": [ [ 28.9728544, 41.0105375 ], [ 28.9725156, 41.0105194 ] ] }, { "type": "LineString", "coordinates": [ [ 28.9725156, 41.0105194 ], [ 28.9717208, 41.0105104 ] ] }, { "type": "LineString", "coordinates": [ [ 28.9717208, 41.0105104 ], [ 28.9711823, 41.0104778 ], [ 28.971151, 41.010464099999986 ] ] }, { "type": "LineString", "coordinates": [ [ 28.9754055, 41.012101199999989 ], [ 28.9752355, 41.0121664 ], [ 28.9751239, 41.0122096 ], [ 28.9750849, 41.012291 ], [ 28.9750547, 41.0123049 ] ] }, { "type": "LineString", "coordinates": [ [ 28.9734749, 41.0135557 ], [ 28.9737239, 41.0138222 ] ] }, { "type": "LineString", "coordinates": [ [ 28.9737239, 41.0138222 ], [ 28.974006, 41.014097 ] ] }, { "type": "LineString", "coordinates": [ [ 28.9722195, 41.0137213 ], [ 28.9718522, 41.0134842 ] ] }, { "type": "LineString", "coordinates": [ [ 28.9718522, 41.0134842 ], [ 28.9716803, 41.0133715 ] ] }, { "type": "LineString", "coordinates": [ [ 28.9716803, 41.0133715 ], [ 28.9713837, 41.0131884 ], [ 28.9713171, 41.0131484 ], [ 28.9712904, 41.013086199999989 ], [ 28.9712771, 41.0130062 ], [ 28.9712763, 41.0129852 ], [ 28.9712635, 41.0126422 ], [ 28.9712455, 41.0121586 ] ] }, { "type": "LineString", "coordinates": [ [ 28.9736128, 41.0105668 ], [ 28.9736425, 41.0105992 ], [ 28.9740046, 41.010993899999988 ] ] }, { "type": "LineString", "coordinates": [ [ 28.9740046, 41.010993899999988 ], [ 28.9742344, 41.0112281 ] ] }, { "type": "LineString", "coordinates": [ [ 28.9724575, 41.0097323 ], [ 28.9724888, 41.0101529 ] ] }, { "type": "LineString", "coordinates": [ [ 28.972498, 41.0102692 ], [ 28.9725161, 41.0104846 ], [ 28.9725156, 41.0105194 ] ] }, { "type": "LineString", "coordinates": [ [ 28.9723709, 41.0083909 ], [ 28.9724154, 41.0087646 ], [ 28.9724209, 41.0088111 ], [ 28.9724889, 41.0091857 ], [ 28.9725165, 41.0092831 ], [ 28.9727804, 41.009583 ] ] }, { "type": "LineString", "coordinates": [ [ 28.9697287, 41.0138037 ], [ 28.9694903, 41.0142035 ], [ 28.969356, 41.0145603 ] ] }, { "type": "LineString", "coordinates": [ [ 28.969356, 41.0145603 ], [ 28.9693608, 41.0146773 ], [ 28.9694061, 41.0147616 ], [ 28.9694911, 41.0149519 ] ] }, { "type": "LineString", "coordinates": [ [ 28.970418, 41.0116704 ], [ 28.970373, 41.0117036 ], [ 28.9703352, 41.0117151 ], [ 28.9702464, 41.0117219 ], [ 28.9700979, 41.0117053 ], [ 28.9697297, 41.0116157 ] ] }, { "type": "LineString", "coordinates": [ [ 28.9667921, 41.01275230000001 ], [ 28.9674849, 41.0128523 ] ] }, { "type": "LineString", "coordinates": [ [ 28.9591562, 41.016103499999986 ], [ 28.9596291, 41.015887 ] ] }, { "type": "LineString", "coordinates": [ [ 28.9596291, 41.015887 ], [ 28.9593996, 41.015595 ], [ 28.9592929, 41.0154538 ] ] }, { "type": "LineString", "coordinates": [ [ 28.9592929, 41.0154538 ], [ 28.9592435, 41.0153788 ], [ 28.9592009, 41.0153227 ], [ 28.9591969, 41.0152902 ], [ 28.9592282, 41.0152533 ], [ 28.9593182, 41.0151935 ], [ 28.9593455, 41.0151716 ], [ 28.9593584, 41.0151523 ], [ 28.9593588, 41.0151366 ], [ 28.9593332, 41.0151085 ], [ 28.9592843, 41.0150541 ], [ 28.9592808, 41.0150251 ], [ 28.9592921, 41.0149872 ], [ 28.959491, 41.014716099999987 ] ] }, { "type": "LineString", "coordinates": [ [ 28.9628793, 41.0175831 ], [ 28.9631192, 41.0178941 ], [ 28.9630924, 41.0179882 ], [ 28.9630466, 41.018072 ] ] }, { "type": "LineString", "coordinates": [ [ 28.9630466, 41.018072 ], [ 28.963028, 41.0181597 ], [ 28.9630515, 41.018278100000011 ], [ 28.9631185, 41.018382 ], [ 28.9631667, 41.0184445 ], [ 28.9629836, 41.018583499999984 ] ] }, { "type": "LineString", "coordinates": [ [ 28.9629836, 41.018583499999984 ], [ 28.9629394, 41.018617 ], [ 28.9626535, 41.018805 ] ] }, { "type": "LineString", "coordinates": [ [ 28.9626535, 41.018805 ], [ 28.9626053, 41.0188367 ] ] }, { "type": "LineString", "coordinates": [ [ 28.9626053, 41.0188367 ], [ 28.9625874, 41.0186847 ], [ 28.9625734, 41.01859790000001 ], [ 28.9625641, 41.0185319 ], [ 28.9625715, 41.018426500000011 ], [ 28.9625822, 41.0182196 ] ] }, { "type": "LineString", "coordinates": [ [ 28.9639526, 41.0171567 ], [ 28.9636864, 41.0173778 ] ] }, { "type": "LineString", "coordinates": [ [ 28.9623402, 41.0163717 ], [ 28.9617522, 41.0159776 ] ] }, { "type": "LineString", "coordinates": [ [ 28.9564597, 41.0155752 ], [ 28.9567701, 41.0154088 ], [ 28.9573771, 41.0150835 ] ] }, { "type": "LineString", "coordinates": [ [ 28.9587984, 41.0167892 ], [ 28.9587878, 41.01697750000001 ], [ 28.9587577, 41.017351299999987 ] ] }, { "type": "LineString", "coordinates": [ [ 28.9587577, 41.017351299999987 ], [ 28.9587347, 41.0175971 ], [ 28.9587139, 41.0176904 ] ] }, { "type": "LineString", "coordinates": [ [ 28.9587139, 41.0176904 ], [ 28.958652, 41.0179059 ], [ 28.9586367, 41.017971 ], [ 28.9586483, 41.018035199999986 ], [ 28.9587034, 41.018119 ], [ 28.9589289, 41.0184071 ] ] }, { "type": "LineString", "coordinates": [ [ 28.9589289, 41.0184071 ], [ 28.9591082, 41.0186447 ] ] }, { "type": "LineString", "coordinates": [ [ 28.9591082, 41.0186447 ], [ 28.9593231, 41.018903599999987 ], [ 28.9594117, 41.0190002 ] ] }, { "type": "LineString", "coordinates": [ [ 28.9594117, 41.0190002 ], [ 28.9595034, 41.0191002 ], [ 28.9595663, 41.0191687 ] ] }, { "type": "LineString", "coordinates": [ [ 28.9298324, 41.0157775 ], [ 28.9299875, 41.015489699999989 ], [ 28.9301401, 41.015214200000017 ] ] }, { "type": "LineString", "coordinates": [ [ 28.9343388, 41.01237350000001 ], [ 28.9347833, 41.0128721 ] ] }, { "type": "LineString", "coordinates": [ [ 28.9347833, 41.0128721 ], [ 28.9353017, 41.0134959 ] ] }, { "type": "LineString", "coordinates": [ [ 28.9353017, 41.0134959 ], [ 28.9357378, 41.0139491 ] ] }, { "type": "LineString", "coordinates": [ [ 28.9334775, 41.0111162 ], [ 28.9334638, 41.0105492 ] ] }, { "type": "LineString", "coordinates": [ [ 28.9334638, 41.0105492 ], [ 28.9334539, 41.0100499 ] ] }, { "type": "LineString", "coordinates": [ [ 28.9301929, 41.0111521 ], [ 28.9310559, 41.0111369 ] ] }, { "type": "LineString", "coordinates": [ [ 28.9310559, 41.0111369 ], [ 28.9314716, 41.0111512 ] ] }, { "type": "LineString", "coordinates": [ [ 28.9378258, 41.0104719 ], [ 28.9378502, 41.0110556 ] ] }, { "type": "LineString", "coordinates": [ [ 28.9378502, 41.0110556 ], [ 28.9378492, 41.0116796 ] ] }, { "type": "LineString", "coordinates": [ [ 28.9378492, 41.0116796 ], [ 28.9378566, 41.0123061 ] ] }, { "type": "LineString", "coordinates": [ [ 28.9350488, 41.0110968 ], [ 28.9346449, 41.0117166 ] ] }, { "type": "LineString", "coordinates": [ [ 28.9346449, 41.0117166 ], [ 28.9342472, 41.0123786 ] ] }, { "type": "LineString", "coordinates": [ [ 28.93301, 41.009529 ], [ 28.9330248, 41.0100491 ] ] }, { "type": "LineString", "coordinates": [ [ 28.9330248, 41.0100491 ], [ 28.9324527, 41.0100483 ] ] }, { "type": "LineString", "coordinates": [ [ 28.9324527, 41.0100483 ], [ 28.9323235, 41.0100481 ] ] }, { "type": "LineString", "coordinates": [ [ 28.9323235, 41.0100481 ], [ 28.9322691, 41.010048 ], [ 28.9321828, 41.0100479 ], [ 28.9320957, 41.0100478 ] ] }, { "type": "LineString", "coordinates": [ [ 28.9320957, 41.0100478 ], [ 28.9314479, 41.0100636 ] ] }, { "type": "LineString", "coordinates": [ [ 28.9334847, 41.0127819 ], [ 28.9322585, 41.0133372 ] ] }, { "type": "LineString", "coordinates": [ [ 28.9327598, 41.0138859 ], [ 28.9336198, 41.0134658 ], [ 28.9339044, 41.0132997 ] ] }, { "type": "LineString", "coordinates": [ [ 28.9339044, 41.0132997 ], [ 28.9340176, 41.0132423 ], [ 28.9347833, 41.0128721 ] ] }, { "type": "LineString", "coordinates": [ [ 28.935618, 41.0110843 ], [ 28.9356573, 41.0105036 ] ] }, { "type": "LineString", "coordinates": [ [ 28.9356573, 41.0105036 ], [ 28.9356494, 41.0100461 ] ] }, { "type": "LineString", "coordinates": [ [ 28.9356494, 41.0100461 ], [ 28.9356395, 41.0094776 ] ] }, { "type": "LineString", "coordinates": [ [ 28.9356395, 41.0094776 ], [ 28.9356623, 41.008962 ] ] }, { "type": "LineString", "coordinates": [ [ 28.9356623, 41.008962 ], [ 28.9356363, 41.0083847 ] ] }, { "type": "LineString", "coordinates": [ [ 28.9356363, 41.0083847 ], [ 28.9356058, 41.0078732 ] ] }, { "type": "LineString", "coordinates": [ [ 28.9356058, 41.0078732 ], [ 28.9356054, 41.007365600000014 ] ] }, { "type": "LineString", "coordinates": [ [ 28.9312688, 41.007942 ], [ 28.9334052, 41.00791 ] ] }, { "type": "LineString", "coordinates": [ [ 28.9292459, 41.0090406 ], [ 28.9293936, 41.0089419 ], [ 28.9295116, 41.0088528 ], [ 28.9298334, 41.0085128 ] ] }, { "type": "LineString", "coordinates": [ [ 28.9298334, 41.0085128 ], [ 28.9299407, 41.0084723 ], [ 28.9304123, 41.00847490000001 ] ] }, { "type": "LineString", "coordinates": [ [ 28.9304123, 41.00847490000001 ], [ 28.930785, 41.008477 ], [ 28.9312219, 41.0084842 ], [ 28.931286, 41.0084852 ] ] }, { "type": "LineString", "coordinates": [ [ 28.9356573, 41.0105036 ], [ 28.9378258, 41.0104719 ] ] }, { "type": "LineString", "coordinates": [ [ 28.9378258, 41.0104719 ], [ 28.9382055, 41.0104749 ] ] }, { "type": "LineString", "coordinates": [ [ 28.9379749, 41.00998280000001 ], [ 28.9370156, 41.010018 ] ] }, { "type": "LineString", "coordinates": [ [ 28.9370156, 41.010018 ], [ 28.9356494, 41.0100461 ] ] }, { "type": "LineString", "coordinates": [ [ 28.9285615, 41.0070229 ], [ 28.9286472, 41.00749350000001 ] ] }, { "type": "LineString", "coordinates": [ [ 28.9286472, 41.00749350000001 ], [ 28.9287269, 41.0077493 ] ] }, { "type": "LineString", "coordinates": [ [ 28.9287269, 41.0077493 ], [ 28.9287895, 41.0081032 ], [ 28.928774, 41.0084137 ] ] }, { "type": "LineString", "coordinates": [ [ 28.928774, 41.0084137 ], [ 28.9289249, 41.0087148 ], [ 28.9291562, 41.0089655 ] ] }, { "type": "LineString", "coordinates": [ [ 28.9297707, 41.012096 ], [ 28.9294201, 41.012249 ] ] }, { "type": "LineString", "coordinates": [ [ 28.9294201, 41.012249 ], [ 28.928697, 41.0125179 ], [ 28.9286521, 41.0125352 ], [ 28.9284014, 41.012651 ] ] }, { "type": "LineString", "coordinates": [ [ 28.9267081, 41.015540499999979 ], [ 28.9263994, 41.015636600000015 ] ] }, { "type": "LineString", "coordinates": [ [ 28.9247913, 41.013663 ], [ 28.9248719, 41.0141507 ] ] }, { "type": "LineString", "coordinates": [ [ 28.9248719, 41.0141507 ], [ 28.9249454, 41.0143705 ] ] }, { "type": "LineString", "coordinates": [ [ 28.9279842, 41.0131478 ], [ 28.927703, 41.0132625 ] ] }, { "type": "LineString", "coordinates": [ [ 28.9288528, 41.0143459 ], [ 28.9291507, 41.0141513 ], [ 28.9292303, 41.0141341 ] ] }, { "type": "LineString", "coordinates": [ [ 28.9292303, 41.0141341 ], [ 28.9297117, 41.013945399999983 ] ] }, { "type": "LineString", "coordinates": [ [ 28.9297117, 41.013945399999983 ], [ 28.9298549, 41.0138883 ] ] }, { "type": "LineString", "coordinates": [ [ 28.9282907, 41.013926199999986 ], [ 28.928668, 41.0135992 ] ] }, { "type": "LineString", "coordinates": [ [ 28.9228767, 41.0142604 ], [ 28.9230851, 41.0141578 ], [ 28.9231034, 41.0141488 ], [ 28.9234414, 41.0139824 ] ] }, { "type": "LineString", "coordinates": [ [ 28.9234414, 41.0139824 ], [ 28.9243986, 41.01354030000001 ] ] }, { "type": "LineString", "coordinates": [ [ 28.9238791, 41.0142569 ], [ 28.9239085, 41.014633399999987 ] ] }, { "type": "LineString", "coordinates": [ [ 28.9239085, 41.014633399999987 ], [ 28.9240078, 41.015032 ] ] }, { "type": "LineString", "coordinates": [ [ 28.9240078, 41.015032 ], [ 28.9240813, 41.0154052 ] ] }, { "type": "LineString", "coordinates": [ [ 28.9240813, 41.0154052 ], [ 28.9241311, 41.015843 ], [ 28.9241397, 41.0158968 ] ] }, { "type": "LineString", "coordinates": [ [ 28.9241397, 41.0158968 ], [ 28.9242694, 41.016316899999985 ] ] }, { "type": "LineString", "coordinates": [ [ 28.9259592, 41.0158173 ], [ 28.9257774, 41.0153849 ] ] }, { "type": "LineString", "coordinates": [ [ 28.9257774, 41.0153849 ], [ 28.9256576, 41.0149922 ] ] }, { "type": "LineString", "coordinates": [ [ 28.9256576, 41.0149922 ], [ 28.9256126, 41.0148306 ], [ 28.9255647, 41.0146653 ], [ 28.9254356, 41.0144218 ], [ 28.9253072, 41.0141837 ] ] }, { "type": "LineString", "coordinates": [ [ 28.9246048, 41.0106147 ], [ 28.9248381, 41.011212599999986 ] ] }, { "type": "LineString", "coordinates": [ [ 28.9248381, 41.011212599999986 ], [ 28.924861, 41.011465299999983 ] ] }, { "type": "LineString", "coordinates": [ [ 28.924861, 41.011465299999983 ], [ 28.924943, 41.0119855 ] ] }, { "type": "LineString", "coordinates": [ [ 28.924943, 41.0119855 ], [ 28.9249551, 41.0120788 ] ] }, { "type": "LineString", "coordinates": [ [ 28.9249551, 41.0120788 ], [ 28.9250628, 41.0121773 ], [ 28.9252937, 41.0122823 ] ] }, { "type": "LineString", "coordinates": [ [ 28.9252937, 41.0122823 ], [ 28.9253631, 41.0123883 ], [ 28.925773, 41.0127649 ] ] }, { "type": "LineString", "coordinates": [ [ 28.9411445, 41.0362855 ], [ 28.9408333, 41.0363982 ], [ 28.9406048, 41.036426699999986 ], [ 28.9404706, 41.0364286 ] ] }, { "type": "LineString", "coordinates": [ [ 28.9404706, 41.0364286 ], [ 28.9403851, 41.0364335 ] ] }, { "type": "LineString", "coordinates": [ [ 28.9502394, 41.0269953 ], [ 28.9505536, 41.0266873 ] ] }, { "type": "LineString", "coordinates": [ [ 28.9505536, 41.0266873 ], [ 28.9510166, 41.026236 ], [ 28.9510618, 41.0261918 ] ] }, { "type": "LineString", "coordinates": [ [ 28.9647197, 41.018966399999989 ], [ 28.9649831, 41.0188716 ] ] }, { "type": "LineString", "coordinates": [ [ 28.9649831, 41.0188716 ], [ 28.9655399, 41.0187031 ] ] }, { "type": "LineString", "coordinates": [ [ 28.968443, 41.0130417 ], [ 28.9685833, 41.0128494 ], [ 28.9688022, 41.012549299999989 ] ] }, { "type": "LineString", "coordinates": [ [ 28.9688022, 41.012549299999989 ], [ 28.9688043, 41.0125465 ], [ 28.9691235, 41.0124079 ], [ 28.9692785, 41.0123464 ] ] }, { "type": "LineString", "coordinates": [ [ 28.9695283, 41.0120053 ], [ 28.9695957, 41.0118402 ] ] }, { "type": "LineString", "coordinates": [ [ 28.9695957, 41.0118402 ], [ 28.9696223, 41.011775 ], [ 28.9697297, 41.0116157 ] ] }, { "type": "LineString", "coordinates": [ [ 28.9697297, 41.0116157 ], [ 28.9701155, 41.0113523 ] ] }, { "type": "LineString", "coordinates": [ [ 28.9775157, 41.0127365 ], [ 28.9769137, 41.0131244 ] ] }, { "type": "LineString", "coordinates": [ [ 28.9517587, 41.011563799999983 ], [ 28.9517795, 41.0117671 ] ] }, { "type": "LineString", "coordinates": [ [ 28.9580878, 41.0021401 ], [ 28.9582788, 41.0020969 ] ] }, { "type": "LineString", "coordinates": [ [ 28.9582788, 41.0020969 ], [ 28.9584403, 41.0020605 ] ] }, { "type": "LineString", "coordinates": [ [ 28.9584403, 41.0020605 ], [ 28.9585314, 41.0020399 ], [ 28.9586285, 41.0020245 ] ] }, { "type": "LineString", "coordinates": [ [ 28.9586285, 41.0020245 ], [ 28.9587887, 41.001997 ] ] }, { "type": "LineString", "coordinates": [ [ 28.9587887, 41.001997 ], [ 28.9588444, 41.00199 ], [ 28.9588983, 41.0019996 ], [ 28.9589476, 41.0020253 ], [ 28.9589997, 41.0020762 ], [ 28.9590305, 41.0021201 ], [ 28.9592012, 41.0024184 ], [ 28.9592781, 41.0025743 ] ] }, { "type": "LineString", "coordinates": [ [ 28.9592781, 41.0025743 ], [ 28.9594358, 41.002991 ], [ 28.9594466, 41.0030427 ], [ 28.9594594, 41.003084599999987 ] ] }, { "type": "LineString", "coordinates": [ [ 28.9575528, 41.0032374 ], [ 28.9576499, 41.0031625 ], [ 28.9576864, 41.0031343 ] ] }, { "type": "LineString", "coordinates": [ [ 28.9576864, 41.0031343 ], [ 28.9577829, 41.0030868 ], [ 28.9579323, 41.0030555 ], [ 28.9580552, 41.003044 ], [ 28.9581704, 41.0030369 ], [ 28.9582283, 41.0030487 ], [ 28.9583327, 41.0030956 ], [ 28.9584724, 41.0031187 ] ] }, { "type": "LineString", "coordinates": [ [ 28.9584724, 41.0031187 ], [ 28.9587068, 41.0031602 ] ] }, { "type": "LineString", "coordinates": [ [ 28.9587068, 41.0031602 ], [ 28.9588727, 41.0031699 ] ] }, { "type": "LineString", "coordinates": [ [ 28.9588727, 41.0031699 ], [ 28.9590844, 41.0031798 ] ] }, { "type": "LineString", "coordinates": [ [ 28.9590844, 41.0031798 ], [ 28.9592827, 41.0031739 ] ] }, { "type": "LineString", "coordinates": [ [ 28.9592827, 41.0031739 ], [ 28.9594459, 41.003160399999985 ], [ 28.9595861, 41.00314130000001 ] ] }, { "type": "LineString", "coordinates": [ [ 28.9584724, 41.0031187 ], [ 28.9581381, 41.0022628 ], [ 28.9580878, 41.0021401 ] ] }, { "type": "LineString", "coordinates": [ [ 28.9587068, 41.0031602 ], [ 28.9583243, 41.0022146 ], [ 28.9582788, 41.0020969 ] ] }, { "type": "LineString", "coordinates": [ [ 28.9588727, 41.0031699 ], [ 28.9584812, 41.0021759 ], [ 28.9584403, 41.0020605 ] ] }, { "type": "LineString", "coordinates": [ [ 28.9590844, 41.0031798 ], [ 28.95867, 41.0021393 ], [ 28.9586285, 41.0020245 ] ] }, { "type": "LineString", "coordinates": [ [ 28.9592827, 41.0031739 ], [ 28.9587887, 41.001997 ] ] }, { "type": "LineString", "coordinates": [ [ 28.9734218, 41.003795 ], [ 28.9739649, 41.0037483 ] ] }, { "type": "LineString", "coordinates": [ [ 28.9692987, 41.0035331 ], [ 28.969745, 41.0037664 ] ] }, { "type": "LineString", "coordinates": [ [ 28.9754605, 41.0030496 ], [ 28.9750582, 41.0028437 ], [ 28.9748445, 41.0027277 ], [ 28.9745293, 41.002733 ], [ 28.9742047, 41.0027746 ], [ 28.9742198, 41.0031469 ] ] }, { "type": "LineString", "coordinates": [ [ 28.9720952, 41.0031227 ], [ 28.9718246, 41.0031512 ] ] }, { "type": "LineString", "coordinates": [ [ 28.9714293, 41.0026939 ], [ 28.9712243, 41.002812199999987 ] ] }, { "type": "LineString", "coordinates": [ [ 28.9712243, 41.002812199999987 ], [ 28.9708987, 41.002935 ] ] }, { "type": "LineString", "coordinates": [ [ 28.9708987, 41.002935 ], [ 28.9706854, 41.0030079 ] ] }, { "type": "LineString", "coordinates": [ [ 28.9706854, 41.0030079 ], [ 28.9708082, 41.003198699999984 ], [ 28.9708723, 41.0033377 ], [ 28.9708681, 41.0033711 ] ] }, { "type": "LineString", "coordinates": [ [ 28.9717817, 41.0032706 ], [ 28.9717938, 41.003326 ], [ 28.9718197, 41.0034448 ], [ 28.9719356, 41.0036541 ], [ 28.9719859, 41.0037146 ] ] }, { "type": "LineString", "coordinates": [ [ 28.9687878, 41.0035008 ], [ 28.9691566, 41.0033831 ] ] }, { "type": "LineString", "coordinates": [ [ 28.9710994, 41.0034294 ], [ 28.9710357, 41.0031966 ], [ 28.9708987, 41.002935 ] ] }, { "type": "LineString", "coordinates": [ [ 28.9703141, 41.0053358 ], [ 28.97004, 41.0054161 ], [ 28.969765, 41.0054884 ], [ 28.9696097, 41.0055214 ] ] }, { "type": "LineString", "coordinates": [ [ 28.9717867, 41.005009 ], [ 28.9717626, 41.0050811 ] ] }, { "type": "LineString", "coordinates": [ [ 28.9717626, 41.0050811 ], [ 28.9717119, 41.0052149 ], [ 28.9716471, 41.0053014 ], [ 28.971593, 41.005314 ], [ 28.9715365, 41.0053166 ], [ 28.9714917, 41.0053381 ], [ 28.9714084, 41.0053894 ] ] }, { "type": "LineString", "coordinates": [ [ 28.9714084, 41.0053894 ], [ 28.9713468, 41.005431299999984 ], [ 28.9713169, 41.0055225 ], [ 28.9712851, 41.0055689 ], [ 28.9711996, 41.0055995 ], [ 28.9710775, 41.0056373 ], [ 28.9710384, 41.005701499999986 ], [ 28.971036, 41.005759399999988 ], [ 28.9710011, 41.005812 ], [ 28.9708157, 41.0058766 ], [ 28.97064, 41.005936 ] ] }, { "type": "LineString", "coordinates": [ [ 28.972153, 41.004485 ], [ 28.9718736, 41.0046257 ], [ 28.9715542, 41.0048663 ] ] }, { "type": "LineString", "coordinates": [ [ 28.9714084, 41.0053894 ], [ 28.9712179, 41.0052413 ], [ 28.9710897, 41.0051084 ] ] }, { "type": "LineString", "coordinates": [ [ 28.9692131, 41.008012899999983 ], [ 28.9698086, 41.0079482 ], [ 28.9697692, 41.00741210000001 ] ] }, { "type": "LineString", "coordinates": [ [ 28.9697692, 41.00741210000001 ], [ 28.9697408, 41.007054 ] ] }, { "type": "LineString", "coordinates": [ [ 28.9697408, 41.007054 ], [ 28.9697041, 41.0067231 ], [ 28.969688, 41.0065571 ], [ 28.9696786, 41.0063999 ] ] }, { "type": "LineString", "coordinates": [ [ 28.9696786, 41.0063999 ], [ 28.9696565, 41.0060596 ] ] }, { "type": "LineString", "coordinates": [ [ 28.9732527, 41.0047836 ], [ 28.9732432, 41.0047524 ], [ 28.973168, 41.0045285 ], [ 28.9731117, 41.0043767 ], [ 28.9726761, 41.0045646 ] ] }, { "type": "LineString", "coordinates": [ [ 28.9702643, 41.0052238 ], [ 28.9705045, 41.0051817 ], [ 28.97065, 41.005150199999989 ], [ 28.9708061, 41.005146 ], [ 28.9710897, 41.0051084 ] ] }, { "type": "LineString", "coordinates": [ [ 28.9710897, 41.0051084 ], [ 28.9713244, 41.0050696 ], [ 28.9715061, 41.005048 ], [ 28.9715341, 41.0050512 ] ] }, { "type": "LineString", "coordinates": [ [ 28.9701759, 41.0060189 ], [ 28.9696565, 41.0060596 ] ] }, { "type": "LineString", "coordinates": [ [ 28.9710541, 41.0054076 ], [ 28.9704427, 41.005569 ] ] }, { "type": "LineString", "coordinates": [ [ 28.9735421, 41.0050713 ], [ 28.9738132, 41.0053006 ] ] }, { "type": "LineString", "coordinates": [ [ 28.9715854, 41.0067604 ], [ 28.9713656, 41.0065142 ], [ 28.9711825, 41.0062702 ] ] }, { "type": "LineString", "coordinates": [ [ 28.9713916, 41.005796199999985 ], [ 28.9714528, 41.0058857 ], [ 28.9715936, 41.0060951 ] ] }, { "type": "LineString", "coordinates": [ [ 28.9702384, 41.0063684 ], [ 28.9704473, 41.0063555 ], [ 28.9707901, 41.0063332 ] ] }, { "type": "LineString", "coordinates": [ [ 28.9738459, 41.004919499999986 ], [ 28.9735421, 41.0050713 ] ] }, { "type": "LineString", "coordinates": [ [ 28.9735421, 41.0050713 ], [ 28.97329, 41.0051966 ] ] }, { "type": "LineString", "coordinates": [ [ 28.97329, 41.0051966 ], [ 28.9726989, 41.0054922 ], [ 28.9724814, 41.0056114 ], [ 28.9721797, 41.0058062 ], [ 28.9720269, 41.0059226 ], [ 28.971935, 41.0059813 ], [ 28.9718706, 41.0059752 ] ] }, { "type": "LineString", "coordinates": [ [ 28.9718706, 41.0059752 ], [ 28.9715936, 41.0060951 ] ] }, { "type": "LineString", "coordinates": [ [ 28.9715936, 41.0060951 ], [ 28.9714839, 41.006146 ], [ 28.9711825, 41.0062702 ] ] }, { "type": "LineString", "coordinates": [ [ 28.9711825, 41.0062702 ], [ 28.9710571, 41.00632190000001 ], [ 28.9707835, 41.0063937 ] ] }, { "type": "LineString", "coordinates": [ [ 28.9692458, 41.0066373 ], [ 28.9688757, 41.00659730000001 ], [ 28.9682232, 41.0067502 ] ] }, { "type": "LineString", "coordinates": [ [ 28.9693493, 41.0062583 ], [ 28.9681046, 41.0064992 ] ] }, { "type": "LineString", "coordinates": [ [ 28.9815875, 41.0047719 ], [ 28.9817681, 41.004907 ], [ 28.9819823, 41.0051558 ], [ 28.9819949, 41.0052111 ] ] }, { "type": "LineString", "coordinates": [ [ 28.9809582, 41.005320599999983 ], [ 28.9806834, 41.0052112 ], [ 28.9803598, 41.0050957 ] ] }, { "type": "LineString", "coordinates": [ [ 28.9767772, 41.0143397 ], [ 28.9767039, 41.014298 ], [ 28.9765956, 41.0142902 ] ] }, { "type": "LineString", "coordinates": [ [ 28.977064, 41.013823199999983 ], [ 28.9772471, 41.0141783 ] ] }, { "type": "LineString", "coordinates": [ [ 28.9776299, 41.0137783 ], [ 28.9779353, 41.0136176 ], [ 28.9781099, 41.0135257 ] ] }, { "type": "LineString", "coordinates": [ [ 28.9765457, 41.0139287 ], [ 28.9762696, 41.0139674 ], [ 28.9757946, 41.0138709 ] ] }, { "type": "LineString", "coordinates": [ [ 28.9733855, 41.0077204 ], [ 28.9733586, 41.0076004 ], [ 28.9733076, 41.007373200000011 ] ] }, { "type": "LineString", "coordinates": [ [ 28.9733076, 41.007373200000011 ], [ 28.9732425, 41.0071076 ] ] }, { "type": "LineString", "coordinates": [ [ 28.9681805, 41.0033267 ], [ 28.9680237, 41.0032917 ], [ 28.967777, 41.0032351 ] ] }, { "type": "LineString", "coordinates": [ [ 28.9758763, 41.0104809 ], [ 28.9762462, 41.0102506 ] ] }, { "type": "LineString", "coordinates": [ [ 28.9745505, 41.0096688 ], [ 28.9746112, 41.0093417 ], [ 28.9746871, 41.0087996 ] ] }, { "type": "LineString", "coordinates": [ [ 28.9753004, 41.003239 ], [ 28.9759901, 41.0035488 ] ] }, { "type": "LineString", "coordinates": [ [ 28.9770198, 41.01055 ], [ 28.9767436, 41.0107605 ] ] }, { "type": "LineString", "coordinates": [ [ 28.9733076, 41.007373200000011 ], [ 28.9736483, 41.0073137 ], [ 28.9739887, 41.0072387 ] ] }, { "type": "LineString", "coordinates": [ [ 28.9743132, 41.0086737 ], [ 28.974266, 41.0091038 ], [ 28.9742106, 41.0093812 ], [ 28.9741816, 41.0096495 ] ] }, { "type": "LineString", "coordinates": [ [ 28.9767873, 41.0027561 ], [ 28.9770574, 41.00281 ] ] }, { "type": "LineString", "coordinates": [ [ 28.9762654, 41.0032182 ], [ 28.9763473, 41.0032509 ] ] }, { "type": "LineString", "coordinates": [ [ 28.9764455, 41.0026497 ], [ 28.976999, 41.0025743 ], [ 28.9770574, 41.00281 ] ] }, { "type": "LineString", "coordinates": [ [ 28.9657632, 41.0058163 ], [ 28.9661838, 41.005662 ], [ 28.9667275, 41.0054512 ] ] }, { "type": "LineString", "coordinates": [ [ 28.966651, 41.00427 ], [ 28.9661981, 41.0043652 ] ] }, { "type": "LineString", "coordinates": [ [ 28.9661981, 41.0043652 ], [ 28.9658037, 41.004451699999983 ] ] }, { "type": "LineString", "coordinates": [ [ 28.9646237, 41.0037148 ], [ 28.9646912, 41.0034812 ] ] }, { "type": "LineString", "coordinates": [ [ 28.967354, 41.005589 ], [ 28.9673949, 41.0059299 ] ] }, { "type": "LineString", "coordinates": [ [ 28.9673949, 41.0059299 ], [ 28.9674606, 41.0063779 ] ] }, { "type": "LineString", "coordinates": [ [ 28.9674606, 41.0063779 ], [ 28.967478, 41.0065556 ] ] }, { "type": "LineString", "coordinates": [ [ 28.9638984, 41.0041381 ], [ 28.9640494, 41.0045871 ] ] }, { "type": "LineString", "coordinates": [ [ 28.9647745, 41.0043164 ], [ 28.9650994, 41.0047877 ], [ 28.9651379, 41.0048532 ] ] }, { "type": "LineString", "coordinates": [ [ 28.9647089, 41.0042663 ], [ 28.9648091, 41.0042699 ], [ 28.9650974, 41.0043281 ] ] }, { "type": "LineString", "coordinates": [ [ 28.964023, 41.0059813 ], [ 28.9641216, 41.0062587 ], [ 28.9636681, 41.0064079 ] ] }, { "type": "LineString", "coordinates": [ [ 28.9657102, 41.0042149 ], [ 28.9658037, 41.004451699999983 ] ] }, { "type": "LineString", "coordinates": [ [ 28.9658037, 41.004451699999983 ], [ 28.9658903, 41.0046697 ] ] }, { "type": "LineString", "coordinates": [ [ 28.9631693, 41.003976499999986 ], [ 28.9633231, 41.00417980000001 ], [ 28.9634604, 41.0043483 ] ] }, { "type": "LineString", "coordinates": [ [ 28.9633808, 41.0057989 ], [ 28.9633823, 41.0057917 ], [ 28.9638053, 41.0056713 ], [ 28.9639887, 41.0055952 ], [ 28.9640833, 41.0055655 ] ] }, { "type": "LineString", "coordinates": [ [ 28.9640833, 41.0055655 ], [ 28.96452, 41.0054647 ] ] }, { "type": "LineString", "coordinates": [ [ 28.9611485, 41.0069261 ], [ 28.9614107, 41.006832400000022 ], [ 28.9617002, 41.0067164 ] ] }, { "type": "LineString", "coordinates": [ [ 28.9617002, 41.0067164 ], [ 28.9619901, 41.0066003 ], [ 28.9622075, 41.0065382 ] ] }, { "type": "LineString", "coordinates": [ [ 28.9638369, 41.0065481 ], [ 28.9638817, 41.0066189 ], [ 28.9639266, 41.006688699999984 ], [ 28.9639773, 41.006837500000017 ], [ 28.9641814, 41.0071977 ] ] }, { "type": "LineString", "coordinates": [ [ 28.9659606, 41.0061416 ], [ 28.9659823, 41.0061344 ], [ 28.9663742, 41.0060041 ], [ 28.9668113, 41.0058461 ] ] }, { "type": "LineString", "coordinates": [ [ 28.9668705, 41.0060104 ], [ 28.9671091, 41.0059798 ], [ 28.9673949, 41.0059299 ] ] }, { "type": "LineString", "coordinates": [ [ 28.96543, 41.0061457 ], [ 28.9655722, 41.0064676 ], [ 28.965586, 41.0064985 ] ] }, { "type": "LineString", "coordinates": [ [ 28.965586, 41.0064985 ], [ 28.9656888, 41.0067451 ], [ 28.9658058, 41.006990599999988 ] ] }, { "type": "LineString", "coordinates": [ [ 28.9658058, 41.006990599999988 ], [ 28.9659324, 41.0073392 ], [ 28.9659435, 41.0073697 ] ] }, { "type": "LineString", "coordinates": [ [ 28.965586, 41.0064985 ], [ 28.9660806, 41.0063417 ] ] }, { "type": "LineString", "coordinates": [ [ 28.9630267, 41.0070975 ], [ 28.9632173, 41.0070971 ], [ 28.9637563, 41.0070066 ] ] }, { "type": "LineString", "coordinates": [ [ 28.9662762, 41.0066312 ], [ 28.9662955, 41.0066269 ], [ 28.9666239, 41.0065537 ], [ 28.9669562, 41.0064799 ] ] }, { "type": "LineString", "coordinates": [ [ 28.9652751, 41.0071174 ], [ 28.9650946, 41.0071491 ], [ 28.9650144, 41.00712080000001 ], [ 28.9649398, 41.0070272 ] ] }, { "type": "LineString", "coordinates": [ [ 28.9649398, 41.0070272 ], [ 28.9647787, 41.006938 ] ] }, { "type": "LineString", "coordinates": [ [ 28.9647787, 41.006938 ], [ 28.9646268, 41.0067692 ], [ 28.9645785, 41.0065637 ], [ 28.964379, 41.0062927 ] ] }, { "type": "LineString", "coordinates": [ [ 28.9660147, 41.007368199999988 ], [ 28.9660466, 41.0074163 ], [ 28.9661713, 41.0074775 ], [ 28.9662537, 41.0075346 ], [ 28.9664547, 41.0076475 ], [ 28.9665539, 41.0076495 ], [ 28.9666949, 41.0076563 ] ] }, { "type": "LineString", "coordinates": [ [ 28.9670034, 41.008205899999986 ], [ 28.966825, 41.008184600000014 ], [ 28.9668249, 41.0082244 ], [ 28.9668691, 41.0084947 ] ] }, { "type": "LineString", "coordinates": [ [ 28.9647518, 41.0080634 ], [ 28.9640461, 41.0082033 ], [ 28.9640073, 41.0082103 ] ] }, { "type": "LineString", "coordinates": [ [ 28.9640073, 41.0082103 ], [ 28.9639409, 41.0078078 ], [ 28.9639275, 41.0077494 ] ] }, { "type": "LineString", "coordinates": [ [ 28.9681747, 41.0066383 ], [ 28.9677331, 41.0067633 ], [ 28.9679383, 41.0072566 ] ] }, { "type": "LineString", "coordinates": [ [ 28.9666636, 41.0085377 ], [ 28.9664062, 41.0079184 ] ] }, { "type": "LineString", "coordinates": [ [ 28.9650074, 41.0074839 ], [ 28.9650278, 41.0075412 ], [ 28.9650732, 41.0076684 ], [ 28.9651148, 41.0077967 ] ] }, { "type": "LineString", "coordinates": [ [ 28.9651148, 41.0077967 ], [ 28.9652551, 41.008137 ] ] }, { "type": "LineString", "coordinates": [ [ 28.9652551, 41.008137 ], [ 28.965356, 41.0084122 ] ] }, { "type": "LineString", "coordinates": [ [ 28.965356, 41.0084122 ], [ 28.9654936, 41.00878980000001 ] ] }, { "type": "LineString", "coordinates": [ [ 28.9654936, 41.00878980000001 ], [ 28.9656144, 41.0090839 ] ] }, { "type": "LineString", "coordinates": [ [ 28.9686588, 41.0086134 ], [ 28.968585, 41.0079245 ] ] }, { "type": "LineString", "coordinates": [ [ 28.9682224, 41.0085678 ], [ 28.9680721, 41.008202099999984 ], [ 28.968013, 41.0080969 ], [ 28.9676582, 41.0077428 ] ] }, { "type": "LineString", "coordinates": [ [ 28.9678155, 41.0073008 ], [ 28.9680638, 41.007642 ] ] }, { "type": "LineString", "coordinates": [ [ 28.9680638, 41.007642 ], [ 28.9682057, 41.0078037 ], [ 28.968585, 41.0079245 ] ] }, { "type": "LineString", "coordinates": [ [ 28.968585, 41.0079245 ], [ 28.968952, 41.0080348 ], [ 28.9692131, 41.008012899999983 ] ] }, { "type": "LineString", "coordinates": [ [ 28.9666949, 41.0076563 ], [ 28.9667525, 41.007597099999984 ], [ 28.9668009, 41.0075265 ], [ 28.9668401, 41.007492699999986 ] ] }, { "type": "LineString", "coordinates": [ [ 28.961194, 41.007563 ], [ 28.9614082, 41.0078106 ] ] }, { "type": "LineString", "coordinates": [ [ 28.9614082, 41.0078106 ], [ 28.9616213, 41.0080787 ] ] }, { "type": "LineString", "coordinates": [ [ 28.9594112, 41.0078245 ], [ 28.9597074, 41.0078044 ], [ 28.9597516, 41.0078146 ], [ 28.9601038, 41.0077922 ] ] }, { "type": "LineString", "coordinates": [ [ 28.959375, 41.0072215 ], [ 28.9591899, 41.0069179 ], [ 28.959016, 41.0066056 ] ] }, { "type": "LineString", "coordinates": [ [ 28.9566359, 41.0115455 ], [ 28.9566287, 41.0115728 ], [ 28.9565725, 41.0117846 ], [ 28.9564489, 41.0122738 ] ] }, { "type": "LineString", "coordinates": [ [ 28.9564489, 41.0122738 ], [ 28.9563673, 41.0126234 ], [ 28.9563165, 41.0126865 ], [ 28.9562564, 41.0127224 ] ] }, { "type": "LineString", "coordinates": [ [ 28.959322, 41.0075389 ], [ 28.9593535, 41.007599 ], [ 28.9593992, 41.0076697 ] ] }, { "type": "LineString", "coordinates": [ [ 28.9569886, 41.010477399999985 ], [ 28.9568484, 41.0104637 ], [ 28.9568315, 41.0105624 ], [ 28.9569312, 41.0105722 ], [ 28.9569716, 41.0105762 ], [ 28.9569886, 41.010477399999985 ] ] }, { "type": "LineString", "coordinates": [ [ 28.9628578, 41.0063947 ], [ 28.9625201, 41.0064975 ] ] }, { "type": "LineString", "coordinates": [ [ 28.9625201, 41.0064975 ], [ 28.962231, 41.006581399999988 ] ] }, { "type": "LineString", "coordinates": [ [ 28.9626642, 41.0071026 ], [ 28.9626955, 41.0069629 ], [ 28.9625201, 41.0064975 ] ] }, { "type": "LineString", "coordinates": [ [ 28.9573153, 41.012012799999987 ], [ 28.957574, 41.0120384 ], [ 28.9576843, 41.0120486 ], [ 28.9577321, 41.0120475 ], [ 28.9577814, 41.0120432 ], [ 28.9578156, 41.0120337 ] ] }, { "type": "LineString", "coordinates": [ [ 28.9578156, 41.0120337 ], [ 28.9579559, 41.0119803 ], [ 28.9580902, 41.0119282 ], [ 28.9582417, 41.0118611 ], [ 28.9583047, 41.011824 ] ] }, { "type": "LineString", "coordinates": [ [ 28.9573603, 41.010959 ], [ 28.9581513, 41.0107207 ] ] }, { "type": "LineString", "coordinates": [ [ 28.9627806, 41.0094517 ], [ 28.9627693, 41.0093944 ], [ 28.9627122, 41.0092138 ], [ 28.9626509, 41.0090987 ], [ 28.9626223, 41.0090668 ], [ 28.9625989, 41.009051499999984 ] ] }, { "type": "LineString", "coordinates": [ [ 28.9626489, 41.0125769 ], [ 28.9628392, 41.0125827 ], [ 28.9629576, 41.012594700000022 ], [ 28.9631181, 41.012611 ], [ 28.9632871, 41.0126932 ], [ 28.9634534, 41.0127984 ], [ 28.9636573, 41.0128875 ], [ 28.9637644, 41.012903499999986 ] ] }, { "type": "LineString", "coordinates": [ [ 28.9637644, 41.012903499999986 ], [ 28.9638511, 41.0129164 ], [ 28.9639851, 41.0129042 ] ] }, { "type": "LineString", "coordinates": [ [ 28.9639851, 41.0129042 ], [ 28.9640734, 41.0128962 ], [ 28.9642123, 41.0128583 ] ] }, { "type": "LineString", "coordinates": [ [ 28.9645263, 41.0127458 ], [ 28.9649394, 41.0126689 ], [ 28.9650285, 41.0126575 ] ] }, { "type": "LineString", "coordinates": [ [ 28.9647625, 41.0113928 ], [ 28.9649742, 41.011392599999986 ], [ 28.9651727, 41.011506 ], [ 28.9652425, 41.0117407 ], [ 28.9652317, 41.0119877 ], [ 28.9651701, 41.0123075 ], [ 28.9651382, 41.0124779 ], [ 28.9650285, 41.0126575 ] ] }, { "type": "LineString", "coordinates": [ [ 28.9635151, 41.011085 ], [ 28.9634776, 41.0111943 ], [ 28.9635366, 41.0112793 ], [ 28.9637941, 41.0113157 ], [ 28.9640024, 41.011332 ], [ 28.9641249, 41.0113421 ] ] }, { "type": "LineString", "coordinates": [ [ 28.9641249, 41.0113421 ], [ 28.9642109, 41.0113556 ], [ 28.9643251, 41.0113724 ], [ 28.9645738, 41.0113965 ] ] }, { "type": "LineString", "coordinates": [ [ 28.9645738, 41.0113965 ], [ 28.9645808, 41.0114207 ], [ 28.9646002, 41.0114431 ], [ 28.9646268, 41.0114577 ], [ 28.9646482, 41.0114633 ], [ 28.9646809, 41.0114642 ], [ 28.9647078, 41.0114583 ], [ 28.9647347, 41.0114442 ], [ 28.964747, 41.0114328 ], [ 28.9647599, 41.01141 ], [ 28.9647625, 41.0113928 ] ] }, { "type": "LineString", "coordinates": [ [ 28.9647625, 41.0113928 ], [ 28.9647564, 41.0113685 ], [ 28.9647486, 41.0113566 ], [ 28.964727, 41.011338 ], [ 28.964709, 41.0113295 ], [ 28.9646774, 41.0113228 ] ] }, { "type": "LineString", "coordinates": [ [ 28.9646774, 41.0113228 ], [ 28.96465, 41.0113238 ], [ 28.9646194, 41.0113327 ], [ 28.9645986, 41.0113455 ], [ 28.964581, 41.0113664 ], [ 28.9645738, 41.0113965 ] ] }, { "type": "LineString", "coordinates": [ [ 28.9646738, 41.0112186 ], [ 28.9646774, 41.0113228 ] ] }, { "type": "LineString", "coordinates": [ [ 28.9641249, 41.0113421 ], [ 28.9642146, 41.011045 ] ] }, { "type": "LineString", "coordinates": [ [ 28.9688393, 41.009397 ], [ 28.9690216, 41.0094833 ], [ 28.9691295, 41.0096244 ] ] }, { "type": "LineString", "coordinates": [ [ 28.9688741, 41.0096918 ], [ 28.9685459, 41.0095993 ] ] }, { "type": "LineString", "coordinates": [ [ 28.968469, 41.0093173 ], [ 28.9688684, 41.0090612 ] ] }, { "type": "LineString", "coordinates": [ [ 28.9695389, 41.0092701 ], [ 28.9701868, 41.0091619 ] ] }, { "type": "LineString", "coordinates": [ [ 28.9682598, 41.0113231 ], [ 28.968233, 41.0115073 ], [ 28.9681271, 41.0117396 ] ] }, { "type": "LineString", "coordinates": [ [ 28.9669482, 41.010896 ], [ 28.9666524, 41.010984 ] ] }, { "type": "LineString", "coordinates": [ [ 28.9666524, 41.010984 ], [ 28.9665777, 41.0109927 ] ] }, { "type": "LineString", "coordinates": [ [ 28.9697768, 41.0106356 ], [ 28.9696655, 41.010633 ] ] }, { "type": "LineString", "coordinates": [ [ 28.9696655, 41.010633 ], [ 28.9696255, 41.0106313 ] ] }, { "type": "LineString", "coordinates": [ [ 28.9696255, 41.0106313 ], [ 28.969554, 41.0106283 ], [ 28.9695204, 41.0106269 ] ] }, { "type": "LineString", "coordinates": [ [ 28.9695204, 41.0106269 ], [ 28.9693544, 41.0106089 ] ] }, { "type": "LineString", "coordinates": [ [ 28.9693544, 41.0106089 ], [ 28.969247, 41.0105972 ] ] }, { "type": "LineString", "coordinates": [ [ 28.9715938, 41.0097626 ], [ 28.9724575, 41.0097323 ] ] }, { "type": "LineString", "coordinates": [ [ 28.9724575, 41.0097323 ], [ 28.9727026, 41.0096186 ], [ 28.9727804, 41.009583 ] ] }, { "type": "LineString", "coordinates": [ [ 28.9687071, 41.011367099999987 ], [ 28.9686999, 41.0113898 ] ] }, { "type": "LineString", "coordinates": [ [ 28.9716643, 41.0101181 ], [ 28.9715938, 41.0097626 ] ] }, { "type": "LineString", "coordinates": [ [ 28.9715938, 41.0097626 ], [ 28.9715214, 41.00929510000001 ], [ 28.9711823, 41.0093238 ] ] }, { "type": "LineString", "coordinates": [ [ 28.9680596, 41.0096524 ], [ 28.96815, 41.0096399 ], [ 28.9683993, 41.0096159 ], [ 28.9685459, 41.0095993 ] ] }, { "type": "LineString", "coordinates": [ [ 28.9685459, 41.0095993 ], [ 28.9686005, 41.0095845 ], [ 28.9687346, 41.0094934 ], [ 28.9688393, 41.009397 ] ] }, { "type": "LineString", "coordinates": [ [ 28.9688393, 41.009397 ], [ 28.9689652, 41.0093113 ], [ 28.9690871, 41.009238199999984 ] ] }, { "type": "LineString", "coordinates": [ [ 28.9702715, 41.0095249 ], [ 28.9702032, 41.009228 ], [ 28.9701868, 41.0091619 ] ] }, { "type": "LineString", "coordinates": [ [ 28.9701868, 41.0091619 ], [ 28.9701106, 41.0089055 ] ] }, { "type": "LineString", "coordinates": [ [ 28.9698933, 41.0089389 ], [ 28.9694966, 41.0090046 ] ] }, { "type": "LineString", "coordinates": [ [ 28.9680696, 41.009743199999988 ], [ 28.9680596, 41.0096524 ] ] }, { "type": "LineString", "coordinates": [ [ 28.9680596, 41.0096524 ], [ 28.9679278, 41.0092902 ], [ 28.9677153, 41.009287 ], [ 28.9673829, 41.009297499999988 ] ] }, { "type": "LineString", "coordinates": [ [ 28.9680696, 41.009743199999988 ], [ 28.9684237, 41.0097781 ], [ 28.9687808, 41.0098185 ] ] }, { "type": "LineString", "coordinates": [ [ 28.9675089, 41.0112562 ], [ 28.9678579, 41.0112873 ] ] }, { "type": "LineString", "coordinates": [ [ 28.9678579, 41.0112873 ], [ 28.9679974, 41.011299699999988 ] ] }, { "type": "LineString", "coordinates": [ [ 28.9679974, 41.011299699999988 ], [ 28.9681636, 41.0113145 ] ] }, { "type": "LineString", "coordinates": [ [ 28.9681636, 41.0113145 ], [ 28.9682598, 41.0113231 ] ] }, { "type": "LineString", "coordinates": [ [ 28.9682598, 41.0113231 ], [ 28.9683172, 41.0113287 ] ] }, { "type": "LineString", "coordinates": [ [ 28.9683172, 41.0113287 ], [ 28.9687071, 41.011367099999987 ] ] }, { "type": "LineString", "coordinates": [ [ 28.9688445, 41.011062 ], [ 28.9689844, 41.0110731 ] ] }, { "type": "LineString", "coordinates": [ [ 28.9689844, 41.0110731 ], [ 28.9691054, 41.0110828 ] ] }, { "type": "LineString", "coordinates": [ [ 28.9691054, 41.0110828 ], [ 28.9692127, 41.0110913 ] ] }, { "type": "LineString", "coordinates": [ [ 28.9692127, 41.0110913 ], [ 28.9693712, 41.0111039 ] ] }, { "type": "LineString", "coordinates": [ [ 28.9674784, 41.0100789 ], [ 28.9676332, 41.0101021 ] ] }, { "type": "LineString", "coordinates": [ [ 28.9676332, 41.0101021 ], [ 28.9678241, 41.0101307 ] ] }, { "type": "LineString", "coordinates": [ [ 28.9678241, 41.0101307 ], [ 28.9679737, 41.0101531 ] ] }, { "type": "LineString", "coordinates": [ [ 28.9679737, 41.0101531 ], [ 28.9681584, 41.0101807 ] ] }, { "type": "LineString", "coordinates": [ [ 28.9684469, 41.0107986 ], [ 28.9687415, 41.0108525 ], [ 28.9687885, 41.0107061 ] ] }, { "type": "LineString", "coordinates": [ [ 28.9688445, 41.011062 ], [ 28.9688209, 41.0111551 ] ] }, { "type": "LineString", "coordinates": [ [ 28.9688209, 41.0111551 ], [ 28.9687838, 41.0112667 ] ] }, { "type": "LineString", "coordinates": [ [ 28.9695072, 41.0097616 ], [ 28.9694244, 41.009779 ], [ 28.9693717, 41.009790099999989 ] ] }, { "type": "LineString", "coordinates": [ [ 28.9693717, 41.009790099999989 ], [ 28.9691729, 41.009834 ] ] }, { "type": "LineString", "coordinates": [ [ 28.9691729, 41.009834 ], [ 28.968739, 41.0099297 ] ] }, { "type": "LineString", "coordinates": [ [ 28.9674898, 41.0119642 ], [ 28.9674624, 41.0119599 ] ] }, { "type": "LineString", "coordinates": [ [ 28.9674855, 41.0122376 ], [ 28.9674856, 41.0122078 ], [ 28.9674898, 41.0119642 ] ] }, { "type": "LineString", "coordinates": [ [ 28.9674898, 41.0119642 ], [ 28.9674944, 41.0116149 ] ] }, { "type": "LineString", "coordinates": [ [ 28.9674944, 41.0116149 ], [ 28.9675089, 41.0112562 ] ] }, { "type": "LineString", "coordinates": [ [ 28.9675089, 41.0112562 ], [ 28.9675118, 41.0111618 ] ] }, { "type": "LineString", "coordinates": [ [ 28.9675118, 41.0111618 ], [ 28.9675136, 41.0111051 ] ] }, { "type": "LineString", "coordinates": [ [ 28.9675136, 41.0111051 ], [ 28.9675145, 41.0110748 ] ] }, { "type": "LineString", "coordinates": [ [ 28.9675145, 41.0110748 ], [ 28.9675185, 41.0109473 ] ] }, { "type": "LineString", "coordinates": [ [ 28.9675185, 41.0109473 ], [ 28.9675202, 41.0107745 ] ] }, { "type": "LineString", "coordinates": [ [ 28.9674975, 41.0105396 ], [ 28.9675632, 41.0105444 ] ] }, { "type": "LineString", "coordinates": [ [ 28.9675632, 41.0105444 ], [ 28.9676973, 41.0105565 ] ] }, { "type": "LineString", "coordinates": [ [ 28.9676973, 41.0105565 ], [ 28.9678359, 41.010569 ] ] }, { "type": "LineString", "coordinates": [ [ 28.9678359, 41.010569 ], [ 28.9680404, 41.0105874 ] ] }, { "type": "LineString", "coordinates": [ [ 28.9680003, 41.0108519 ], [ 28.9680404, 41.0105874 ] ] }, { "type": "LineString", "coordinates": [ [ 28.9680404, 41.0105874 ], [ 28.968115, 41.010320299999989 ] ] }, { "type": "LineString", "coordinates": [ [ 28.968115, 41.010320299999989 ], [ 28.9681584, 41.0101807 ] ] }, { "type": "LineString", "coordinates": [ [ 28.9681584, 41.0101807 ], [ 28.9682227, 41.010013199999982 ] ] }, { "type": "LineString", "coordinates": [ [ 28.9682318, 41.0106113 ], [ 28.9682682, 41.0104771 ], [ 28.9685228, 41.0105164 ] ] }, { "type": "LineString", "coordinates": [ [ 28.9685228, 41.0105164 ], [ 28.9688272, 41.0105634 ], [ 28.9687885, 41.0107061 ] ] }, { "type": "LineString", "coordinates": [ [ 28.9674975, 41.0105396 ], [ 28.9674575, 41.0105298 ] ] }, { "type": "LineString", "coordinates": [ [ 28.9674575, 41.0105298 ], [ 28.9674258, 41.0105243 ], [ 28.9673373, 41.0104737 ] ] }, { "type": "LineString", "coordinates": [ [ 28.9673373, 41.0104737 ], [ 28.9672823, 41.0104323 ] ] }, { "type": "LineString", "coordinates": [ [ 28.9672823, 41.0104323 ], [ 28.96723, 41.0103928 ] ] }, { "type": "LineString", "coordinates": [ [ 28.96723, 41.0103928 ], [ 28.967207, 41.0103426 ] ] }, { "type": "LineString", "coordinates": [ [ 28.967207, 41.0103426 ], [ 28.9671817, 41.0102875 ] ] }, { "type": "LineString", "coordinates": [ [ 28.9671817, 41.0102875 ], [ 28.9671539, 41.010216 ] ] }, { "type": "LineString", "coordinates": [ [ 28.9671539, 41.010216 ], [ 28.9671254, 41.0101823 ], [ 28.9670529, 41.0101115 ], [ 28.9670353, 41.0101025 ], [ 28.9669457, 41.0100568 ], [ 28.9668357, 41.0100264 ] ] }, { "type": "LineString", "coordinates": [ [ 28.9693872, 41.0098832 ], [ 28.9693717, 41.009790099999989 ] ] }, { "type": "LineString", "coordinates": [ [ 28.9668195, 41.0102294 ], [ 28.9668357, 41.0100264 ] ] }, { "type": "LineString", "coordinates": [ [ 28.967207, 41.0103426 ], [ 28.967509, 41.0103441 ] ] }, { "type": "LineString", "coordinates": [ [ 28.9676391, 41.0107937 ], [ 28.9676973, 41.0105565 ] ] }, { "type": "LineString", "coordinates": [ [ 28.9676973, 41.0105565 ], [ 28.9677771, 41.0102713 ], [ 28.9677799, 41.0102629 ] ] }, { "type": "LineString", "coordinates": [ [ 28.9677799, 41.0102629 ], [ 28.9678241, 41.0101307 ] ] }, { "type": "LineString", "coordinates": [ [ 28.9678241, 41.0101307 ], [ 28.9678712, 41.0099531 ] ] }, { "type": "LineString", "coordinates": [ [ 28.9668974, 41.0099293 ], [ 28.9665087, 41.0098792 ] ] }, { "type": "LineString", "coordinates": [ [ 28.9695501, 41.0109615 ], [ 28.9695876, 41.0108416 ] ] }, { "type": "LineString", "coordinates": [ [ 28.9695876, 41.0108416 ], [ 28.9696198, 41.0107591 ], [ 28.9696655, 41.010633 ] ] }, { "type": "LineString", "coordinates": [ [ 28.9692026, 41.0107774 ], [ 28.9691054, 41.0110828 ] ] }, { "type": "LineString", "coordinates": [ [ 28.9691054, 41.0110828 ], [ 28.9690739, 41.0112151 ] ] }, { "type": "LineString", "coordinates": [ [ 28.9672823, 41.0104323 ], [ 28.9675135, 41.0104273 ] ] }, { "type": "LineString", "coordinates": [ [ 28.9689844, 41.0110731 ], [ 28.9690819, 41.0107572 ] ] }, { "type": "LineString", "coordinates": [ [ 28.9671539, 41.010216 ], [ 28.9672058, 41.0101702 ], [ 28.9672039, 41.01010740000001 ] ] }, { "type": "LineString", "coordinates": [ [ 28.9672039, 41.01010740000001 ], [ 28.9672166, 41.0099637 ] ] }, { "type": "LineString", "coordinates": [ [ 28.9672166, 41.0099637 ], [ 28.9672335, 41.0098563 ] ] }, { "type": "LineString", "coordinates": [ [ 28.9691968, 41.0101446 ], [ 28.9691773, 41.0100244 ], [ 28.9691729, 41.009834 ] ] }, { "type": "LineString", "coordinates": [ [ 28.9695204, 41.0106269 ], [ 28.9694529, 41.0108192 ] ] }, { "type": "LineString", "coordinates": [ [ 28.9696269, 41.010349499999982 ], [ 28.9696252, 41.0105871 ], [ 28.9696255, 41.0106313 ] ] }, { "type": "LineString", "coordinates": [ [ 28.9673426, 41.0102127 ], [ 28.9673302, 41.0099739 ] ] }, { "type": "LineString", "coordinates": [ [ 28.9697034, 41.0111088 ], [ 28.9697623, 41.0108708 ] ] }, { "type": "LineString", "coordinates": [ [ 28.9697623, 41.0108708 ], [ 28.9698144, 41.0106473 ], [ 28.9697768, 41.0106356 ] ] }, { "type": "LineString", "coordinates": [ [ 28.9675021, 41.0102154 ], [ 28.9676282, 41.010237 ] ] }, { "type": "LineString", "coordinates": [ [ 28.9676282, 41.010237 ], [ 28.9677799, 41.0102629 ] ] }, { "type": "LineString", "coordinates": [ [ 28.9677799, 41.0102629 ], [ 28.9679353, 41.0102895 ] ] }, { "type": "LineString", "coordinates": [ [ 28.9679353, 41.0102895 ], [ 28.968115, 41.010320299999989 ] ] }, { "type": "LineString", "coordinates": [ [ 28.968115, 41.010320299999989 ], [ 28.9685596, 41.0103964 ] ] }, { "type": "LineString", "coordinates": [ [ 28.9685596, 41.0103964 ], [ 28.969001, 41.0104719 ] ] }, { "type": "LineString", "coordinates": [ [ 28.9676655, 41.009918 ], [ 28.9676332, 41.0101021 ] ] }, { "type": "LineString", "coordinates": [ [ 28.9676332, 41.0101021 ], [ 28.9676282, 41.010237 ] ] }, { "type": "LineString", "coordinates": [ [ 28.9676282, 41.010237 ], [ 28.9675813, 41.0104252 ], [ 28.9675632, 41.0105444 ] ] }, { "type": "LineString", "coordinates": [ [ 28.9671817, 41.0102875 ], [ 28.9673534, 41.010285499999988 ], [ 28.967506, 41.0102876 ] ] }, { "type": "LineString", "coordinates": [ [ 28.9692658, 41.0105203 ], [ 28.9691624, 41.0105006 ] ] }, { "type": "LineString", "coordinates": [ [ 28.9691624, 41.0105006 ], [ 28.969001, 41.0104719 ] ] }, { "type": "LineString", "coordinates": [ [ 28.9693673, 41.0112435 ], [ 28.9693248, 41.0113562 ], [ 28.9692524, 41.011342 ], [ 28.9692328, 41.011420699999988 ], [ 28.969129, 41.01140680000001 ], [ 28.9687301, 41.0113417 ] ] }, { "type": "LineString", "coordinates": [ [ 28.9677465, 41.0109837 ], [ 28.9677707, 41.0108149 ] ] }, { "type": "LineString", "coordinates": [ [ 28.9677707, 41.0108149 ], [ 28.9678359, 41.010569 ] ] }, { "type": "LineString", "coordinates": [ [ 28.9678359, 41.010569 ], [ 28.9679353, 41.0102895 ] ] }, { "type": "LineString", "coordinates": [ [ 28.9679353, 41.0102895 ], [ 28.9679737, 41.0101531 ] ] }, { "type": "LineString", "coordinates": [ [ 28.9692127, 41.0110913 ], [ 28.9693023, 41.010794 ] ] }, { "type": "LineString", "coordinates": [ [ 28.9671539, 41.010216 ], [ 28.9673426, 41.0102127 ] ] }, { "type": "LineString", "coordinates": [ [ 28.9673426, 41.0102127 ], [ 28.9675021, 41.0102154 ] ] }, { "type": "LineString", "coordinates": [ [ 28.9672039, 41.01010740000001 ], [ 28.9668974, 41.0099293 ] ] }, { "type": "LineString", "coordinates": [ [ 28.9675118, 41.0111618 ], [ 28.9678756, 41.0111838 ] ] }, { "type": "LineString", "coordinates": [ [ 28.9666524, 41.010984 ], [ 28.9666667, 41.0109271 ] ] }, { "type": "LineString", "coordinates": [ [ 28.9666667, 41.0109271 ], [ 28.9667043, 41.0107895 ], [ 28.9667289, 41.0106693 ] ] }, { "type": "LineString", "coordinates": [ [ 28.9667289, 41.0106693 ], [ 28.966774, 41.0106134 ], [ 28.9668867, 41.0105466 ] ] }, { "type": "LineString", "coordinates": [ [ 28.9672595, 41.010668 ], [ 28.9674043, 41.0105871 ], [ 28.9674575, 41.0105298 ] ] }, { "type": "LineString", "coordinates": [ [ 28.9670904, 41.0106197 ], [ 28.9671388, 41.0105992 ], [ 28.9673373, 41.0104737 ] ] }, { "type": "LineString", "coordinates": [ [ 28.9669482, 41.010896 ], [ 28.9671468, 41.0107956 ], [ 28.9672396, 41.0107828 ] ] }, { "type": "LineString", "coordinates": [ [ 28.9667482, 41.0118508 ], [ 28.9667498, 41.0118344 ], [ 28.9667717, 41.0116104 ], [ 28.9673104, 41.0116153 ] ] }, { "type": "LineString", "coordinates": [ [ 28.9673104, 41.0116153 ], [ 28.9674547, 41.0116148 ] ] }, { "type": "LineString", "coordinates": [ [ 28.9666667, 41.0109271 ], [ 28.9668008, 41.0108644 ], [ 28.9669204, 41.0108309 ] ] }, { "type": "LineString", "coordinates": [ [ 28.9675145, 41.0110748 ], [ 28.9678846, 41.0111308 ] ] }, { "type": "LineString", "coordinates": [ [ 28.9678846, 41.0111308 ], [ 28.9680275, 41.011152399999986 ] ] }, { "type": "LineString", "coordinates": [ [ 28.9680275, 41.011152399999986 ], [ 28.9681905, 41.011177 ] ] }, { "type": "LineString", "coordinates": [ [ 28.9681905, 41.011177 ], [ 28.9683468, 41.0112006 ] ] }, { "type": "LineString", "coordinates": [ [ 28.9683468, 41.0112006 ], [ 28.9687838, 41.0112667 ] ] }, { "type": "LineString", "coordinates": [ [ 28.9678579, 41.0112873 ], [ 28.9678756, 41.0111838 ] ] }, { "type": "LineString", "coordinates": [ [ 28.9678756, 41.0111838 ], [ 28.9678846, 41.0111308 ] ] }, { "type": "LineString", "coordinates": [ [ 28.9678846, 41.0111308 ], [ 28.9679511, 41.011016299999987 ] ] }, { "type": "LineString", "coordinates": [ [ 28.9679511, 41.011016299999987 ], [ 28.9679798, 41.01091310000001 ], [ 28.9680003, 41.0108519 ] ] }, { "type": "LineString", "coordinates": [ [ 28.9671972, 41.0110314 ], [ 28.9672396, 41.0107828 ] ] }, { "type": "LineString", "coordinates": [ [ 28.9672396, 41.0107828 ], [ 28.9671656, 41.0106984 ], [ 28.9670904, 41.0106197 ] ] }, { "type": "LineString", "coordinates": [ [ 28.9670904, 41.0106197 ], [ 28.9669759, 41.0105066 ] ] }, { "type": "LineString", "coordinates": [ [ 28.9683172, 41.0113287 ], [ 28.9683468, 41.0112006 ] ] }, { "type": "LineString", "coordinates": [ [ 28.9683468, 41.0112006 ], [ 28.9683673, 41.0110827 ] ] }, { "type": "LineString", "coordinates": [ [ 28.9683673, 41.0110827 ], [ 28.9684143, 41.0109187 ] ] }, { "type": "LineString", "coordinates": [ [ 28.9689479, 41.0112201 ], [ 28.9690739, 41.0112151 ] ] }, { "type": "LineString", "coordinates": [ [ 28.9690739, 41.0112151 ], [ 28.9693673, 41.0112435 ] ] }, { "type": "LineString", "coordinates": [ [ 28.9675185, 41.0109473 ], [ 28.9677465, 41.0109837 ] ] }, { "type": "LineString", "coordinates": [ [ 28.9677465, 41.0109837 ], [ 28.9679511, 41.011016299999987 ] ] }, { "type": "LineString", "coordinates": [ [ 28.9679511, 41.011016299999987 ], [ 28.9683673, 41.0110827 ] ] }, { "type": "LineString", "coordinates": [ [ 28.9683673, 41.0110827 ], [ 28.9688209, 41.0111551 ] ] }, { "type": "LineString", "coordinates": [ [ 28.9670959, 41.011 ], [ 28.9670786, 41.011023599999987 ] ] }, { "type": "LineString", "coordinates": [ [ 28.9679974, 41.011299699999988 ], [ 28.9680275, 41.011152399999986 ] ] }, { "type": "LineString", "coordinates": [ [ 28.9673104, 41.0116153 ], [ 28.9673024, 41.0114635 ], [ 28.967297, 41.01124080000001 ], [ 28.9671683, 41.0112226 ], [ 28.9672393, 41.0110804 ] ] }, { "type": "LineString", "coordinates": [ [ 28.966444, 41.0106208 ], [ 28.9666801, 41.01066320000001 ] ] }, { "type": "LineString", "coordinates": [ [ 28.9666801, 41.01066320000001 ], [ 28.9666938, 41.0106659 ], [ 28.9667289, 41.0106693 ] ] }, { "type": "LineString", "coordinates": [ [ 28.9667289, 41.0106693 ], [ 28.9667579, 41.0106721 ], [ 28.9668276, 41.0107085 ], [ 28.9669001, 41.0107834 ], [ 28.9669204, 41.0108309 ] ] }, { "type": "LineString", "coordinates": [ [ 28.9669204, 41.0108309 ], [ 28.9669482, 41.010896 ] ] }, { "type": "LineString", "coordinates": [ [ 28.9669482, 41.010896 ], [ 28.9669913, 41.0109352 ], [ 28.9670959, 41.011 ] ] }, { "type": "LineString", "coordinates": [ [ 28.9670959, 41.011 ], [ 28.9671972, 41.0110314 ] ] }, { "type": "LineString", "coordinates": [ [ 28.9671972, 41.0110314 ], [ 28.9672549, 41.011049199999988 ] ] }, { "type": "LineString", "coordinates": [ [ 28.9672549, 41.011049199999988 ], [ 28.9673499, 41.0110786 ], [ 28.9675136, 41.0111051 ] ] }, { "type": "LineString", "coordinates": [ [ 28.9666801, 41.01066320000001 ], [ 28.9666402, 41.010963 ], [ 28.9665777, 41.0109927 ] ] }, { "type": "LineString", "coordinates": [ [ 28.9681636, 41.0113145 ], [ 28.9681905, 41.011177 ] ] }, { "type": "LineString", "coordinates": [ [ 28.9674975, 41.0105396 ], [ 28.9675135, 41.0104273 ] ] }, { "type": "LineString", "coordinates": [ [ 28.9675135, 41.0104273 ], [ 28.967509, 41.0103441 ] ] }, { "type": "LineString", "coordinates": [ [ 28.967509, 41.0103441 ], [ 28.967506, 41.0102876 ] ] }, { "type": "LineString", "coordinates": [ [ 28.967506, 41.0102876 ], [ 28.9675021, 41.0102154 ] ] }, { "type": "LineString", "coordinates": [ [ 28.9668974, 41.0099293 ], [ 28.9672166, 41.0099637 ] ] }, { "type": "LineString", "coordinates": [ [ 28.9672166, 41.0099637 ], [ 28.9673302, 41.0099739 ] ] }, { "type": "LineString", "coordinates": [ [ 28.9673302, 41.0099739 ], [ 28.9674622, 41.0099858 ] ] }, { "type": "LineString", "coordinates": [ [ 28.9672396, 41.0107828 ], [ 28.9672943, 41.0107753 ], [ 28.9675202, 41.0107745 ] ] }, { "type": "LineString", "coordinates": [ [ 28.9675202, 41.0107745 ], [ 28.9676391, 41.0107937 ] ] }, { "type": "LineString", "coordinates": [ [ 28.9676391, 41.0107937 ], [ 28.9677707, 41.0108149 ] ] }, { "type": "LineString", "coordinates": [ [ 28.9677707, 41.0108149 ], [ 28.9680003, 41.0108519 ] ] }, { "type": "LineString", "coordinates": [ [ 28.9680003, 41.0108519 ], [ 28.9684143, 41.0109187 ] ] }, { "type": "LineString", "coordinates": [ [ 28.9684143, 41.0109187 ], [ 28.9688633, 41.010991 ] ] }, { "type": "LineString", "coordinates": [ [ 28.9668357, 41.0100264 ], [ 28.966664, 41.0099981 ], [ 28.9664983, 41.0099741 ] ] }, { "type": "LineString", "coordinates": [ [ 28.9685596, 41.0103964 ], [ 28.9686166, 41.0102493 ] ] }, { "type": "LineString", "coordinates": [ [ 28.9686166, 41.0102493 ], [ 28.9686784, 41.0100911 ] ] }, { "type": "LineString", "coordinates": [ [ 28.9688445, 41.011062 ], [ 28.9688633, 41.010991 ] ] }, { "type": "LineString", "coordinates": [ [ 28.9688633, 41.010991 ], [ 28.968932, 41.0107321 ] ] }, { "type": "LineString", "coordinates": [ [ 28.9693023, 41.010794 ], [ 28.9693544, 41.0106089 ] ] }, { "type": "LineString", "coordinates": [ [ 28.9694529, 41.0108192 ], [ 28.9694185, 41.0109406 ], [ 28.9693712, 41.0111039 ] ] }, { "type": "LineString", "coordinates": [ [ 28.9690533, 41.010321 ], [ 28.9693009, 41.0103383 ] ] }, { "type": "LineString", "coordinates": [ [ 28.9693009, 41.0103383 ], [ 28.9694051, 41.0103455 ], [ 28.9696269, 41.010349499999982 ] ] }, { "type": "LineString", "coordinates": [ [ 28.9696269, 41.010349499999982 ], [ 28.9698733, 41.0103539 ], [ 28.9698826, 41.010354 ] ] }, { "type": "LineString", "coordinates": [ [ 28.9692026, 41.0107774 ], [ 28.969247, 41.0105972 ] ] }, { "type": "LineString", "coordinates": [ [ 28.969247, 41.0105972 ], [ 28.9692658, 41.0105203 ] ] }, { "type": "LineString", "coordinates": [ [ 28.9692658, 41.0105203 ], [ 28.9693009, 41.0103383 ] ] }, { "type": "LineString", "coordinates": [ [ 28.9693009, 41.0103383 ], [ 28.9693084, 41.0101376 ] ] }, { "type": "LineString", "coordinates": [ [ 28.9720556, 41.0120346 ], [ 28.9721555, 41.0118177 ], [ 28.9721671, 41.0116388 ] ] }, { "type": "LineString", "coordinates": [ [ 28.9713312, 41.0137601 ], [ 28.9712445, 41.0135928 ] ] }, { "type": "LineString", "coordinates": [ [ 28.9684685, 41.0145779 ], [ 28.9685014, 41.0147705 ], [ 28.9684207, 41.014873 ], [ 28.9683108, 41.014958 ] ] }, { "type": "LineString", "coordinates": [ [ 28.9683108, 41.014958 ], [ 28.9682987, 41.0150734 ] ] }, { "type": "LineString", "coordinates": [ [ 28.9731658, 41.0112793 ], [ 28.9729067, 41.0112654 ], [ 28.9728544, 41.0111662 ], [ 28.9729501, 41.0109676 ] ] }, { "type": "LineString", "coordinates": [ [ 28.9681659, 41.0144217 ], [ 28.9680506, 41.0144945 ], [ 28.968042, 41.0146148 ] ] }, { "type": "LineString", "coordinates": [ [ 28.9704513, 41.013971899999987 ], [ 28.9704217, 41.01406 ], [ 28.9703955, 41.0141717 ], [ 28.9706175, 41.0141647 ], [ 28.9708634, 41.014145 ] ] }, { "type": "LineString", "coordinates": [ [ 28.9727387, 41.0109229 ], [ 28.9728369, 41.0105731 ], [ 28.9728544, 41.0105375 ] ] }, { "type": "LineString", "coordinates": [ [ 28.9715026, 41.0128683 ], [ 28.9714722, 41.0122379 ], [ 28.9714773, 41.0122002 ] ] }, { "type": "LineString", "coordinates": [ [ 28.9718778, 41.013951 ], [ 28.9718036, 41.0139345 ], [ 28.9716049, 41.0139339 ], [ 28.9715833, 41.0136719 ] ] }, { "type": "LineString", "coordinates": [ [ 28.9732468, 41.0105531 ], [ 28.9731928, 41.0109988 ] ] }, { "type": "LineString", "coordinates": [ [ 28.9731928, 41.0109988 ], [ 28.9731658, 41.0112793 ] ] }, { "type": "LineString", "coordinates": [ [ 28.9731658, 41.0112793 ], [ 28.9731314, 41.011612599999985 ] ] }, { "type": "LineString", "coordinates": [ [ 28.9719861, 41.0132466 ], [ 28.9719051, 41.0132101 ], [ 28.9718776, 41.0131059 ], [ 28.9718556, 41.012600499999984 ], [ 28.9718491, 41.012317 ], [ 28.9718297, 41.012276199999988 ] ] }, { "type": "LineString", "coordinates": [ [ 28.9721068, 41.0122827 ], [ 28.9720445, 41.0129207 ], [ 28.9719961, 41.0132053 ], [ 28.9719861, 41.0132466 ] ] }, { "type": "LineString", "coordinates": [ [ 28.9719861, 41.0132466 ], [ 28.9720377, 41.013320699999987 ], [ 28.9718522, 41.0134842 ] ] }, { "type": "LineString", "coordinates": [ [ 28.9667078, 41.0155638 ], [ 28.9670726, 41.0155562 ] ] }, { "type": "LineString", "coordinates": [ [ 28.9670726, 41.0155562 ], [ 28.9675492, 41.0155562 ] ] }, { "type": "LineString", "coordinates": [ [ 28.9683405, 41.0157488 ], [ 28.9684438, 41.0158434 ], [ 28.9686762, 41.016131 ] ] }, { "type": "LineString", "coordinates": [ [ 28.9725538, 41.0159968 ], [ 28.9722452, 41.0161353 ] ] }, { "type": "LineString", "coordinates": [ [ 28.9712835, 41.0144821 ], [ 28.9711027, 41.0141601 ] ] }, { "type": "LineString", "coordinates": [ [ 28.9675812, 41.0170122 ], [ 28.9677274, 41.0171697 ] ] }, { "type": "LineString", "coordinates": [ [ 28.9673992, 41.017756 ], [ 28.9671311, 41.01792420000001 ], [ 28.9671071, 41.0179465 ] ] }, { "type": "LineString", "coordinates": [ [ 28.9686941, 41.0172418 ], [ 28.9684529, 41.0173572 ], [ 28.9683613, 41.0172703 ] ] }, { "type": "LineString", "coordinates": [ [ 28.9771796, 41.016619 ], [ 28.9773582, 41.016684900000016 ], [ 28.9775322, 41.0167491 ], [ 28.9776393, 41.016772 ] ] }, { "type": "LineString", "coordinates": [ [ 28.9788567, 41.0163237 ], [ 28.978856, 41.016453799999987 ], [ 28.978857, 41.0164919 ], [ 28.9787926, 41.0165185 ], [ 28.9776752, 41.0165309 ], [ 28.9773121, 41.0165367 ], [ 28.9770723, 41.0165177 ] ] }, { "type": "LineString", "coordinates": [ [ 28.965604, 41.0190647 ], [ 28.9656823, 41.0189927 ], [ 28.9657749, 41.0189191 ], [ 28.9661389, 41.0187841 ], [ 28.9663389, 41.0187142 ], [ 28.9665451, 41.0186448 ], [ 28.9666354, 41.01862890000001 ], [ 28.9666837, 41.0186404 ], [ 28.9667147, 41.0186584 ] ] }, { "type": "LineString", "coordinates": [ [ 28.9625734, 41.0177926 ], [ 28.962674, 41.017802599999989 ], [ 28.962725, 41.0179007 ], [ 28.9628631, 41.0180373 ], [ 28.9630466, 41.018072 ] ] }, { "type": "LineString", "coordinates": [ [ 28.9644922, 41.0196557 ], [ 28.9645475, 41.019562 ], [ 28.9647838, 41.0194215 ], [ 28.9649718, 41.0193142 ], [ 28.9653624, 41.0191067 ], [ 28.965604, 41.0190647 ] ] }, { "type": "LineString", "coordinates": [ [ 28.9647284, 41.0172591 ], [ 28.9647952, 41.017392099999988 ], [ 28.9648085, 41.0174404 ], [ 28.9648127, 41.0174821 ], [ 28.9647759, 41.017579 ], [ 28.9647411, 41.0176523 ], [ 28.9645779, 41.0178551 ], [ 28.9645469, 41.0178723 ], [ 28.9644893, 41.017865 ], [ 28.9643663, 41.0178318 ], [ 28.9643647, 41.0178161 ], [ 28.9643704, 41.017784 ], [ 28.9644876, 41.017541 ] ] }, { "type": "LineString", "coordinates": [ [ 28.9615193, 41.0196774 ], [ 28.9612212, 41.0195187 ] ] }, { "type": "LineString", "coordinates": [ [ 28.9612212, 41.0195187 ], [ 28.9611546, 41.0194833 ], [ 28.9610553, 41.0194528 ], [ 28.9607964, 41.019385599999985 ] ] }, { "type": "LineString", "coordinates": [ [ 28.9607964, 41.019385599999985 ], [ 28.9603373, 41.019290799999986 ] ] }, { "type": "LineString", "coordinates": [ [ 28.9603373, 41.019290799999986 ], [ 28.9600155, 41.0192301 ] ] }, { "type": "LineString", "coordinates": [ [ 28.9636604, 41.0199744 ], [ 28.9633562, 41.0197036 ] ] }, { "type": "LineString", "coordinates": [ [ 28.9615392, 41.0211127 ], [ 28.9617422, 41.0213243 ] ] }, { "type": "LineString", "coordinates": [ [ 28.9617422, 41.0213243 ], [ 28.9618875, 41.021472099999983 ] ] }, { "type": "LineString", "coordinates": [ [ 28.9624491, 41.0206713 ], [ 28.9623687, 41.0205676 ], [ 28.9622236, 41.020409599999986 ] ] }, { "type": "LineString", "coordinates": [ [ 28.9623731, 41.02122330000001 ], [ 28.9620912, 41.0213718 ], [ 28.9618875, 41.021472099999983 ] ] }, { "type": "LineString", "coordinates": [ [ 28.9617789, 41.0186998 ], [ 28.9617124, 41.018581 ], [ 28.9615957, 41.0184395 ], [ 28.9615441, 41.01835830000001 ] ] }, { "type": "LineString", "coordinates": [ [ 28.9605476, 41.0173336 ], [ 28.9603057, 41.0173815 ], [ 28.9602237, 41.017376 ], [ 28.9600965, 41.0173658 ], [ 28.9600081, 41.0173708 ], [ 28.9598929, 41.017418 ] ] }, { "type": "LineString", "coordinates": [ [ 28.9607524, 41.0168473 ], [ 28.960942, 41.016881 ], [ 28.9612517, 41.016891 ] ] }, { "type": "LineString", "coordinates": [ [ 28.9607964, 41.019385599999985 ], [ 28.9607966, 41.0195722 ], [ 28.9608462, 41.0197725 ], [ 28.9609909, 41.0200549 ] ] }, { "type": "LineString", "coordinates": [ [ 28.9609909, 41.0200549 ], [ 28.9610755, 41.0202046 ], [ 28.9611627, 41.0204471 ] ] }, { "type": "LineString", "coordinates": [ [ 28.9604771, 41.0141765 ], [ 28.9604662, 41.0141532 ], [ 28.960466, 41.0141224 ], [ 28.960513, 41.0140634 ], [ 28.960585, 41.0140004 ], [ 28.9607137, 41.0139002 ], [ 28.9607584, 41.013858399999982 ], [ 28.9609565, 41.0136959 ] ] }, { "type": "LineString", "coordinates": [ [ 28.959387, 41.0128169 ], [ 28.9588154, 41.0130278 ] ] }, { "type": "LineString", "coordinates": [ [ 28.9588154, 41.0130278 ], [ 28.9585448, 41.013167 ], [ 28.9581343, 41.0134015 ] ] }, { "type": "LineString", "coordinates": [ [ 28.9529276, 41.009394 ], [ 28.953047639724904, 41.009440003258703 ] ] }, { "type": "LineString", "coordinates": [ [ 28.953047639724904, 41.009440003258703 ], [ 28.9530612, 41.0094452 ], [ 28.953063684801087, 41.009446571027404 ] ] }, { "type": "LineString", "coordinates": [ [ 28.953063684801087, 41.009446571027404 ], [ 28.9531462, 41.009492100000017 ] ] }, { "type": "LineString", "coordinates": [ [ 28.9532871, 41.0095929 ], [ 28.95329679518218, 41.009602460329198 ] ] }, { "type": "LineString", "coordinates": [ [ 28.95329679518218, 41.009602460329198 ], [ 28.9533518, 41.0096567 ], [ 28.95336383734476, 41.009671812767536 ] ] }, { "type": "LineString", "coordinates": [ [ 28.95336383734476, 41.009671812767536 ], [ 28.9534019, 41.0097196 ] ] }, { "type": "LineString", "coordinates": [ [ 28.953439, 41.0097873 ], [ 28.953442197765117, 41.009795745114431 ] ] }, { "type": "LineString", "coordinates": [ [ 28.953442197765117, 41.009795745114431 ], [ 28.9534688, 41.009866 ] ] }, { "type": "LineString", "coordinates": [ [ 28.9774334, 41.0085926 ], [ 28.9773135, 41.0086704 ] ] }, { "type": "LineString", "coordinates": [ [ 28.9745569, 41.001981 ], [ 28.974657, 41.0019721 ], [ 28.9749751, 41.0019754 ], [ 28.9751175, 41.0020019 ], [ 28.9751623, 41.002010299999988 ] ] }, { "type": "LineString", "coordinates": [ [ 28.9788133, 41.0035212 ], [ 28.9786074, 41.0038163 ], [ 28.9789522, 41.0039633 ] ] }, { "type": "LineString", "coordinates": [ [ 28.9613284, 41.0215462 ], [ 28.9617422, 41.0213243 ] ] }, { "type": "LineString", "coordinates": [ [ 28.9617422, 41.0213243 ], [ 28.9620622, 41.0211635 ], [ 28.9622476, 41.0210661 ] ] }, { "type": "LineString", "coordinates": [ [ 28.9622476, 41.0210661 ], [ 28.9627589, 41.0207901 ] ] }, { "type": "LineString", "coordinates": [ [ 28.9611882, 41.0214008 ], [ 28.9611924, 41.021378899999988 ], [ 28.9612284, 41.0213301 ], [ 28.961291, 41.0212693 ], [ 28.9613584, 41.0212105 ], [ 28.9614304, 41.0211622 ], [ 28.9615392, 41.0211127 ] ] }, { "type": "LineString", "coordinates": [ [ 28.9615392, 41.0211127 ], [ 28.961673, 41.0210492 ], [ 28.9619258, 41.020924799999989 ], [ 28.9620686, 41.020856 ] ] }, { "type": "LineString", "coordinates": [ [ 28.9620686, 41.020856 ], [ 28.9623336, 41.0207243 ], [ 28.9624491, 41.0206713 ] ] }, { "type": "LineString", "coordinates": [ [ 28.9624491, 41.0206713 ], [ 28.9625672, 41.0206239 ], [ 28.9626829, 41.020563899999978 ] ] }, { "type": "LineString", "coordinates": [ [ 28.9631411, 41.0207046 ], [ 28.9627819, 41.0202522 ] ] }, { "type": "LineString", "coordinates": [ [ 28.9634259, 41.0204331 ], [ 28.9631484, 41.0202455 ], [ 28.9630746, 41.0201531 ] ] }, { "type": "LineString", "coordinates": [ [ 28.9630746, 41.0201531 ], [ 28.9629154, 41.0198282 ] ] }, { "type": "LineString", "coordinates": [ [ 28.9336864, 41.0059339 ], [ 28.9334793, 41.0059718 ], [ 28.9335076, 41.0061063 ], [ 28.9335158, 41.006221299999986 ] ] }, { "type": "LineString", "coordinates": [ [ 28.9335158, 41.006221299999986 ], [ 28.933537, 41.006481 ] ] }, { "type": "LineString", "coordinates": [ [ 28.933537, 41.006481 ], [ 28.9335263, 41.006802 ] ] }, { "type": "LineString", "coordinates": [ [ 28.9732031, 41.0180373 ], [ 28.973199489621752, 41.017990248063093 ] ] }, { "type": "LineString", "coordinates": [ [ 28.973199489621752, 41.017990248063093 ], [ 28.973192909549997, 41.017904493638767 ] ] }, { "type": "LineString", "coordinates": [ [ 28.973192909549997, 41.017904493638767 ], [ 28.973175711068585, 41.017680354042128 ] ] }, { "type": "LineString", "coordinates": [ [ 28.973175711068585, 41.017680354042128 ], [ 28.973170488097814, 41.017612285176909 ] ] }, { "type": "LineString", "coordinates": [ [ 28.973170488097814, 41.017612285176909 ], [ 28.9731662, 41.0175564 ] ] }, { "type": "LineString", "coordinates": [ [ 28.9731437, 41.0173991 ], [ 28.973135743206022, 41.017360402270462 ] ] }, { "type": "LineString", "coordinates": [ [ 28.973135743206022, 41.017360402270462 ], [ 28.973120253778667, 41.017285069564046 ] ] }, { "type": "LineString", "coordinates": [ [ 28.973120253778667, 41.017285069564046 ], [ 28.9731122, 41.0172459 ] ] }, { "type": "LineString", "coordinates": [ [ 28.9721096, 41.003148899999985 ], [ 28.9729482, 41.0030278 ] ] }, { "type": "LineString", "coordinates": [ [ 28.9729482, 41.0030278 ], [ 28.9731766, 41.0030022 ], [ 28.973269, 41.0030132 ], [ 28.9733312, 41.003050399999985 ] ] }, { "type": "LineString", "coordinates": [ [ 28.937037, 41.0116959 ], [ 28.9378492, 41.0116796 ] ] }, { "type": "LineString", "coordinates": [ [ 28.9378492, 41.0116796 ], [ 28.9388081, 41.0116398 ] ] }, { "type": "LineString", "coordinates": [ [ 28.9544463, 41.0148517 ], [ 28.954451401922849, 41.014844745790924 ] ] }, { "type": "LineString", "coordinates": [ [ 28.954451401922849, 41.014844745790924 ], [ 28.9544777, 41.0148089 ], [ 28.954490491079564, 41.014800965540012 ] ] }, { "type": "LineString", "coordinates": [ [ 28.954490491079564, 41.014800965540012 ], [ 28.9545417, 41.0147692 ], [ 28.954581839525815, 41.014757073423134 ] ] }, { "type": "LineString", "coordinates": [ [ 28.954581839525815, 41.014757073423134 ], [ 28.9546175, 41.014746299999985 ] ] }, { "type": "LineString", "coordinates": [ [ 28.9546584, 41.014742099999985 ], [ 28.9546680069895, 41.014742256031383 ] ] }, { "type": "LineString", "coordinates": [ [ 28.9546680069895, 41.014742256031383 ], [ 28.9547015, 41.0147428 ] ] }, { "type": "LineString", "coordinates": [ [ 28.9794945, 41.0061047 ], [ 28.9799434, 41.0058239 ] ] }, { "type": "LineString", "coordinates": [ [ 28.9535862, 41.0092313 ], [ 28.953623, 41.0092394 ], [ 28.9536496, 41.0092498 ], [ 28.9537373, 41.0092559 ], [ 28.9545373, 41.009208 ], [ 28.9550546, 41.0091772 ] ] }, { "type": "LineString", "coordinates": [ [ 28.9624168, 41.0074631 ], [ 28.9620014, 41.0075944 ] ] }, { "type": "LineString", "coordinates": [ [ 28.9620014, 41.0075944 ], [ 28.9614082, 41.0078106 ] ] }, { "type": "LineString", "coordinates": [ [ 28.9614082, 41.0078106 ], [ 28.9610383, 41.0079687 ] ] }, { "type": "LineString", "coordinates": [ [ 28.9608566, 41.008268 ], [ 28.960394, 41.008506799999985 ] ] }, { "type": "LineString", "coordinates": [ [ 28.9631802, 41.008358 ], [ 28.9628917, 41.0084126 ], [ 28.9623264, 41.0085108 ], [ 28.9622714, 41.0085065 ], [ 28.96223, 41.0084708 ], [ 28.9621339, 41.0082833 ], [ 28.9620987, 41.0082203 ] ] }, { "type": "LineString", "coordinates": [ [ 28.9602475, 41.0080979 ], [ 28.9595052, 41.0081969 ], [ 28.9593955, 41.008206800000011 ], [ 28.9593216, 41.0082115 ] ] }, { "type": "LineString", "coordinates": [ [ 28.9567769, 41.006507 ], [ 28.9568124, 41.0065907 ] ] }, { "type": "LineString", "coordinates": [ [ 28.9605345, 41.0040562 ], [ 28.9606577, 41.0040391 ] ] }, { "type": "LineString", "coordinates": [ [ 28.9607937, 41.0042574 ], [ 28.960497, 41.0043682 ], [ 28.9603773, 41.0044141 ], [ 28.9602039, 41.0045141 ] ] }, { "type": "LineString", "coordinates": [ [ 28.9602039, 41.0045141 ], [ 28.9603108, 41.0046469 ], [ 28.9599753, 41.004762900000017 ], [ 28.9597568, 41.0048271 ] ] }, { "type": "LineString", "coordinates": [ [ 28.9568442, 41.0050695 ], [ 28.9563291, 41.0051317 ], [ 28.9560448, 41.0051964 ], [ 28.9558106, 41.0052476 ] ] }, { "type": "LineString", "coordinates": [ [ 28.9567769, 41.006507 ], [ 28.9566299, 41.0061948 ] ] }, { "type": "LineString", "coordinates": [ [ 28.9599018, 41.0046297 ], [ 28.9602039, 41.0045141 ] ] }, { "type": "LineString", "coordinates": [ [ 28.9599704, 41.0038623 ], [ 28.9603551, 41.003785 ], [ 28.9604984, 41.0037666 ] ] }, { "type": "LineString", "coordinates": [ [ 28.9547207, 41.005605 ], [ 28.9546572, 41.005442099999989 ], [ 28.9546695, 41.005417 ], [ 28.9550732, 41.0053419 ], [ 28.9550979, 41.0053588 ], [ 28.9551504, 41.0055227 ] ] }, { "type": "LineString", "coordinates": [ [ 28.9540991, 41.0057893 ], [ 28.9539499, 41.0054402 ], [ 28.953924, 41.0053718 ] ] }, { "type": "LineString", "coordinates": [ [ 28.9596587, 41.00553570000001 ], [ 28.9595786, 41.0053473 ], [ 28.9594125, 41.0050265 ] ] }, { "type": "LineString", "coordinates": [ [ 28.9687907, 41.0036501 ], [ 28.9686547, 41.0037639 ], [ 28.9685272, 41.0038692 ] ] }, { "type": "LineString", "coordinates": [ [ 28.967529, 41.0034995 ], [ 28.9671874, 41.0034602 ], [ 28.9667202, 41.0034113 ] ] }, { "type": "LineString", "coordinates": [ [ 28.9716443, 41.0039752 ], [ 28.9714174, 41.0039704 ], [ 28.9712369, 41.0039902 ], [ 28.9711511, 41.0040388 ], [ 28.971099, 41.0040687 ] ] }, { "type": "LineString", "coordinates": [ [ 28.9708131, 41.0055731 ], [ 28.970486, 41.00565610000001 ] ] }, { "type": "LineString", "coordinates": [ [ 28.9701024, 41.0056188 ], [ 28.9696219, 41.0056799 ] ] }, { "type": "LineString", "coordinates": [ [ 28.9660806, 41.0063417 ], [ 28.9661035, 41.006335599999986 ], [ 28.9664721, 41.0062378 ], [ 28.9668702, 41.0061078 ] ] }, { "type": "LineString", "coordinates": [ [ 28.9626568, 41.0060445 ], [ 28.9626354, 41.0058664 ], [ 28.9625898, 41.0057977 ] ] }, { "type": "LineString", "coordinates": [ [ 28.9624932, 41.006197399999984 ], [ 28.9620965, 41.0063189 ] ] }, { "type": "LineString", "coordinates": [ [ 28.9658624, 41.0059925 ], [ 28.96543, 41.0061457 ] ] }, { "type": "LineString", "coordinates": [ [ 28.96543, 41.0061457 ], [ 28.9649713, 41.0063031 ], [ 28.9649119, 41.0063255 ] ] }, { "type": "LineString", "coordinates": [ [ 28.9651848, 41.005478 ], [ 28.965098, 41.0052917 ] ] }, { "type": "LineString", "coordinates": [ [ 28.9664195, 41.0068392 ], [ 28.9664357, 41.006834799999986 ], [ 28.9670159, 41.0066761 ] ] }, { "type": "LineString", "coordinates": [ [ 28.967478, 41.0065556 ], [ 28.9670209, 41.0066884 ] ] }, { "type": "LineString", "coordinates": [ [ 28.9647787, 41.006938 ], [ 28.9641814, 41.0071977 ] ] }, { "type": "LineString", "coordinates": [ [ 28.9641814, 41.0071977 ], [ 28.9639244, 41.0073069 ], [ 28.9638334, 41.007341299999986 ] ] }, { "type": "LineString", "coordinates": [ [ 28.9754121, 41.0094134 ], [ 28.9752407, 41.0093012 ], [ 28.975098, 41.0092818 ] ] }, { "type": "LineString", "coordinates": [ [ 28.9754999, 41.0041859 ], [ 28.9757516, 41.0038592 ] ] }, { "type": "LineString", "coordinates": [ [ 28.9759147, 41.0083458 ], [ 28.9760986, 41.0083417 ], [ 28.9763407, 41.0084117 ] ] }, { "type": "LineString", "coordinates": [ [ 28.9651148, 41.0077967 ], [ 28.9649495, 41.007818 ], [ 28.9647864, 41.0078375 ], [ 28.9646534, 41.0078541 ] ] }, { "type": "LineString", "coordinates": [ [ 28.9625493, 41.013201800000012 ], [ 28.9620636, 41.0131953 ], [ 28.9620608, 41.0125766 ] ] }, { "type": "LineString", "coordinates": [ [ 28.9498184, 41.0148865 ], [ 28.9500365, 41.0148099 ] ] }, { "type": "LineString", "coordinates": [ [ 28.9500365, 41.0148099 ], [ 28.9502531, 41.0147269 ] ] }, { "type": "LineString", "coordinates": [ [ 28.9502531, 41.0147269 ], [ 28.950505, 41.0146345 ], [ 28.9502944, 41.0143286 ] ] }, { "type": "LineString", "coordinates": [ [ 28.9752991, 41.0086305 ], [ 28.9752092, 41.008777 ], [ 28.9751124, 41.00893270000001 ] ] }, { "type": "LineString", "coordinates": [ [ 28.9690819, 41.0107572 ], [ 28.9691624, 41.0105006 ] ] }, { "type": "LineString", "coordinates": [ [ 28.9666949, 41.0076563 ], [ 28.9667226, 41.0076729 ], [ 28.966982, 41.0078283 ] ] }, { "type": "LineString", "coordinates": [ [ 28.968932, 41.0107321 ], [ 28.9690819, 41.0107572 ] ] }, { "type": "LineString", "coordinates": [ [ 28.9690819, 41.0107572 ], [ 28.9692026, 41.0107774 ] ] }, { "type": "LineString", "coordinates": [ [ 28.9692026, 41.0107774 ], [ 28.9693023, 41.010794 ] ] }, { "type": "LineString", "coordinates": [ [ 28.9693023, 41.010794 ], [ 28.9694529, 41.0108192 ] ] }, { "type": "LineString", "coordinates": [ [ 28.9694529, 41.0108192 ], [ 28.9694727, 41.0108225 ], [ 28.9695876, 41.0108416 ] ] }, { "type": "LineString", "coordinates": [ [ 28.9695876, 41.0108416 ], [ 28.9697623, 41.0108708 ] ] }, { "type": "LineString", "coordinates": [ [ 28.9551226, 41.0162615 ], [ 28.9545356, 41.0165769 ] ] }, { "type": "LineString", "coordinates": [ [ 28.9545356, 41.0165769 ], [ 28.954338, 41.0166798 ], [ 28.9538996, 41.0169081 ] ] }, { "type": "LineString", "coordinates": [ [ 28.9538996, 41.0169081 ], [ 28.9533919, 41.0171744 ] ] }, { "type": "LineString", "coordinates": [ [ 28.954442, 41.0164865 ], [ 28.9538309, 41.0168353 ] ] }, { "type": "LineString", "coordinates": [ [ 28.9538309, 41.0168353 ], [ 28.9533233, 41.0171047 ] ] }, { "type": "LineString", "coordinates": [ [ 28.9543123, 41.0188868 ], [ 28.9536592, 41.018516199999986 ] ] }, { "type": "LineString", "coordinates": [ [ 28.9536592, 41.018516199999986 ], [ 28.9533632, 41.0183304 ] ] }, { "type": "LineString", "coordinates": [ [ 28.9533632, 41.0183304 ], [ 28.9529921, 41.0181329 ] ] }, { "type": "LineString", "coordinates": [ [ 28.9529921, 41.0181329 ], [ 28.9526566, 41.0179522 ] ] }, { "type": "LineString", "coordinates": [ [ 28.9526566, 41.0179522 ], [ 28.9523252, 41.0177618 ] ] }, { "type": "LineString", "coordinates": [ [ 28.9520591, 41.0243783 ], [ 28.9526124, 41.0241423 ] ] }, { "type": "LineString", "coordinates": [ [ 28.9526124, 41.0241423 ], [ 28.9531365, 41.0239349 ] ] }, { "type": "LineString", "coordinates": [ [ 28.9531365, 41.0239349 ], [ 28.9535463, 41.0238198 ] ] }, { "type": "LineString", "coordinates": [ [ 28.9535463, 41.0238198 ], [ 28.9540204, 41.0237061 ] ] }, { "type": "LineString", "coordinates": [ [ 28.9540204, 41.0237061 ], [ 28.9545524, 41.0235733 ] ] }, { "type": "LineString", "coordinates": [ [ 28.9552696, 41.0184309 ], [ 28.9556385, 41.018170899999987 ] ] }, { "type": "LineString", "coordinates": [ [ 28.9556385, 41.018170899999987 ], [ 28.955417, 41.0180042 ] ] }, { "type": "LineString", "coordinates": [ [ 28.955417, 41.0180042 ], [ 28.9552202, 41.0178806 ], [ 28.95488, 41.0181669 ] ] }, { "type": "LineString", "coordinates": [ [ 28.9580435, 41.0224563 ], [ 28.9579707, 41.0221881 ] ] }, { "type": "LineString", "coordinates": [ [ 28.9579707, 41.0221881 ], [ 28.9579689, 41.0221813 ], [ 28.9579597, 41.02217610000001 ] ] }, { "type": "LineString", "coordinates": [ [ 28.9579597, 41.02217610000001 ], [ 28.9578825, 41.0221319 ], [ 28.9575346, 41.02213660000001 ] ] }, { "type": "LineString", "coordinates": [ [ 28.9575346, 41.02213660000001 ], [ 28.9573881, 41.022167899999985 ] ] }, { "type": "LineString", "coordinates": [ [ 28.9573881, 41.022167899999985 ], [ 28.957168, 41.0221943 ] ] }, { "type": "LineString", "coordinates": [ [ 28.957168, 41.0221943 ], [ 28.9567207, 41.0222679 ], [ 28.9565807, 41.022286 ] ] }, { "type": "LineString", "coordinates": [ [ 28.9565807, 41.022286 ], [ 28.956501, 41.0222983 ] ] }, { "type": "LineString", "coordinates": [ [ 28.9584218, 41.02296650000001 ], [ 28.9581813, 41.0228501 ], [ 28.9580512, 41.022849 ], [ 28.9579702, 41.0227996 ], [ 28.9581484, 41.0226998 ], [ 28.9582851, 41.0225723 ] ] }, { "type": "LineString", "coordinates": [ [ 28.9591041, 41.0219271 ], [ 28.9593172, 41.0222616 ] ] }, { "type": "LineString", "coordinates": [ [ 28.9597393, 41.0226259 ], [ 28.9593816, 41.0224842 ], [ 28.9590356, 41.0227109 ], [ 28.9588742, 41.022795599999988 ] ] }, { "type": "LineString", "coordinates": [ [ 28.9588742, 41.022795599999988 ], [ 28.958875, 41.0228501 ] ] }, { "type": "LineString", "coordinates": [ [ 28.9588742, 41.022795599999988 ], [ 28.9588095, 41.0227377 ], [ 28.9586802, 41.0226187 ], [ 28.958383, 41.0224524 ] ] }, { "type": "LineString", "coordinates": [ [ 28.9572545, 41.0226582 ], [ 28.9572103, 41.0224268 ] ] }, { "type": "LineString", "coordinates": [ [ 28.9572103, 41.0224268 ], [ 28.957168, 41.0221943 ] ] }, { "type": "LineString", "coordinates": [ [ 28.9572103, 41.0224268 ], [ 28.9569099, 41.02247 ] ] }, { "type": "LineString", "coordinates": [ [ 28.956187, 41.0230053 ], [ 28.9565384, 41.0229385 ], [ 28.9564598, 41.0225965 ], [ 28.9560958, 41.0226533 ] ] }, { "type": "LineString", "coordinates": [ [ 28.9585436, 41.0217908 ], [ 28.9583422, 41.0214765 ], [ 28.9586052, 41.0213927 ] ] }, { "type": "LineString", "coordinates": [ [ 28.9567738, 41.0194855 ], [ 28.9568805, 41.019652099999988 ], [ 28.9569976, 41.0198405 ], [ 28.9570782, 41.0199119 ], [ 28.9571145, 41.019969599999989 ], [ 28.9571634, 41.0200271 ], [ 28.9572822, 41.0199804 ] ] }, { "type": "LineString", "coordinates": [ [ 28.9564495, 41.0200707 ], [ 28.9563992, 41.0199736 ], [ 28.9563802, 41.019932 ], [ 28.956346, 41.0198315 ], [ 28.9563387, 41.019793 ] ] }, { "type": "LineString", "coordinates": [ [ 28.9556996, 41.019642399999988 ], [ 28.9557197, 41.0195479 ], [ 28.9559838, 41.0193827 ], [ 28.9560678, 41.0193259 ], [ 28.9560265, 41.019182799999989 ] ] }, { "type": "LineString", "coordinates": [ [ 28.9272556, 41.0032553 ], [ 28.9278173, 41.0031935 ] ] }, { "type": "LineString", "coordinates": [ [ 28.9241545, 41.0001373 ], [ 28.9236202, 41.0001887 ], [ 28.9233018, 41.000221 ] ] }, { "type": "LineString", "coordinates": [ [ 28.9233018, 41.000221 ], [ 28.9231311, 41.0003159 ], [ 28.9229288, 41.000530399999988 ], [ 28.9227619, 41.0007151 ] ] }, { "type": "LineString", "coordinates": [ [ 28.9277046, 41.0011904 ], [ 28.9275061, 41.0011874 ] ] }, { "type": "LineString", "coordinates": [ [ 28.9275061, 41.0011874 ], [ 28.9269712, 41.0012264 ], [ 28.9268035, 41.0013317 ] ] }, { "type": "LineString", "coordinates": [ [ 28.9250733, 41.002594 ], [ 28.9250254, 41.0025277 ], [ 28.9248576, 41.0022244 ], [ 28.9245679, 41.0017527 ], [ 28.9244166, 41.0015371 ] ] }, { "type": "LineString", "coordinates": [ [ 28.9244166, 41.0015371 ], [ 28.9243991, 41.0015101 ] ] }, { "type": "LineString", "coordinates": [ [ 28.9243991, 41.0015101 ], [ 28.924246, 41.0013155 ], [ 28.9241791, 41.001244 ] ] }, { "type": "LineString", "coordinates": [ [ 28.9241791, 41.001244 ], [ 28.9238598, 41.0009026 ] ] }, { "type": "LineString", "coordinates": [ [ 28.9238598, 41.0009026 ], [ 28.9235272, 41.0005058 ], [ 28.9233018, 41.000221 ] ] }, { "type": "LineString", "coordinates": [ [ 28.9233018, 41.000221 ], [ 28.923248, 41.0000933 ], [ 28.9231629, 40.9998182 ], [ 28.9230985, 40.999242 ], [ 28.9229698, 40.99874 ], [ 28.9227837, 40.9980975 ] ] }, { "type": "LineString", "coordinates": [ [ 28.9227837, 40.9980975 ], [ 28.9227337, 40.9980517 ], [ 28.9226319, 40.9977796 ] ] }, { "type": "LineString", "coordinates": [ [ 28.9226319, 40.9977796 ], [ 28.9224548, 40.997323 ], [ 28.9224339, 40.9972711 ] ] }, { "type": "LineString", "coordinates": [ [ 28.9224339, 40.9972711 ], [ 28.9222724, 40.9968695 ], [ 28.9221544, 40.9965861 ] ] }, { "type": "LineString", "coordinates": [ [ 28.9221544, 40.9965861 ], [ 28.9218975, 40.9960978 ] ] }, { "type": "LineString", "coordinates": [ [ 28.9218975, 40.9960978 ], [ 28.9218647, 40.9960192 ], [ 28.9217093, 40.9957282 ] ] }, { "type": "LineString", "coordinates": [ [ 28.9240034, 41.0028192 ], [ 28.9234865, 41.0028958 ] ] }, { "type": "LineString", "coordinates": [ [ 28.9263461, 41.001609 ], [ 28.9264465, 41.0018519 ] ] }, { "type": "LineString", "coordinates": [ [ 28.9264465, 41.0018519 ], [ 28.9261187, 41.0020336 ], [ 28.9258379, 41.0021765 ], [ 28.9258182, 41.002187099999986 ] ] }, { "type": "LineString", "coordinates": [ [ 28.9258182, 41.002187099999986 ], [ 28.9256394, 41.002302 ], [ 28.9254623, 41.0024437 ], [ 28.9252014, 41.002568 ], [ 28.9250733, 41.002594 ] ] }, { "type": "LineString", "coordinates": [ [ 28.9244166, 41.0015371 ], [ 28.9241253, 41.0016819 ] ] }, { "type": "LineString", "coordinates": [ [ 28.9238653, 41.0018701 ], [ 28.923782, 41.002028 ], [ 28.923723, 41.0022305 ], [ 28.9236075, 41.0024411 ] ] }, { "type": "LineString", "coordinates": [ [ 28.9236075, 41.0024411 ], [ 28.9234865, 41.0028958 ] ] }, { "type": "LineString", "coordinates": [ [ 28.9234865, 41.0028958 ], [ 28.9232969, 41.0032296 ] ] }, { "type": "LineString", "coordinates": [ [ 28.9232969, 41.0032296 ], [ 28.9236245, 41.003343 ], [ 28.9239623, 41.0034198 ], [ 28.9244795, 41.003543899999983 ], [ 28.9246903, 41.0035988 ] ] }, { "type": "LineString", "coordinates": [ [ 28.9246775, 41.003513399999989 ], [ 28.9246802, 41.0032043 ], [ 28.9245814, 41.0027442 ] ] }, { "type": "LineString", "coordinates": [ [ 28.926169, 41.0006145 ], [ 28.9260606, 41.000633699999987 ] ] }, { "type": "LineString", "coordinates": [ [ 28.9260606, 41.000633699999987 ], [ 28.9257556, 41.0006741 ], [ 28.9253796, 41.0007472 ] ] }, { "type": "LineString", "coordinates": [ [ 28.9261947, 41.0000897 ], [ 28.9266339, 40.9999879 ] ] }, { "type": "LineString", "coordinates": [ [ 28.9286836, 41.0010498 ], [ 28.9284031, 41.0006687 ], [ 28.9283781, 41.0005301 ], [ 28.9285671, 41.0002874 ] ] }, { "type": "LineString", "coordinates": [ [ 28.9289733, 41.0006338 ], [ 28.929056, 41.0006281 ], [ 28.9292014, 41.000705 ], [ 28.9292103, 41.0007695 ] ] }, { "type": "LineString", "coordinates": [ [ 28.9317703, 41.000659 ], [ 28.9318069, 41.0004937 ], [ 28.9318017, 41.0003463 ], [ 28.9317148, 41.0002738 ], [ 28.9316496, 41.0002893 ] ] }, { "type": "LineString", "coordinates": [ [ 28.9302391, 40.9999238 ], [ 28.9302829, 40.9998968 ] ] }, { "type": "LineString", "coordinates": [ [ 28.9273474, 41.0034629 ], [ 28.9272556, 41.0032553 ] ] }, { "type": "LineString", "coordinates": [ [ 28.9312426, 41.0072691 ], [ 28.9312436, 41.0070161 ] ] }, { "type": "LineString", "coordinates": [ [ 28.9312436, 41.0070161 ], [ 28.931247, 41.0069326 ], [ 28.9312494, 41.0068743 ] ] }, { "type": "LineString", "coordinates": [ [ 28.9348463, 41.004102200000013 ], [ 28.9348848, 41.0039605 ], [ 28.9349574, 41.0037067 ], [ 28.9350274, 41.0034893 ] ] }, { "type": "LineString", "coordinates": [ [ 28.9350274, 41.0034893 ], [ 28.9351207, 41.0032414 ] ] }, { "type": "LineString", "coordinates": [ [ 28.9351207, 41.0032414 ], [ 28.9352741, 41.0029376 ], [ 28.9357033, 41.0030696 ], [ 28.9365516, 41.0033599 ] ] }, { "type": "LineString", "coordinates": [ [ 28.9298612, 41.0052654 ], [ 28.9296807, 41.0053694 ], [ 28.9295562, 41.0054886 ] ] }, { "type": "LineString", "coordinates": [ [ 28.9255795, 41.00488570000001 ], [ 28.9255821, 41.005169 ], [ 28.9256358, 41.0054443 ], [ 28.9257321, 41.0057466 ] ] }, { "type": "LineString", "coordinates": [ [ 28.9249946, 41.006767599999989 ], [ 28.9250062, 41.0064004 ], [ 28.9249986, 41.0061671 ], [ 28.9250097, 41.0060753 ] ] }, { "type": "LineString", "coordinates": [ [ 28.9250097, 41.0060753 ], [ 28.92502, 41.0060052 ], [ 28.9250397, 41.0057863 ] ] }, { "type": "LineString", "coordinates": [ [ 28.9250397, 41.0057863 ], [ 28.9249771, 41.0052522 ], [ 28.9249995, 41.0049406 ] ] }, { "type": "LineString", "coordinates": [ [ 28.9249995, 41.0049406 ], [ 28.9249974, 41.0046558 ], [ 28.9248591, 41.003906200000017 ], [ 28.9248194, 41.0038518 ] ] }, { "type": "LineString", "coordinates": [ [ 28.9248194, 41.0038518 ], [ 28.9247032, 41.0036851 ] ] }, { "type": "LineString", "coordinates": [ [ 28.9247032, 41.0036851 ], [ 28.9246903, 41.0035988 ] ] }, { "type": "LineString", "coordinates": [ [ 28.9246903, 41.0035988 ], [ 28.9246775, 41.003513399999989 ] ] }, { "type": "LineString", "coordinates": [ [ 28.9268035, 41.0013317 ], [ 28.9267083, 41.0014445 ], [ 28.9265393, 41.0015668 ] ] }, { "type": "LineString", "coordinates": [ [ 28.9265393, 41.0015668 ], [ 28.9263461, 41.001609 ] ] }, { "type": "LineString", "coordinates": [ [ 28.9263461, 41.001609 ], [ 28.9260766, 41.0017011 ], [ 28.9259815, 41.0016313 ], [ 28.925681, 41.0010969 ] ] }, { "type": "LineString", "coordinates": [ [ 28.9264333, 41.0097572 ], [ 28.926406, 41.0096231 ] ] }, { "type": "LineString", "coordinates": [ [ 28.926406, 41.0096231 ], [ 28.9263801, 41.0094995 ], [ 28.9263284, 41.0093103 ] ] }, { "type": "LineString", "coordinates": [ [ 28.9263284, 41.0093103 ], [ 28.9262615, 41.0090782 ] ] }, { "type": "LineString", "coordinates": [ [ 28.9262615, 41.0090782 ], [ 28.9261567, 41.0083617 ] ] }, { "type": "LineString", "coordinates": [ [ 28.9262615, 41.0090782 ], [ 28.9268508, 41.0089986 ] ] }, { "type": "LineString", "coordinates": [ [ 28.9268508, 41.0089986 ], [ 28.9273012, 41.0089403 ] ] }, { "type": "LineString", "coordinates": [ [ 28.9273012, 41.0089403 ], [ 28.9277245, 41.0089214 ], [ 28.9277742, 41.0087897 ], [ 28.9278632, 41.0086279 ] ] }, { "type": "LineString", "coordinates": [ [ 28.9278632, 41.0086279 ], [ 28.9279551, 41.008556 ], [ 28.9280709, 41.0084831 ] ] }, { "type": "LineString", "coordinates": [ [ 28.9280709, 41.0084831 ], [ 28.9280063, 41.0084018 ] ] }, { "type": "LineString", "coordinates": [ [ 28.9301534, 41.0098311 ], [ 28.9303787, 41.0098361 ] ] }, { "type": "LineString", "coordinates": [ [ 28.9303787, 41.0098361 ], [ 28.9307226, 41.009844200000011 ] ] }, { "type": "LineString", "coordinates": [ [ 28.9307226, 41.009844200000011 ], [ 28.930724, 41.0097093 ] ] }, { "type": "LineString", "coordinates": [ [ 28.9303787, 41.0098361 ], [ 28.9303668, 41.009711599999989 ] ] }, { "type": "LineString", "coordinates": [ [ 28.9303668, 41.009711599999989 ], [ 28.9304408, 41.0092641 ] ] }, { "type": "LineString", "coordinates": [ [ 28.9304408, 41.0092641 ], [ 28.930406, 41.0090553 ] ] }, { "type": "LineString", "coordinates": [ [ 28.930406, 41.0090553 ], [ 28.9304123, 41.00847490000001 ] ] }, { "type": "LineString", "coordinates": [ [ 28.9307226, 41.009844200000011 ], [ 28.9307326, 41.010255 ] ] }, { "type": "LineString", "coordinates": [ [ 28.9236536, 41.0133217 ], [ 28.9237805, 41.0132865 ] ] }, { "type": "LineString", "coordinates": [ [ 28.9237805, 41.0132865 ], [ 28.9239318, 41.0132547 ], [ 28.9243725, 41.0131274 ], [ 28.9245681, 41.0130939 ] ] }, { "type": "LineString", "coordinates": [ [ 28.9245681, 41.0130939 ], [ 28.9249451, 41.013009 ], [ 28.9252756, 41.01293 ], [ 28.925773, 41.0127649 ] ] }, { "type": "LineString", "coordinates": [ [ 28.9280936, 41.0058654 ], [ 28.9282349, 41.0059463 ], [ 28.9290675, 41.0062853 ] ] }, { "type": "LineString", "coordinates": [ [ 28.9241452, 40.9965159 ], [ 28.9233171, 40.9965567 ] ] }, { "type": "LineString", "coordinates": [ [ 28.9233171, 40.9965567 ], [ 28.9230872, 40.9965389 ] ] }, { "type": "LineString", "coordinates": [ [ 28.9230872, 40.9965389 ], [ 28.9228843, 40.9965222 ], [ 28.9227517, 40.9965212 ] ] }, { "type": "LineString", "coordinates": [ [ 28.9227517, 40.9965212 ], [ 28.9223964, 40.9965136 ], [ 28.9222737, 40.9965324 ], [ 28.9221544, 40.9965861 ] ] }, { "type": "LineString", "coordinates": [ [ 28.9259163, 40.9970306 ], [ 28.9258938, 40.9970085 ] ] }, { "type": "LineString", "coordinates": [ [ 28.9258938, 40.9970085 ], [ 28.9259274, 40.9969648 ] ] }, { "type": "LineString", "coordinates": [ [ 28.9259274, 40.9969648 ], [ 28.9259121, 40.996689899999986 ], [ 28.9258983, 40.9966069 ] ] }, { "type": "LineString", "coordinates": [ [ 28.9258983, 40.9966069 ], [ 28.9258748, 40.9964654 ], [ 28.9257378, 40.9964403 ], [ 28.9241452, 40.9965159 ] ] }, { "type": "LineString", "coordinates": [ [ 28.9264073, 40.99557 ], [ 28.9267338, 40.9952876 ] ] }, { "type": "LineString", "coordinates": [ [ 28.9267338, 40.9952876 ], [ 28.9270746, 40.9950378 ] ] }, { "type": "LineString", "coordinates": [ [ 28.9270746, 40.9950378 ], [ 28.9277148, 40.9944444 ] ] }, { "type": "LineString", "coordinates": [ [ 28.9277148, 40.9944444 ], [ 28.9279893, 40.9942193 ] ] }, { "type": "LineString", "coordinates": [ [ 28.9279873, 40.9955423 ], [ 28.9282793, 40.9957297 ], [ 28.928632, 40.995335 ] ] }, { "type": "LineString", "coordinates": [ [ 28.928632, 40.995335 ], [ 28.9287109, 40.9952532 ] ] }, { "type": "LineString", "coordinates": [ [ 28.9287109, 40.9952532 ], [ 28.9287843, 40.9951655 ] ] }, { "type": "LineString", "coordinates": [ [ 28.9287843, 40.9951655 ], [ 28.9289132, 40.9950143 ] ] }, { "type": "LineString", "coordinates": [ [ 28.9289132, 40.9950143 ], [ 28.9290592, 40.994807600000023 ] ] }, { "type": "LineString", "coordinates": [ [ 28.9278617, 40.9963438 ], [ 28.9280052, 40.9963174 ] ] }, { "type": "LineString", "coordinates": [ [ 28.92442, 40.993568 ], [ 28.9246904, 40.9934836 ], [ 28.9249439, 40.9934279 ], [ 28.9252019, 40.993408699999989 ], [ 28.9256198, 40.9934441 ], [ 28.9259833, 40.9935302 ], [ 28.9262281, 40.9936255 ], [ 28.9264875, 40.993710399999983 ], [ 28.9266192, 40.9937544 ] ] }, { "type": "LineString", "coordinates": [ [ 28.9266192, 40.9937544 ], [ 28.9268623, 40.9938291 ], [ 28.927094, 40.9939003 ], [ 28.9271379, 40.9939138 ] ] }, { "type": "LineString", "coordinates": [ [ 28.9271379, 40.9939138 ], [ 28.9276146, 40.9940646 ] ] }, { "type": "LineString", "coordinates": [ [ 28.9276146, 40.9940646 ], [ 28.927783, 40.9941386 ], [ 28.9279893, 40.9942193 ] ] }, { "type": "LineString", "coordinates": [ [ 28.9279893, 40.9942193 ], [ 28.9282591, 40.9943339 ], [ 28.9284883, 40.9944479 ] ] }, { "type": "LineString", "coordinates": [ [ 28.9284883, 40.9944479 ], [ 28.9287791, 40.9945867 ], [ 28.9289994, 40.994756 ], [ 28.9290592, 40.994807600000023 ] ] }, { "type": "LineString", "coordinates": [ [ 28.9290592, 40.994807600000023 ], [ 28.9292581, 40.9949792 ], [ 28.9292909, 40.9950075 ] ] }, { "type": "LineString", "coordinates": [ [ 28.9292909, 40.9950075 ], [ 28.9293749, 40.9950799 ] ] }, { "type": "LineString", "coordinates": [ [ 28.9293749, 40.9950799 ], [ 28.9295174, 40.9952086 ], [ 28.9295816, 40.9952904 ] ] }, { "type": "LineString", "coordinates": [ [ 28.9295816, 40.9952904 ], [ 28.929801, 40.9954506 ] ] }, { "type": "LineString", "coordinates": [ [ 28.929801, 40.9954506 ], [ 28.9299689, 40.9955764 ], [ 28.93005, 40.9956058 ], [ 28.9300396, 40.9957121 ] ] }, { "type": "LineString", "coordinates": [ [ 28.9314934, 40.99805 ], [ 28.9313297, 40.9977902 ], [ 28.9314384, 40.9977486 ], [ 28.9312466, 40.9974663 ], [ 28.9307787, 40.9976245 ] ] }, { "type": "LineString", "coordinates": [ [ 28.9338837, 41.0006143 ], [ 28.9335802, 41.0003924 ], [ 28.9330974, 41.0000604 ], [ 28.9327782, 40.99977710000001 ], [ 28.9325395, 40.9995179 ], [ 28.932507, 40.999489 ], [ 28.9324919, 40.999475499999988 ] ] }, { "type": "LineString", "coordinates": [ [ 28.9320294, 40.9992 ], [ 28.932247, 40.999246900000017 ], [ 28.9322552, 40.9994952 ] ] }, { "type": "LineString", "coordinates": [ [ 28.9322552, 40.9994952 ], [ 28.932231, 40.9995827 ], [ 28.932185, 40.9998048 ] ] }, { "type": "LineString", "coordinates": [ [ 28.932185, 40.9998048 ], [ 28.9322285, 40.9998298 ], [ 28.9324654, 41.0000131 ] ] }, { "type": "LineString", "coordinates": [ [ 28.9324654, 41.0000131 ], [ 28.9325732, 41.0000412 ], [ 28.9326967, 41.0001071 ], [ 28.9329526, 41.0002569 ], [ 28.9331152, 41.0003531 ] ] }, { "type": "LineString", "coordinates": [ [ 28.9331152, 41.0003531 ], [ 28.9333536, 41.0004657 ] ] }, { "type": "LineString", "coordinates": [ [ 28.9333536, 41.0004657 ], [ 28.9334166, 41.0004978 ], [ 28.9335466, 41.0005747 ], [ 28.9336567, 41.0006657 ], [ 28.9337653, 41.0008843 ] ] }, { "type": "LineString", "coordinates": [ [ 28.9317703, 41.000659 ], [ 28.9314638, 41.0004222 ] ] }, { "type": "LineString", "coordinates": [ [ 28.9314638, 41.0004222 ], [ 28.9311899, 41.0001713 ] ] }, { "type": "LineString", "coordinates": [ [ 28.9311899, 41.0001713 ], [ 28.9309147, 40.9999554 ] ] }, { "type": "LineString", "coordinates": [ [ 28.9330914, 41.0012623 ], [ 28.9337221, 41.0014575 ] ] }, { "type": "LineString", "coordinates": [ [ 28.933619, 41.002742899999987 ], [ 28.9333189, 41.0029443 ] ] }, { "type": "LineString", "coordinates": [ [ 28.9333189, 41.0029443 ], [ 28.9330661, 41.0031105 ] ] }, { "type": "LineString", "coordinates": [ [ 28.9330661, 41.0031105 ], [ 28.932749, 41.0033269 ] ] }, { "type": "LineString", "coordinates": [ [ 28.932749, 41.0033269 ], [ 28.9325809, 41.003396 ], [ 28.9324895, 41.0034484 ] ] }, { "type": "LineString", "coordinates": [ [ 28.9292589, 40.9997154 ], [ 28.9288944, 40.9995399 ] ] }, { "type": "LineString", "coordinates": [ [ 28.9286461, 40.9990489 ], [ 28.9289272, 40.9993122 ], [ 28.9287632, 40.9994775 ] ] }, { "type": "LineString", "coordinates": [ [ 28.9288944, 40.9995399 ], [ 28.9286321, 40.9999266 ] ] }, { "type": "LineString", "coordinates": [ [ 28.9286321, 40.9999266 ], [ 28.9283872, 41.0002301 ] ] }, { "type": "LineString", "coordinates": [ [ 28.9311921, 41.005196 ], [ 28.9313498, 41.005327 ], [ 28.9315899, 41.0055264 ], [ 28.9317226, 41.005664 ], [ 28.9317817, 41.005732699999989 ] ] }, { "type": "LineString", "coordinates": [ [ 28.9311891, 41.004932399999987 ], [ 28.9312189, 41.0048936 ], [ 28.9312288, 41.0048806 ], [ 28.9315717, 41.004433 ] ] }, { "type": "LineString", "coordinates": [ [ 28.9315717, 41.004433 ], [ 28.9315487, 41.0042258 ], [ 28.9315916, 41.0040689 ], [ 28.9317057, 41.0038354 ] ] }, { "type": "LineString", "coordinates": [ [ 28.9311921, 41.005196 ], [ 28.931536, 41.0051631 ], [ 28.9316529, 41.005152899999985 ], [ 28.9317774, 41.0051935 ], [ 28.9321996, 41.0057197 ] ] }, { "type": "LineString", "coordinates": [ [ 28.9324401, 41.0056934 ], [ 28.9321996, 41.0057197 ] ] }, { "type": "LineString", "coordinates": [ [ 28.9321996, 41.0057197 ], [ 28.9317817, 41.005732699999989 ] ] }, { "type": "LineString", "coordinates": [ [ 28.9317817, 41.005732699999989 ], [ 28.9312271, 41.0057616 ] ] }, { "type": "LineString", "coordinates": [ [ 28.9336424, 41.0054746 ], [ 28.9336054, 41.0057805 ], [ 28.9332741, 41.005774299999985 ], [ 28.93328, 41.0054676 ] ] }, { "type": "LineString", "coordinates": [ [ 28.9348124, 41.0058868 ], [ 28.934849, 41.0055301 ] ] }, { "type": "LineString", "coordinates": [ [ 28.934849, 41.0055301 ], [ 28.9348946, 41.004845 ] ] }, { "type": "LineString", "coordinates": [ [ 28.9575542, 41.025057 ], [ 28.9579128, 41.0252255 ] ] }, { "type": "LineString", "coordinates": [ [ 28.9579128, 41.0252255 ], [ 28.957848, 41.0253407 ] ] }, { "type": "LineString", "coordinates": [ [ 28.9583717, 41.0248736 ], [ 28.9584681, 41.0247494 ], [ 28.9585481, 41.0246581 ], [ 28.9587027, 41.024515599999987 ] ] }, { "type": "LineString", "coordinates": [ [ 28.9580534, 41.0246853 ], [ 28.9583717, 41.0248736 ] ] }, { "type": "LineString", "coordinates": [ [ 28.9585457, 41.0244177 ], [ 28.9587451, 41.0241628 ], [ 28.9589041, 41.023846699999986 ], [ 28.959226, 41.023666 ], [ 28.9593732, 41.0235675 ] ] }, { "type": "LineString", "coordinates": [ [ 28.9593732, 41.0235675 ], [ 28.9594245, 41.0235041 ], [ 28.9595599, 41.023349800000013 ], [ 28.9596409, 41.0231793 ], [ 28.9597541, 41.0230581 ], [ 28.960316, 41.0229626 ] ] }, { "type": "LineString", "coordinates": [ [ 28.9599841, 41.0234712 ], [ 28.960236, 41.0236209 ] ] }, { "type": "LineString", "coordinates": [ [ 28.9564926, 41.0236224 ], [ 28.9566765, 41.024091 ], [ 28.9567512, 41.0242836 ] ] }, { "type": "LineString", "coordinates": [ [ 28.9567512, 41.0242836 ], [ 28.9568445, 41.0244341 ], [ 28.956969, 41.0245255 ] ] }, { "type": "LineString", "coordinates": [ [ 28.956969, 41.0245255 ], [ 28.9571986, 41.0245956 ] ] }, { "type": "LineString", "coordinates": [ [ 28.9580589, 41.0240978 ], [ 28.9579645, 41.024125699999985 ], [ 28.9576841, 41.0241985 ], [ 28.9575125, 41.0243038 ], [ 28.9573941, 41.0244784 ] ] }, { "type": "LineString", "coordinates": [ [ 28.9575969, 41.0236614 ], [ 28.9578277, 41.0237553 ], [ 28.9579122, 41.0238303 ], [ 28.9580589, 41.0240978 ] ] }, { "type": "LineString", "coordinates": [ [ 28.9580589, 41.0240978 ], [ 28.9581341, 41.0242359 ], [ 28.9582708, 41.0243736 ] ] }, { "type": "LineString", "coordinates": [ [ 28.9582708, 41.0243736 ], [ 28.9583013, 41.0244044 ], [ 28.95843, 41.0245262 ] ] }, { "type": "LineString", "coordinates": [ [ 28.9579526, 41.023383 ], [ 28.9581911, 41.0235742 ], [ 28.9582676, 41.0237605 ], [ 28.9583655, 41.0238758 ], [ 28.9582554, 41.0239577 ], [ 28.9580589, 41.0240978 ] ] }, { "type": "LineString", "coordinates": [ [ 28.9579526, 41.023383 ], [ 28.9581234, 41.02323410000001 ] ] }, { "type": "LineString", "coordinates": [ [ 28.9581234, 41.02323410000001 ], [ 28.9581633, 41.0231993 ], [ 28.9583601, 41.0230217 ] ] }, { "type": "LineString", "coordinates": [ [ 28.9583601, 41.0230217 ], [ 28.9583834, 41.0230007 ], [ 28.9584218, 41.02296650000001 ] ] }, { "type": "LineString", "coordinates": [ [ 28.9584218, 41.02296650000001 ], [ 28.9584744, 41.0229288 ], [ 28.9585359, 41.0228964 ], [ 28.9586838, 41.0228538 ], [ 28.9588088, 41.0228505 ], [ 28.958875, 41.0228501 ] ] }, { "type": "LineString", "coordinates": [ [ 28.958875, 41.0228501 ], [ 28.958927, 41.0228487 ], [ 28.9591129, 41.0228575 ], [ 28.9592191, 41.0228566 ], [ 28.9593565, 41.0228468 ], [ 28.9595362, 41.022775500000016 ], [ 28.9596582, 41.022675799999988 ], [ 28.9597393, 41.0226259 ] ] }, { "type": "LineString", "coordinates": [ [ 28.9597393, 41.0226259 ], [ 28.9598299, 41.0225301 ] ] }, { "type": "LineString", "coordinates": [ [ 28.9594861, 41.0217921 ], [ 28.9596958, 41.0217787 ], [ 28.9599089, 41.021717500000015 ] ] }, { "type": "LineString", "coordinates": [ [ 28.9586052, 41.0213927 ], [ 28.9586292, 41.021356099999984 ], [ 28.9586399, 41.021312 ] ] }, { "type": "LineString", "coordinates": [ [ 28.9571636, 41.0192431 ], [ 28.9568246, 41.018925399999986 ], [ 28.9566389, 41.0187513 ] ] }, { "type": "LineString", "coordinates": [ [ 28.9566389, 41.0187513 ], [ 28.9564704, 41.0188459 ] ] }, { "type": "LineString", "coordinates": [ [ 28.9564704, 41.0188459 ], [ 28.9562863, 41.0189307 ], [ 28.9558922, 41.0190076 ] ] }, { "type": "LineString", "coordinates": [ [ 28.9558922, 41.0190076 ], [ 28.9557133, 41.019027199999989 ] ] }, { "type": "LineString", "coordinates": [ [ 28.9557133, 41.019027199999989 ], [ 28.955505, 41.0190794 ], [ 28.9552301, 41.019124199999986 ] ] }, { "type": "LineString", "coordinates": [ [ 28.9552301, 41.019124199999986 ], [ 28.9551759, 41.019133 ] ] }, { "type": "LineString", "coordinates": [ [ 28.9577592, 41.0190107 ], [ 28.9579822, 41.019378599999989 ], [ 28.958193, 41.0197755 ], [ 28.958147, 41.0198053 ], [ 28.958116, 41.0198302 ], [ 28.9580962, 41.0198886 ], [ 28.9580893, 41.0199632 ], [ 28.9578534, 41.0200488 ], [ 28.9576965, 41.0201106 ], [ 28.9575395, 41.02017510000001 ], [ 28.9574724, 41.0202055 ], [ 28.9572804, 41.0202926 ] ] }, { "type": "LineString", "coordinates": [ [ 28.9572804, 41.0202926 ], [ 28.9569446, 41.0204957 ] ] }, { "type": "LineString", "coordinates": [ [ 28.9569446, 41.0204957 ], [ 28.9566761, 41.0206016 ], [ 28.9563325, 41.0207352 ] ] }, { "type": "LineString", "coordinates": [ [ 28.9563157, 41.0213389 ], [ 28.9566484, 41.02125190000001 ] ] }, { "type": "LineString", "coordinates": [ [ 28.956211, 41.0212094 ], [ 28.956439, 41.0208846 ] ] }, { "type": "LineString", "coordinates": [ [ 28.956769, 41.0216026 ], [ 28.9568458, 41.0219006 ] ] }, { "type": "LineString", "coordinates": [ [ 28.9569226, 41.022702 ], [ 28.9569099, 41.02247 ] ] }, { "type": "LineString", "coordinates": [ [ 28.9569099, 41.02247 ], [ 28.9567797, 41.0223892 ] ] }, { "type": "LineString", "coordinates": [ [ 28.9566146, 41.0224533 ], [ 28.9565807, 41.022286 ] ] }, { "type": "LineString", "coordinates": [ [ 28.9568922, 41.0230954 ], [ 28.9566184, 41.0232166 ], [ 28.9564862, 41.0232998 ], [ 28.9563362, 41.0233413 ] ] }, { "type": "LineString", "coordinates": [ [ 28.9546868, 41.0251557 ], [ 28.9546404, 41.0252237 ], [ 28.9546357, 41.0252705 ], [ 28.9545232, 41.02542720000001 ] ] }, { "type": "LineString", "coordinates": [ [ 28.9545232, 41.02542720000001 ], [ 28.9542073, 41.025726 ] ] }, { "type": "LineString", "coordinates": [ [ 28.9542073, 41.025726 ], [ 28.9540149, 41.0258983 ], [ 28.9537723, 41.0261327 ] ] }, { "type": "LineString", "coordinates": [ [ 28.9553045, 41.0250304 ], [ 28.9548165, 41.0251938 ], [ 28.9546868, 41.0251557 ] ] }, { "type": "LineString", "coordinates": [ [ 28.9529082, 41.0253271 ], [ 28.9532549, 41.0251061 ] ] }, { "type": "LineString", "coordinates": [ [ 28.9532549, 41.0251061 ], [ 28.9536474, 41.0249183 ] ] }, { "type": "LineString", "coordinates": [ [ 28.9536474, 41.0249183 ], [ 28.9540393, 41.0247878 ] ] }, { "type": "LineString", "coordinates": [ [ 28.9540393, 41.0247878 ], [ 28.9544836, 41.0246551 ] ] }, { "type": "LineString", "coordinates": [ [ 28.9544836, 41.0246551 ], [ 28.9550277, 41.0244882 ] ] }, { "type": "LineString", "coordinates": [ [ 28.9536474, 41.0249183 ], [ 28.9540735, 41.0251857 ], [ 28.9545232, 41.02542720000001 ] ] }, { "type": "LineString", "coordinates": [ [ 28.9545232, 41.02542720000001 ], [ 28.95489, 41.0256452 ] ] }, { "type": "LineString", "coordinates": [ [ 28.95489, 41.0256452 ], [ 28.9549724, 41.0256949 ], [ 28.9551874, 41.0258187 ] ] }, { "type": "LineString", "coordinates": [ [ 28.9551874, 41.0258187 ], [ 28.9556053, 41.0260688 ] ] }, { "type": "LineString", "coordinates": [ [ 28.9531999, 41.0222115 ], [ 28.9535158, 41.0226937 ] ] }, { "type": "LineString", "coordinates": [ [ 28.9535158, 41.0226937 ], [ 28.9538414, 41.0233527 ] ] }, { "type": "LineString", "coordinates": [ [ 28.9538414, 41.0233527 ], [ 28.9540204, 41.0237061 ] ] }, { "type": "LineString", "coordinates": [ [ 28.9548944, 41.0261811 ], [ 28.9542073, 41.025726 ] ] }, { "type": "LineString", "coordinates": [ [ 28.9542073, 41.025726 ], [ 28.9534758, 41.025273 ], [ 28.9532549, 41.0251061 ] ] }, { "type": "LineString", "coordinates": [ [ 28.9532549, 41.0251061 ], [ 28.9529902, 41.0248339 ], [ 28.9528194, 41.0245826 ] ] }, { "type": "LineString", "coordinates": [ [ 28.9537723, 41.0261327 ], [ 28.9531871, 41.0264859 ] ] }, { "type": "LineString", "coordinates": [ [ 28.9542825, 41.0266595 ], [ 28.9547207, 41.0263276 ] ] }, { "type": "LineString", "coordinates": [ [ 28.9547207, 41.0263276 ], [ 28.9548192, 41.026296 ], [ 28.9548547, 41.0262327 ], [ 28.9548944, 41.0261811 ] ] }, { "type": "LineString", "coordinates": [ [ 28.9556457, 41.0264962 ], [ 28.9550192, 41.0260138 ] ] }, { "type": "LineString", "coordinates": [ [ 28.9554547, 41.026642399999986 ], [ 28.9548944, 41.0261811 ] ] }, { "type": "LineString", "coordinates": [ [ 28.9552941, 41.0267964 ], [ 28.9556302, 41.0270786 ] ] }, { "type": "LineString", "coordinates": [ [ 28.9556302, 41.0270786 ], [ 28.9559695, 41.027355 ] ] }, { "type": "LineString", "coordinates": [ [ 28.9563666, 41.0270703 ], [ 28.9560156, 41.0268002 ] ] }, { "type": "LineString", "coordinates": [ [ 28.9560156, 41.0268002 ], [ 28.9556457, 41.0264962 ] ] }, { "type": "LineString", "coordinates": [ [ 28.9561754, 41.0272235 ], [ 28.9558244, 41.026924 ] ] }, { "type": "LineString", "coordinates": [ [ 28.9558244, 41.026924 ], [ 28.9554547, 41.026642399999986 ] ] }, { "type": "LineString", "coordinates": [ [ 28.9556977, 41.0275151 ], [ 28.9555665, 41.0275413 ], [ 28.9555127, 41.0275559 ] ] }, { "type": "LineString", "coordinates": [ [ 28.9555127, 41.0275559 ], [ 28.9552394, 41.027645 ] ] }, { "type": "LineString", "coordinates": [ [ 28.957848, 41.0253407 ], [ 28.9575637, 41.0257617 ] ] }, { "type": "LineString", "coordinates": [ [ 28.9575637, 41.0257617 ], [ 28.9572658, 41.0261269 ] ] }, { "type": "LineString", "coordinates": [ [ 28.9572658, 41.0261269 ], [ 28.957141, 41.0262646 ] ] }, { "type": "LineString", "coordinates": [ [ 28.957141, 41.0262646 ], [ 28.9570726, 41.0263758 ], [ 28.9571262, 41.0265053 ], [ 28.9571906, 41.026562 ] ] }, { "type": "LineString", "coordinates": [ [ 28.9548396, 41.02414430000001 ], [ 28.9553383, 41.0239896 ] ] }, { "type": "LineString", "coordinates": [ [ 28.9553383, 41.0239896 ], [ 28.955688, 41.0238902 ] ] }, { "type": "LineString", "coordinates": [ [ 28.955688, 41.0238902 ], [ 28.9564926, 41.0236224 ] ] }, { "type": "LineString", "coordinates": [ [ 28.9540572, 41.0225712 ], [ 28.9549673, 41.022300499999986 ] ] }, { "type": "LineString", "coordinates": [ [ 28.9549673, 41.022300499999986 ], [ 28.9556044, 41.0220903 ], [ 28.9555021, 41.0218819 ] ] }, { "type": "LineString", "coordinates": [ [ 28.9559069, 41.021769 ], [ 28.9557545, 41.0218074 ] ] }, { "type": "LineString", "coordinates": [ [ 28.9557545, 41.0218074 ], [ 28.9555021, 41.0218819 ] ] }, { "type": "LineString", "coordinates": [ [ 28.9555021, 41.0218819 ], [ 28.9552373, 41.0219772 ] ] }, { "type": "LineString", "coordinates": [ [ 28.9552373, 41.0219772 ], [ 28.9551649, 41.0217872 ], [ 28.9548978, 41.02182280000001 ] ] }, { "type": "LineString", "coordinates": [ [ 28.9548978, 41.02182280000001 ], [ 28.9547695, 41.021863 ], [ 28.9537967, 41.0219597 ] ] }, { "type": "LineString", "coordinates": [ [ 28.9549673, 41.022300499999986 ], [ 28.9549463, 41.0220788 ], [ 28.9548978, 41.02182280000001 ] ] }, { "type": "LineString", "coordinates": [ [ 28.9537431, 41.0211342 ], [ 28.9534382, 41.0211885 ], [ 28.9534141, 41.0211931 ], [ 28.9533051, 41.0212138 ], [ 28.9529867, 41.0213915 ] ] }, { "type": "LineString", "coordinates": [ [ 28.9548157, 41.0211823 ], [ 28.9544649, 41.0213066 ], [ 28.95442, 41.0214491 ] ] }, { "type": "LineString", "coordinates": [ [ 28.9547161, 41.0210357 ], [ 28.9547096, 41.0208269 ] ] }, { "type": "LineString", "coordinates": [ [ 28.9547096, 41.0208269 ], [ 28.9542528, 41.0204804 ], [ 28.9540909, 41.0203568 ], [ 28.954054, 41.0203002 ] ] }, { "type": "LineString", "coordinates": [ [ 28.9546998, 41.0188559 ], [ 28.9543766, 41.0189174 ] ] }, { "type": "LineString", "coordinates": [ [ 28.9560294, 41.0171055 ], [ 28.955423, 41.0174653 ], [ 28.9552669, 41.017552199999983 ], [ 28.9552078, 41.0175851 ] ] }, { "type": "LineString", "coordinates": [ [ 28.9536592, 41.018516199999986 ], [ 28.9533681, 41.0188219 ] ] }, { "type": "LineString", "coordinates": [ [ 28.9533681, 41.0188219 ], [ 28.9530272, 41.0191237 ] ] }, { "type": "LineString", "coordinates": [ [ 28.9536592, 41.018516199999986 ], [ 28.9543451, 41.0181105 ] ] }, { "type": "LineString", "coordinates": [ [ 28.9543451, 41.0181105 ], [ 28.9552078, 41.0175851 ] ] }, { "type": "LineString", "coordinates": [ [ 28.9555822, 41.0178722 ], [ 28.955417, 41.0180042 ] ] }, { "type": "LineString", "coordinates": [ [ 28.954994, 41.0172901 ], [ 28.9540994, 41.0178717 ] ] }, { "type": "LineString", "coordinates": [ [ 28.9540994, 41.0178717 ], [ 28.9533632, 41.0183304 ] ] }, { "type": "LineString", "coordinates": [ [ 28.9522109, 41.0167341 ], [ 28.9518172, 41.0171636 ] ] }, { "type": "LineString", "coordinates": [ [ 28.9527959, 41.0173871 ], [ 28.952667, 41.0172303 ] ] }, { "type": "LineString", "coordinates": [ [ 28.952667, 41.0172303 ], [ 28.952396, 41.0169518 ] ] }, { "type": "LineString", "coordinates": [ [ 28.952396, 41.0169518 ], [ 28.9523526, 41.0168485 ], [ 28.9522109, 41.0167341 ] ] }, { "type": "LineString", "coordinates": [ [ 28.9522109, 41.0167341 ], [ 28.9520435, 41.0165639 ] ] }, { "type": "LineString", "coordinates": [ [ 28.9520435, 41.0165639 ], [ 28.9519085, 41.0164143 ] ] }, { "type": "LineString", "coordinates": [ [ 28.9519085, 41.0164143 ], [ 28.9517022, 41.0161954 ] ] }, { "type": "LineString", "coordinates": [ [ 28.9521784, 41.017152 ], [ 28.952396, 41.0169518 ] ] }, { "type": "LineString", "coordinates": [ [ 28.952396, 41.0169518 ], [ 28.9525902, 41.0167492 ], [ 28.9529494, 41.01706870000001 ], [ 28.952667, 41.0172303 ] ] }, { "type": "LineString", "coordinates": [ [ 28.952667, 41.0172303 ], [ 28.9523166, 41.0173381 ], [ 28.9521784, 41.017152 ] ] }, { "type": "LineString", "coordinates": [ [ 28.9543766, 41.0189174 ], [ 28.9547348, 41.0190898 ] ] }, { "type": "LineString", "coordinates": [ [ 28.9530587, 41.0191439 ], [ 28.9527015, 41.0194935 ] ] }, { "type": "LineString", "coordinates": [ [ 28.9527015, 41.0194935 ], [ 28.9522518, 41.0199242 ] ] }, { "type": "LineString", "coordinates": [ [ 28.9522518, 41.0199242 ], [ 28.9518506, 41.0202962 ] ] }, { "type": "LineString", "coordinates": [ [ 28.9518506, 41.0202962 ], [ 28.9511064, 41.0210712 ] ] }, { "type": "LineString", "coordinates": [ [ 28.9523675, 41.0187392 ], [ 28.9520317, 41.0190679 ], [ 28.9516537, 41.0194393 ] ] }, { "type": "LineString", "coordinates": [ [ 28.9516537, 41.0194393 ], [ 28.9515496, 41.0195453 ] ] }, { "type": "LineString", "coordinates": [ [ 28.9520686, 41.0185423 ], [ 28.9526566, 41.0179522 ] ] }, { "type": "LineString", "coordinates": [ [ 28.951349, 41.0192493 ], [ 28.9520686, 41.0185423 ] ] }, { "type": "LineString", "coordinates": [ [ 28.9509031, 41.0191745 ], [ 28.9508923, 41.0191016 ], [ 28.9509536, 41.0190421 ] ] }, { "type": "LineString", "coordinates": [ [ 28.9509536, 41.0190421 ], [ 28.9516499, 41.0183131 ] ] }, { "type": "LineString", "coordinates": [ [ 28.9516499, 41.0183131 ], [ 28.9518197, 41.018175299999989 ] ] }, { "type": "LineString", "coordinates": [ [ 28.9518197, 41.018175299999989 ], [ 28.9520992, 41.017941 ] ] }, { "type": "LineString", "coordinates": [ [ 28.9520992, 41.017941 ], [ 28.9523252, 41.0177618 ] ] }, { "type": "LineString", "coordinates": [ [ 28.9515508, 41.0220774 ], [ 28.9518673, 41.02204 ], [ 28.9520983, 41.0219051 ] ] }, { "type": "LineString", "coordinates": [ [ 28.9520983, 41.0219051 ], [ 28.9525575, 41.0215935 ] ] }, { "type": "LineString", "coordinates": [ [ 28.9518422, 41.022752799999978 ], [ 28.9515508, 41.0220774 ] ] }, { "type": "LineString", "coordinates": [ [ 28.9515508, 41.0220774 ], [ 28.9514569, 41.0219408 ], [ 28.9510972, 41.0217422 ] ] }, { "type": "LineString", "coordinates": [ [ 28.9504466, 41.0216638 ], [ 28.9496727, 41.0218871 ] ] }, { "type": "LineString", "coordinates": [ [ 28.9496727, 41.0218871 ], [ 28.9489199, 41.0218474 ] ] }, { "type": "LineString", "coordinates": [ [ 28.9490598, 41.021356199999985 ], [ 28.9486858, 41.021157699999989 ] ] }, { "type": "LineString", "coordinates": [ [ 28.9492661, 41.0207685 ], [ 28.9487861, 41.020756 ] ] }, { "type": "LineString", "coordinates": [ [ 28.9487861, 41.020756 ], [ 28.9484796, 41.0207232 ] ] }, { "type": "LineString", "coordinates": [ [ 28.9469006, 41.0233831 ], [ 28.9474039, 41.0228888 ] ] }, { "type": "LineString", "coordinates": [ [ 28.9474039, 41.0228888 ], [ 28.9478601, 41.0223991 ] ] }, { "type": "LineString", "coordinates": [ [ 28.9443764, 41.022717199999988 ], [ 28.9445288, 41.0229404 ] ] }, { "type": "LineString", "coordinates": [ [ 28.9445288, 41.0229404 ], [ 28.944691, 41.022970799999989 ], [ 28.9449095, 41.0230269 ] ] }, { "type": "LineString", "coordinates": [ [ 28.9449095, 41.0230269 ], [ 28.945422, 41.023336 ], [ 28.9454537, 41.0233548 ] ] }, { "type": "LineString", "coordinates": [ [ 28.9454537, 41.0233548 ], [ 28.9458819, 41.023594 ] ] }, { "type": "LineString", "coordinates": [ [ 28.9458819, 41.023594 ], [ 28.9459115, 41.0237155 ], [ 28.9458579, 41.0237976 ], [ 28.945788, 41.0238612 ], [ 28.9456452, 41.0239276 ] ] }, { "type": "LineString", "coordinates": [ [ 28.9454129, 41.0242974 ], [ 28.9453198, 41.0240364 ], [ 28.9451867, 41.0237495 ] ] }, { "type": "LineString", "coordinates": [ [ 28.9451867, 41.0237495 ], [ 28.9449899, 41.023544599999987 ] ] }, { "type": "LineString", "coordinates": [ [ 28.9453917, 41.0236889 ], [ 28.9454896, 41.0236504 ], [ 28.9456452, 41.0239276 ] ] }, { "type": "LineString", "coordinates": [ [ 28.9456452, 41.0239276 ], [ 28.945767, 41.024196699999983 ] ] }, { "type": "LineString", "coordinates": [ [ 28.9426822, 41.0248298 ], [ 28.9428363, 41.0247733 ], [ 28.9429387, 41.0247358 ], [ 28.9432607, 41.0246379 ], [ 28.9434287, 41.0246069 ] ] }, { "type": "LineString", "coordinates": [ [ 28.9434287, 41.0246069 ], [ 28.943851, 41.0245485 ] ] }, { "type": "LineString", "coordinates": [ [ 28.943851, 41.0245485 ], [ 28.9443292, 41.0244762 ] ] }, { "type": "LineString", "coordinates": [ [ 28.9443292, 41.0244762 ], [ 28.9444516, 41.024467899999983 ], [ 28.9445625, 41.0244637 ] ] }, { "type": "LineString", "coordinates": [ [ 28.9445625, 41.0244637 ], [ 28.9446112, 41.0244619 ] ] }, { "type": "LineString", "coordinates": [ [ 28.9446112, 41.0244619 ], [ 28.9447754, 41.0244683 ], [ 28.9450537, 41.0243939 ], [ 28.9451704, 41.0243627 ], [ 28.9454129, 41.0242974 ] ] }, { "type": "LineString", "coordinates": [ [ 28.9454129, 41.0242974 ], [ 28.945767, 41.024196699999983 ] ] }, { "type": "LineString", "coordinates": [ [ 28.945767, 41.024196699999983 ], [ 28.946029, 41.0241039 ] ] }, { "type": "LineString", "coordinates": [ [ 28.946029, 41.0241039 ], [ 28.9464539, 41.0239185 ] ] }, { "type": "LineString", "coordinates": [ [ 28.9514308, 41.0175349 ], [ 28.9520992, 41.017941 ] ] }, { "type": "LineString", "coordinates": [ [ 28.9509845, 41.0179975 ], [ 28.9506503, 41.017803 ] ] }, { "type": "LineString", "coordinates": [ [ 28.9506503, 41.017803 ], [ 28.9504414, 41.017682 ] ] }, { "type": "LineString", "coordinates": [ [ 28.9504414, 41.017682 ], [ 28.9499809, 41.0174084 ], [ 28.949916, 41.0173699 ] ] }, { "type": "LineString", "coordinates": [ [ 28.9509845, 41.0179975 ], [ 28.9502183, 41.018794 ] ] }, { "type": "LineString", "coordinates": [ [ 28.9518378, 41.0167936 ], [ 28.9516702, 41.0165609 ], [ 28.9519085, 41.0164143 ] ] }, { "type": "LineString", "coordinates": [ [ 28.9519085, 41.0164143 ], [ 28.9521328, 41.0162937 ], [ 28.9522308, 41.0163879 ], [ 28.9520435, 41.0165639 ] ] }, { "type": "LineString", "coordinates": [ [ 28.9520435, 41.0165639 ], [ 28.9519317, 41.0166793 ], [ 28.9518378, 41.0167936 ] ] }, { "type": "LineString", "coordinates": [ [ 28.9485135, 41.0245764 ], [ 28.9477844, 41.0246519 ] ] }, { "type": "LineString", "coordinates": [ [ 28.9477844, 41.0246519 ], [ 28.9477534, 41.0247573 ], [ 28.9476622, 41.0247856 ], [ 28.9474025, 41.0248349 ] ] }, { "type": "LineString", "coordinates": [ [ 28.9474025, 41.0248349 ], [ 28.9471076, 41.024946 ] ] }, { "type": "LineString", "coordinates": [ [ 28.9461883, 41.0259188 ], [ 28.9462808, 41.0259361 ], [ 28.9464282, 41.0260258 ] ] }, { "type": "LineString", "coordinates": [ [ 28.9456425, 41.0259685 ], [ 28.9457087, 41.0262076 ] ] }, { "type": "LineString", "coordinates": [ [ 28.9514054, 41.0291969 ], [ 28.9515461, 41.029053 ], [ 28.9515951, 41.029001 ] ] }, { "type": "LineString", "coordinates": [ [ 28.9530107, 41.027964599999983 ], [ 28.9532843, 41.0278968 ] ] }, { "type": "LineString", "coordinates": [ [ 28.9524672, 41.0266852 ], [ 28.9526526, 41.0267976 ] ] }, { "type": "LineString", "coordinates": [ [ 28.9526526, 41.0267976 ], [ 28.9531866, 41.0270904 ] ] }, { "type": "LineString", "coordinates": [ [ 28.9531866, 41.0270904 ], [ 28.953295, 41.0271805 ], [ 28.953692, 41.0273242 ], [ 28.9539899, 41.0274259 ] ] }, { "type": "LineString", "coordinates": [ [ 28.9539899, 41.0274259 ], [ 28.9540299, 41.0274395 ] ] }, { "type": "LineString", "coordinates": [ [ 28.9523829, 41.0273885 ], [ 28.9524689, 41.0276834 ], [ 28.9525578, 41.0279091 ] ] }, { "type": "LineString", "coordinates": [ [ 28.9542133, 41.0271004 ], [ 28.9543675, 41.0272176 ], [ 28.9543828, 41.027318 ] ] }, { "type": "LineString", "coordinates": [ [ 28.9536486, 41.0268613 ], [ 28.9533923, 41.0266485 ], [ 28.9531871, 41.0264859 ] ] }, { "type": "LineString", "coordinates": [ [ 28.9531871, 41.0264859 ], [ 28.9530251, 41.0262625 ], [ 28.9527918, 41.025971099999985 ] ] }, { "type": "LineString", "coordinates": [ [ 28.9520442, 41.0254659 ], [ 28.9518503, 41.0252872 ], [ 28.9517698, 41.0251698 ], [ 28.9516573, 41.0248946 ], [ 28.951546, 41.024544 ] ] }, { "type": "LineString", "coordinates": [ [ 28.9526526, 41.0267976 ], [ 28.9524048, 41.0269664 ] ] }, { "type": "LineString", "coordinates": [ [ 28.9529592, 41.0273413 ], [ 28.9529398, 41.0273631 ] ] }, { "type": "LineString", "coordinates": [ [ 28.9529398, 41.0273631 ], [ 28.952849, 41.02746530000001 ], [ 28.9529192, 41.0275823 ] ] }, { "type": "LineString", "coordinates": [ [ 28.9479093, 41.0325976 ], [ 28.9467211, 41.0330922 ] ] }, { "type": "LineString", "coordinates": [ [ 28.9503505, 41.030473 ], [ 28.950105, 41.0306318 ] ] }, { "type": "LineString", "coordinates": [ [ 28.950105, 41.0306318 ], [ 28.9500562, 41.0306665 ], [ 28.9494205, 41.0312172 ] ] }, { "type": "LineString", "coordinates": [ [ 28.9504341, 41.0281638 ], [ 28.9502204, 41.0281717 ], [ 28.9501024, 41.0282066 ], [ 28.950025, 41.0282434 ] ] }, { "type": "LineString", "coordinates": [ [ 28.950025, 41.0282434 ], [ 28.9497856, 41.0284627 ], [ 28.9496786, 41.0286461 ] ] }, { "type": "LineString", "coordinates": [ [ 28.950486, 41.0282745 ], [ 28.9504341, 41.0281638 ] ] }, { "type": "LineString", "coordinates": [ [ 28.9504341, 41.0281638 ], [ 28.9504248, 41.028091 ] ] }, { "type": "LineString", "coordinates": [ [ 28.9484754, 41.0293183 ], [ 28.9484185, 41.0292072 ], [ 28.9481521, 41.0290335 ], [ 28.9479571, 41.0289038 ] ] }, { "type": "LineString", "coordinates": [ [ 28.9477328, 41.0298352 ], [ 28.9481065, 41.02977210000001 ] ] }, { "type": "LineString", "coordinates": [ [ 28.9497518, 41.0280159 ], [ 28.9494085, 41.0283602 ], [ 28.9492911, 41.0284686 ], [ 28.9491447, 41.0285226 ], [ 28.9489824, 41.0285625 ] ] }, { "type": "LineString", "coordinates": [ [ 28.9475364, 41.029022 ], [ 28.9477604, 41.028979899999989 ], [ 28.9479571, 41.0289038 ] ] }, { "type": "LineString", "coordinates": [ [ 28.9479571, 41.0289038 ], [ 28.9481601, 41.0288049 ], [ 28.9484136, 41.0286462 ] ] }, { "type": "LineString", "coordinates": [ [ 28.9475194, 41.0284813 ], [ 28.9475026, 41.0282629 ] ] }, { "type": "LineString", "coordinates": [ [ 28.9470837, 41.0285739 ], [ 28.9470749, 41.0290631 ] ] }, { "type": "LineString", "coordinates": [ [ 28.9470749, 41.0290631 ], [ 28.9471427, 41.0291669 ], [ 28.9471748, 41.0294026 ], [ 28.9471328, 41.0297144 ], [ 28.9472562, 41.0298267 ] ] }, { "type": "LineString", "coordinates": [ [ 28.9477934, 41.031849 ], [ 28.9479174, 41.0317995 ], [ 28.9480394, 41.031576899999983 ], [ 28.9481588, 41.0313887 ] ] }, { "type": "LineString", "coordinates": [ [ 28.9481588, 41.0313887 ], [ 28.9481272, 41.0312416 ], [ 28.9480908, 41.0310719 ], [ 28.9479455, 41.03091460000001 ] ] }, { "type": "LineString", "coordinates": [ [ 28.9479455, 41.03091460000001 ], [ 28.9478686, 41.0308313 ] ] }, { "type": "LineString", "coordinates": [ [ 28.9458823, 41.0326018 ], [ 28.94627, 41.0324463 ] ] }, { "type": "LineString", "coordinates": [ [ 28.94627, 41.0324463 ], [ 28.9465296, 41.0323499 ] ] }, { "type": "LineString", "coordinates": [ [ 28.9465296, 41.0323499 ], [ 28.9469783, 41.0321733 ] ] }, { "type": "LineString", "coordinates": [ [ 28.9469783, 41.0321733 ], [ 28.9474698, 41.031970800000018 ] ] }, { "type": "LineString", "coordinates": [ [ 28.9474698, 41.031970800000018 ], [ 28.9477934, 41.031849 ] ] }, { "type": "LineString", "coordinates": [ [ 28.9443906, 41.0328502 ], [ 28.9442573, 41.0328408 ], [ 28.9441771, 41.032809 ], [ 28.9439875, 41.0329476 ], [ 28.9438362, 41.0328759 ] ] }, { "type": "LineString", "coordinates": [ [ 28.9455077, 41.032048699999983 ], [ 28.9458871, 41.0318915 ] ] }, { "type": "LineString", "coordinates": [ [ 28.9458871, 41.0318915 ], [ 28.9461414, 41.031799 ] ] }, { "type": "LineString", "coordinates": [ [ 28.9461414, 41.031799 ], [ 28.9464496, 41.0316869 ] ] }, { "type": "LineString", "coordinates": [ [ 28.9464496, 41.0316869 ], [ 28.9465997, 41.0316353 ] ] }, { "type": "LineString", "coordinates": [ [ 28.9465997, 41.0316353 ], [ 28.946857, 41.031531200000011 ], [ 28.9469228, 41.031510799999985 ], [ 28.9470313, 41.0314527 ] ] }, { "type": "LineString", "coordinates": [ [ 28.9470313, 41.0314527 ], [ 28.9470822, 41.0314377 ] ] }, { "type": "LineString", "coordinates": [ [ 28.9470822, 41.0314377 ], [ 28.9471558, 41.0313972 ], [ 28.9474306, 41.0312897 ] ] }, { "type": "LineString", "coordinates": [ [ 28.9474306, 41.0312897 ], [ 28.9474978, 41.0312565 ], [ 28.9475472, 41.0312178 ], [ 28.9475795, 41.0311423 ] ] }, { "type": "LineString", "coordinates": [ [ 28.9475795, 41.0311423 ], [ 28.9476531, 41.030923799999989 ], [ 28.94776, 41.0308602 ], [ 28.9478686, 41.0308313 ] ] }, { "type": "LineString", "coordinates": [ [ 28.9478686, 41.0308313 ], [ 28.9477993, 41.0306439 ] ] }, { "type": "LineString", "coordinates": [ [ 28.9464667, 41.0327135 ], [ 28.9467211, 41.0330922 ] ] }, { "type": "LineString", "coordinates": [ [ 28.9460446, 41.033626 ], [ 28.9459381, 41.0332412 ] ] }, { "type": "LineString", "coordinates": [ [ 28.9459381, 41.0332412 ], [ 28.9457777, 41.0329943 ] ] }, { "type": "LineString", "coordinates": [ [ 28.9451711, 41.034325 ], [ 28.9449995, 41.0343007 ], [ 28.944735, 41.0343277 ] ] }, { "type": "LineString", "coordinates": [ [ 28.944743, 41.03335950000001 ], [ 28.9447361, 41.0333466 ], [ 28.9447315, 41.033338 ], [ 28.9446684, 41.0332199 ] ] }, { "type": "LineString", "coordinates": [ [ 28.9446684, 41.0332199 ], [ 28.9445582, 41.0329598 ], [ 28.9444157, 41.0329041 ], [ 28.9443906, 41.0328502 ] ] }, { "type": "LineString", "coordinates": [ [ 28.9444805, 41.0359788 ], [ 28.9448493, 41.0356279 ], [ 28.9449244, 41.0355308 ], [ 28.9449136, 41.0353123 ] ] }, { "type": "LineString", "coordinates": [ [ 28.9449136, 41.0353123 ], [ 28.9448506, 41.034931799999988 ] ] }, { "type": "LineString", "coordinates": [ [ 28.9448506, 41.034931799999988 ], [ 28.9447742, 41.0344706 ] ] }, { "type": "LineString", "coordinates": [ [ 28.9460307, 41.03082280000001 ], [ 28.9458834, 41.0308095 ], [ 28.9457338, 41.0308326 ], [ 28.9456774, 41.0308634 ], [ 28.945606, 41.0309171 ] ] }, { "type": "LineString", "coordinates": [ [ 28.9460852, 41.0287883 ], [ 28.9461419, 41.0291118 ], [ 28.9461967, 41.0292702 ], [ 28.9464113, 41.029513 ], [ 28.9465804, 41.0295734 ] ] }, { "type": "LineString", "coordinates": [ [ 28.94616, 41.028456 ], [ 28.9462057, 41.0287838 ] ] }, { "type": "LineString", "coordinates": [ [ 28.9462057, 41.0287838 ], [ 28.9460852, 41.0287883 ] ] }, { "type": "LineString", "coordinates": [ [ 28.9460852, 41.0287883 ], [ 28.9458407, 41.0288156 ], [ 28.9458701, 41.0289333 ] ] }, { "type": "LineString", "coordinates": [ [ 28.9458701, 41.0289333 ], [ 28.9459153, 41.0291892 ], [ 28.9457408, 41.0292177 ], [ 28.9457006, 41.0292242 ] ] }, { "type": "LineString", "coordinates": [ [ 28.9457006, 41.0292242 ], [ 28.9455427, 41.029257800000011 ] ] }, { "type": "LineString", "coordinates": [ [ 28.9455427, 41.029257800000011 ], [ 28.9452504, 41.0292988 ], [ 28.9449764, 41.0293372 ] ] }, { "type": "LineString", "coordinates": [ [ 28.9457006, 41.0292242 ], [ 28.9456426, 41.0290335 ], [ 28.9457573, 41.0290095 ], [ 28.9457543, 41.0289575 ], [ 28.9458701, 41.0289333 ] ] }, { "type": "LineString", "coordinates": [ [ 28.9465804, 41.0295734 ], [ 28.9460345, 41.029651 ], [ 28.9458066, 41.02967 ] ] }, { "type": "LineString", "coordinates": [ [ 28.9458066, 41.02967 ], [ 28.9456815, 41.0296876 ] ] }, { "type": "LineString", "coordinates": [ [ 28.9456815, 41.0296876 ], [ 28.9456241, 41.0296839 ] ] }, { "type": "LineString", "coordinates": [ [ 28.9456241, 41.0296839 ], [ 28.9454331, 41.0297115 ] ] }, { "type": "LineString", "coordinates": [ [ 28.9443747, 41.0295526 ], [ 28.9440165, 41.0296548 ], [ 28.9440318, 41.02988460000001 ] ] }, { "type": "LineString", "coordinates": [ [ 28.9440318, 41.02988460000001 ], [ 28.9436142, 41.0301582 ] ] }, { "type": "LineString", "coordinates": [ [ 28.9436142, 41.0301582 ], [ 28.9435054, 41.03017340000001 ], [ 28.9433882, 41.0301874 ] ] }, { "type": "LineString", "coordinates": [ [ 28.9437267, 41.0302953 ], [ 28.9436142, 41.0301582 ] ] }, { "type": "LineString", "coordinates": [ [ 28.9433882, 41.0301874 ], [ 28.9432193, 41.0302539 ], [ 28.9430416, 41.0303032 ], [ 28.9428116, 41.0303745 ] ] }, { "type": "LineString", "coordinates": [ [ 28.9435968, 41.029967 ], [ 28.9433273, 41.0301072 ] ] }, { "type": "LineString", "coordinates": [ [ 28.9428116, 41.0303745 ], [ 28.9429336, 41.030567499999989 ], [ 28.943074, 41.0307504 ] ] }, { "type": "LineString", "coordinates": [ [ 28.9442925, 41.0314635 ], [ 28.94414, 41.0312774 ], [ 28.9438224, 41.0312394 ] ] }, { "type": "LineString", "coordinates": [ [ 28.9438224, 41.0312394 ], [ 28.9437403, 41.0312385 ] ] }, { "type": "LineString", "coordinates": [ [ 28.9437403, 41.0312385 ], [ 28.943521, 41.0312091 ], [ 28.943277, 41.0311495 ], [ 28.9432276, 41.0311334 ] ] }, { "type": "LineString", "coordinates": [ [ 28.9432276, 41.0311334 ], [ 28.9428934, 41.0309471 ], [ 28.9428317, 41.0309143 ] ] }, { "type": "LineString", "coordinates": [ [ 28.9428317, 41.0309143 ], [ 28.9426413, 41.0308854 ], [ 28.9425836, 41.03088 ] ] }, { "type": "LineString", "coordinates": [ [ 28.9425836, 41.03088 ], [ 28.9425044, 41.0308172 ], [ 28.942404, 41.0306922 ] ] }, { "type": "LineString", "coordinates": [ [ 28.942404, 41.0306922 ], [ 28.9423035, 41.030517499999988 ] ] }, { "type": "LineString", "coordinates": [ [ 28.9423035, 41.030517499999988 ], [ 28.9422537, 41.0302936 ], [ 28.942121, 41.0301266 ], [ 28.9417721, 41.029734 ] ] }, { "type": "LineString", "coordinates": [ [ 28.9433044, 41.0324841 ], [ 28.9433232, 41.0323748 ], [ 28.943352, 41.0319732 ] ] }, { "type": "LineString", "coordinates": [ [ 28.9443906, 41.0328502 ], [ 28.9442063, 41.0325832 ] ] }, { "type": "LineString", "coordinates": [ [ 28.9442063, 41.0325832 ], [ 28.9440674, 41.032398 ] ] }, { "type": "LineString", "coordinates": [ [ 28.9440674, 41.032398 ], [ 28.9438491, 41.0320411 ] ] }, { "type": "LineString", "coordinates": [ [ 28.9438491, 41.0320411 ], [ 28.9436218, 41.03171540000001 ] ] }, { "type": "LineString", "coordinates": [ [ 28.9436218, 41.03171540000001 ], [ 28.9435219, 41.0315531 ], [ 28.9437403, 41.0312385 ] ] }, { "type": "LineString", "coordinates": [ [ 28.9441306, 41.0319348 ], [ 28.9438491, 41.0320411 ] ] }, { "type": "LineString", "coordinates": [ [ 28.9438491, 41.0320411 ], [ 28.9435621, 41.0321461 ] ] }, { "type": "LineString", "coordinates": [ [ 28.9438738, 41.0359021 ], [ 28.9442622, 41.0359509 ], [ 28.9444805, 41.0359788 ] ] }, { "type": "LineString", "coordinates": [ [ 28.9444805, 41.0359788 ], [ 28.9449722, 41.0361289 ] ] }, { "type": "LineString", "coordinates": [ [ 28.9437862, 41.0383061 ], [ 28.943358, 41.038071899999984 ], [ 28.9431696, 41.0380883 ], [ 28.9428688, 41.0381733 ] ] }, { "type": "LineString", "coordinates": [ [ 28.9416345, 41.0378338 ], [ 28.9417729, 41.0379559 ], [ 28.9419649, 41.038180899999986 ] ] }, { "type": "LineString", "coordinates": [ [ 28.9402169, 41.037531 ], [ 28.9402185, 41.0374725 ], [ 28.9402224, 41.0373198 ] ] }, { "type": "LineString", "coordinates": [ [ 28.9402224, 41.0373198 ], [ 28.9402219, 41.0370788 ], [ 28.9402038, 41.0369818 ], [ 28.94017, 41.0369064 ], [ 28.9401228, 41.036522 ] ] }, { "type": "LineString", "coordinates": [ [ 28.943416, 41.0368172 ], [ 28.9436321, 41.0367006 ], [ 28.9438144, 41.0367977 ], [ 28.9440997, 41.0366189 ] ] }, { "type": "LineString", "coordinates": [ [ 28.9426564, 41.0372212 ], [ 28.9428887, 41.037119 ] ] }, { "type": "LineString", "coordinates": [ [ 28.9428887, 41.037119 ], [ 28.9431599, 41.0369801 ] ] }, { "type": "LineString", "coordinates": [ [ 28.9423348, 41.0366989 ], [ 28.942596, 41.0365581 ] ] }, { "type": "LineString", "coordinates": [ [ 28.942596, 41.0365581 ], [ 28.9428044, 41.0364328 ] ] }, { "type": "LineString", "coordinates": [ [ 28.9428044, 41.0364328 ], [ 28.9426753, 41.0362612 ], [ 28.9426205, 41.0361846 ], [ 28.9425233, 41.036117 ] ] }, { "type": "LineString", "coordinates": [ [ 28.9421643, 41.0353141 ], [ 28.9423872, 41.0352139 ], [ 28.9424685, 41.0351335 ], [ 28.942524, 41.0350456 ], [ 28.942555, 41.0349316 ] ] }, { "type": "LineString", "coordinates": [ [ 28.942555, 41.0349316 ], [ 28.9427572, 41.0347167 ], [ 28.942921, 41.0344966 ], [ 28.9431112, 41.0342168 ] ] }, { "type": "LineString", "coordinates": [ [ 28.9432399, 41.0351424 ], [ 28.9430159, 41.0350306 ], [ 28.9427819, 41.0349692 ], [ 28.9427315, 41.0349673 ], [ 28.942555, 41.0349316 ] ] }, { "type": "LineString", "coordinates": [ [ 28.942555, 41.0349316 ], [ 28.9424567, 41.0348996 ], [ 28.9420981, 41.0348621 ] ] }, { "type": "LineString", "coordinates": [ [ 28.9420981, 41.0348621 ], [ 28.9419545, 41.0348413 ] ] }, { "type": "LineString", "coordinates": [ [ 28.9419545, 41.0348413 ], [ 28.9417594, 41.0348186 ] ] }, { "type": "LineString", "coordinates": [ [ 28.9417594, 41.0348186 ], [ 28.9416413, 41.0347701 ] ] }, { "type": "LineString", "coordinates": [ [ 28.941617, 41.0350433 ], [ 28.9419374, 41.035160499999989 ] ] }, { "type": "LineString", "coordinates": [ [ 28.9415305, 41.0337486 ], [ 28.9413325, 41.033557899999984 ] ] }, { "type": "LineString", "coordinates": [ [ 28.9413325, 41.033557899999984 ], [ 28.9410402, 41.0332524 ] ] }, { "type": "LineString", "coordinates": [ [ 28.9410402, 41.0332524 ], [ 28.9408752, 41.0330733 ] ] }, { "type": "LineString", "coordinates": [ [ 28.9408752, 41.0330733 ], [ 28.9406929, 41.0328831 ] ] }, { "type": "LineString", "coordinates": [ [ 28.9406929, 41.0328831 ], [ 28.9406564, 41.0328359 ], [ 28.9403704, 41.0325407 ] ] }, { "type": "LineString", "coordinates": [ [ 28.9431112, 41.0342168 ], [ 28.9432819, 41.034214399999989 ], [ 28.9435228, 41.0341869 ], [ 28.9437549, 41.0341164 ], [ 28.9439588, 41.0341631 ], [ 28.9441733, 41.0341712 ], [ 28.9443325, 41.0341179 ] ] }, { "type": "LineString", "coordinates": [ [ 28.9443325, 41.0341179 ], [ 28.9443665, 41.0341065 ], [ 28.9444738, 41.0341307 ], [ 28.9445596, 41.0342521 ] ] }, { "type": "LineString", "coordinates": [ [ 28.9422773, 41.0333955 ], [ 28.9421132, 41.0330277 ] ] }, { "type": "LineString", "coordinates": [ [ 28.9420367, 41.0328804 ], [ 28.9417867, 41.0325662 ], [ 28.9415636, 41.0322655 ] ] }, { "type": "LineString", "coordinates": [ [ 28.9414853, 41.03215 ], [ 28.9412415, 41.0318264 ] ] }, { "type": "LineString", "coordinates": [ [ 28.9403704, 41.0325407 ], [ 28.9396403, 41.0320471 ] ] }, { "type": "LineString", "coordinates": [ [ 28.9396403, 41.0320471 ], [ 28.9394682, 41.0318938 ] ] }, { "type": "LineString", "coordinates": [ [ 28.9416015, 41.0326496 ], [ 28.9414933, 41.0327752 ], [ 28.9413434, 41.032858 ] ] }, { "type": "LineString", "coordinates": [ [ 28.9412415, 41.0318264 ], [ 28.9410534, 41.0319942 ], [ 28.9410192, 41.0320191 ] ] }, { "type": "LineString", "coordinates": [ [ 28.9410192, 41.0320191 ], [ 28.9409846, 41.0320781 ] ] }, { "type": "LineString", "coordinates": [ [ 28.9409846, 41.0320781 ], [ 28.9409646, 41.0321315 ] ] }, { "type": "LineString", "coordinates": [ [ 28.9409646, 41.0321315 ], [ 28.9409193, 41.0322036 ], [ 28.9407128, 41.0323644 ], [ 28.9403704, 41.0325407 ] ] }, { "type": "LineString", "coordinates": [ [ 28.9403704, 41.0325407 ], [ 28.9401522, 41.0326416 ], [ 28.9399309, 41.0327348 ], [ 28.939668, 41.0330229 ] ] }, { "type": "LineString", "coordinates": [ [ 28.9388266, 41.0313244 ], [ 28.9388042, 41.0312553 ], [ 28.9387529, 41.0310953 ], [ 28.9387494, 41.0310857 ], [ 28.9387651, 41.0310728 ], [ 28.9388057, 41.031026 ], [ 28.9388499, 41.030978500000018 ], [ 28.9387682, 41.0308368 ], [ 28.9387479, 41.030820300000016 ] ] }, { "type": "LineString", "coordinates": [ [ 28.9376845, 41.0307524 ], [ 28.9374128, 41.0303472 ] ] }, { "type": "LineString", "coordinates": [ [ 28.9374128, 41.0303472 ], [ 28.9372249, 41.0301403 ] ] }, { "type": "LineString", "coordinates": [ [ 28.9405349, 41.0307692 ], [ 28.9400793, 41.0308906 ] ] }, { "type": "LineString", "coordinates": [ [ 28.9417125, 41.0311538 ], [ 28.9418768, 41.031424 ] ] }, { "type": "LineString", "coordinates": [ [ 28.9418768, 41.031424 ], [ 28.9418812, 41.0314439 ], [ 28.9420043, 41.03161 ] ] }, { "type": "LineString", "coordinates": [ [ 28.9420043, 41.03161 ], [ 28.9421309, 41.0317808 ], [ 28.9421372, 41.0319206 ] ] }, { "type": "LineString", "coordinates": [ [ 28.940152, 41.0286528 ], [ 28.9397553, 41.0282678 ] ] }, { "type": "LineString", "coordinates": [ [ 28.9401882, 41.0280065 ], [ 28.9404661, 41.028258 ] ] }, { "type": "LineString", "coordinates": [ [ 28.9404661, 41.028258 ], [ 28.9406105, 41.0283796 ] ] }, { "type": "LineString", "coordinates": [ [ 28.9406105, 41.0283796 ], [ 28.9408394, 41.0285936 ] ] }, { "type": "LineString", "coordinates": [ [ 28.9425773, 41.0286442 ], [ 28.942625, 41.028879 ] ] }, { "type": "LineString", "coordinates": [ [ 28.942625, 41.028879 ], [ 28.9427952, 41.0290451 ] ] }, { "type": "LineString", "coordinates": [ [ 28.9427952, 41.0290451 ], [ 28.9428825, 41.029155299999985 ] ] }, { "type": "LineString", "coordinates": [ [ 28.9434075, 41.0271213 ], [ 28.9434912, 41.0276082 ], [ 28.9436412, 41.0281251 ] ] }, { "type": "LineString", "coordinates": [ [ 28.9436412, 41.0281251 ], [ 28.9437005, 41.0285068 ], [ 28.9437115, 41.02864 ] ] }, { "type": "LineString", "coordinates": [ [ 28.9437115, 41.02864 ], [ 28.9437676, 41.0288285 ], [ 28.9439299, 41.029119199999982 ] ] }, { "type": "LineString", "coordinates": [ [ 28.9429167, 41.028262499999983 ], [ 28.9429262, 41.0283557 ] ] }, { "type": "LineString", "coordinates": [ [ 28.9429262, 41.0283557 ], [ 28.9429388, 41.0285387 ], [ 28.9429193, 41.0289312 ], [ 28.9427952, 41.0290451 ] ] }, { "type": "LineString", "coordinates": [ [ 28.9442041, 41.0280689 ], [ 28.9442188, 41.0283775 ] ] }, { "type": "LineString", "coordinates": [ [ 28.9442188, 41.0283775 ], [ 28.9441941, 41.0285088 ], [ 28.9441512, 41.0285877 ], [ 28.9437115, 41.02864 ] ] }, { "type": "LineString", "coordinates": [ [ 28.9422807, 41.025682 ], [ 28.9425338, 41.0255454 ], [ 28.9426437, 41.0256719 ], [ 28.9424024, 41.0258071 ] ] }, { "type": "LineString", "coordinates": [ [ 28.9457229, 41.0273726 ], [ 28.9456988, 41.0274587 ], [ 28.9457586, 41.0276008 ], [ 28.9457497, 41.0278887 ] ] }, { "type": "LineString", "coordinates": [ [ 28.9453497, 41.026679799999989 ], [ 28.9455424, 41.0267638 ], [ 28.9458166, 41.0268467 ] ] }, { "type": "LineString", "coordinates": [ [ 28.9458166, 41.0268467 ], [ 28.9460856, 41.026867799999984 ], [ 28.9464302, 41.0269182 ] ] }, { "type": "LineString", "coordinates": [ [ 28.9453497, 41.026679799999989 ], [ 28.9455534, 41.026684 ], [ 28.9463039, 41.0266521 ] ] }, { "type": "LineString", "coordinates": [ [ 28.933873, 41.026726 ], [ 28.933932, 41.0268802 ] ] }, { "type": "LineString", "coordinates": [ [ 28.933932, 41.0268802 ], [ 28.9339041, 41.0269823 ], [ 28.933815, 41.0272866 ] ] }, { "type": "LineString", "coordinates": [ [ 28.9332643, 41.0269384 ], [ 28.9327588, 41.0269688 ], [ 28.9325847, 41.0269538 ] ] }, { "type": "LineString", "coordinates": [ [ 28.934535, 41.027432 ], [ 28.9350381, 41.027898199999989 ] ] }, { "type": "LineString", "coordinates": [ [ 28.9350381, 41.027898199999989 ], [ 28.9354415, 41.0282499 ] ] }, { "type": "LineString", "coordinates": [ [ 28.9347358, 41.027301 ], [ 28.9342911, 41.026864399999987 ], [ 28.933932, 41.0268802 ] ] }, { "type": "LineString", "coordinates": [ [ 28.9342649, 41.0287362 ], [ 28.934302, 41.0287163 ], [ 28.9348102, 41.0284144 ], [ 28.934581, 41.028192699999984 ], [ 28.9344816, 41.0281669 ] ] }, { "type": "LineString", "coordinates": [ [ 28.9325847, 41.0269538 ], [ 28.9327577, 41.0264488 ] ] }, { "type": "LineString", "coordinates": [ [ 28.9356544, 41.0286544 ], [ 28.9360859, 41.0288554 ], [ 28.9361941, 41.0287654 ], [ 28.936581, 41.0289619 ] ] }, { "type": "LineString", "coordinates": [ [ 28.9343582, 41.0254755 ], [ 28.934633, 41.0255023 ], [ 28.9347927, 41.0255123 ], [ 28.9348467, 41.0256006 ], [ 28.9349147, 41.0257142 ], [ 28.9349928, 41.025898 ], [ 28.9350387, 41.0259499 ], [ 28.9350975, 41.0262508 ], [ 28.9351099, 41.0263914 ], [ 28.9351244, 41.02652710000001 ] ] }, { "type": "LineString", "coordinates": [ [ 28.9357286, 41.0283053 ], [ 28.9354415, 41.0282499 ] ] }, { "type": "LineString", "coordinates": [ [ 28.9354415, 41.0282499 ], [ 28.9349415, 41.0285517 ] ] }, { "type": "LineString", "coordinates": [ [ 28.9349415, 41.0285517 ], [ 28.9344194, 41.0288619 ] ] }, { "type": "LineString", "coordinates": [ [ 28.9389311, 41.0265394 ], [ 28.9388373, 41.0264466 ] ] }, { "type": "LineString", "coordinates": [ [ 28.9369613, 41.0254533 ], [ 28.9368478, 41.0252216 ] ] }, { "type": "LineString", "coordinates": [ [ 28.9368478, 41.0252216 ], [ 28.9366963, 41.0248461 ] ] }, { "type": "LineString", "coordinates": [ [ 28.9366963, 41.0248461 ], [ 28.9365292, 41.0242915 ] ] }, { "type": "LineString", "coordinates": [ [ 28.9365292, 41.0242915 ], [ 28.9362631, 41.02339880000001 ] ] }, { "type": "LineString", "coordinates": [ [ 28.934083989949439, 41.028596378759545 ], [ 28.9341781, 41.0286691 ] ] }, { "type": "LineString", "coordinates": [ [ 28.9369174, 41.0223282 ], [ 28.9368009, 41.0222296 ] ] }, { "type": "LineString", "coordinates": [ [ 28.9384287, 41.0236998 ], [ 28.9379777, 41.023176699999986 ], [ 28.9380911, 41.023116 ], [ 28.9379945, 41.0230027 ] ] }, { "type": "LineString", "coordinates": [ [ 28.9397655, 41.0237371 ], [ 28.9396642, 41.0234751 ] ] }, { "type": "LineString", "coordinates": [ [ 28.9396642, 41.0234751 ], [ 28.9396202, 41.0233271 ] ] }, { "type": "LineString", "coordinates": [ [ 28.9396202, 41.0233271 ], [ 28.9395515, 41.0230461 ] ] }, { "type": "LineString", "coordinates": [ [ 28.9395515, 41.0230461 ], [ 28.9394148, 41.0228295 ] ] }, { "type": "LineString", "coordinates": [ [ 28.9394148, 41.0228295 ], [ 28.9393267, 41.0226481 ] ] }, { "type": "LineString", "coordinates": [ [ 28.9393267, 41.0226481 ], [ 28.9391841, 41.0222694 ] ] }, { "type": "LineString", "coordinates": [ [ 28.9391841, 41.0222694 ], [ 28.9394579, 41.022281 ], [ 28.939769, 41.0222688 ], [ 28.9401451, 41.022198299999985 ] ] }, { "type": "LineString", "coordinates": [ [ 28.9413166, 41.0222324 ], [ 28.9417149, 41.022160499999984 ] ] }, { "type": "LineString", "coordinates": [ [ 28.9404284, 41.0246566 ], [ 28.940215, 41.0243414 ] ] }, { "type": "LineString", "coordinates": [ [ 28.940215, 41.0243414 ], [ 28.9399795, 41.0240168 ] ] }, { "type": "LineString", "coordinates": [ [ 28.9414864, 41.0240418 ], [ 28.9416255, 41.0244626 ] ] }, { "type": "LineString", "coordinates": [ [ 28.9388797, 41.0229934 ], [ 28.9389922, 41.0231918 ] ] }, { "type": "LineString", "coordinates": [ [ 28.9389922, 41.0231918 ], [ 28.9395515, 41.0230461 ] ] }, { "type": "LineString", "coordinates": [ [ 28.937553, 41.0215798 ], [ 28.9374679, 41.0216064 ] ] }, { "type": "LineString", "coordinates": [ [ 28.9374679, 41.0216064 ], [ 28.9372758, 41.0216663 ] ] }, { "type": "LineString", "coordinates": [ [ 28.9372758, 41.0216663 ], [ 28.9369924, 41.021754799999989 ], [ 28.9370673, 41.0218891 ] ] }, { "type": "LineString", "coordinates": [ [ 28.9487942, 41.0149609 ], [ 28.9484327, 41.0151532 ] ] }, { "type": "LineString", "coordinates": [ [ 28.9484327, 41.0151532 ], [ 28.9480857, 41.0153417 ] ] }, { "type": "LineString", "coordinates": [ [ 28.9480857, 41.0153417 ], [ 28.9477803, 41.0154951 ], [ 28.947529, 41.0156242 ] ] }, { "type": "LineString", "coordinates": [ [ 28.9493336, 41.0159363 ], [ 28.9497904, 41.0157037 ] ] }, { "type": "LineString", "coordinates": [ [ 28.9507176, 41.0159363 ], [ 28.9502251, 41.0161992 ] ] }, { "type": "LineString", "coordinates": [ [ 28.9502251, 41.0161992 ], [ 28.949699, 41.0164809 ] ] }, { "type": "LineString", "coordinates": [ [ 28.949699, 41.0164809 ], [ 28.9494877, 41.016639 ] ] }, { "type": "LineString", "coordinates": [ [ 28.9444245, 41.0212821 ], [ 28.9443979, 41.0213061 ] ] }, { "type": "LineString", "coordinates": [ [ 28.9443979, 41.0213061 ], [ 28.9439434, 41.021730499999983 ] ] }, { "type": "LineString", "coordinates": [ [ 28.9451505, 41.021246599999984 ], [ 28.9459207, 41.020449 ] ] }, { "type": "LineString", "coordinates": [ [ 28.9438808, 41.0176203 ], [ 28.944437, 41.0170951 ] ] }, { "type": "LineString", "coordinates": [ [ 28.944437, 41.0170951 ], [ 28.945108, 41.0163778 ] ] }, { "type": "LineString", "coordinates": [ [ 28.9475984, 41.0147477 ], [ 28.9480857, 41.0153417 ] ] }, { "type": "LineString", "coordinates": [ [ 28.9480857, 41.0153417 ], [ 28.948349, 41.015671 ] ] }, { "type": "LineString", "coordinates": [ [ 28.948349, 41.015671 ], [ 28.9486032, 41.0159609 ] ] }, { "type": "LineString", "coordinates": [ [ 28.9492521, 41.0167722 ], [ 28.9495367, 41.0169841 ], [ 28.9498989, 41.017243899999983 ] ] }, { "type": "LineString", "coordinates": [ [ 28.9453176, 41.0161777 ], [ 28.945108, 41.0163778 ] ] }, { "type": "LineString", "coordinates": [ [ 28.9513528, 41.0108084 ], [ 28.9517589, 41.0108 ] ] }, { "type": "LineString", "coordinates": [ [ 28.9517589, 41.0108 ], [ 28.9519678, 41.0108002 ] ] }, { "type": "LineString", "coordinates": [ [ 28.950483, 41.0104953 ], [ 28.9508169, 41.0105165 ] ] }, { "type": "LineString", "coordinates": [ [ 28.9508169, 41.0105165 ], [ 28.951338, 41.0105238 ] ] }, { "type": "LineString", "coordinates": [ [ 28.951338, 41.0105238 ], [ 28.9513528, 41.0108084 ] ] }, { "type": "LineString", "coordinates": [ [ 28.9513528, 41.0108084 ], [ 28.9513492, 41.0110704 ] ] }, { "type": "LineString", "coordinates": [ [ 28.9517195, 41.011776800000014 ], [ 28.9519955, 41.0120755 ] ] }, { "type": "LineString", "coordinates": [ [ 28.9519955, 41.0120755 ], [ 28.95214, 41.0122405 ] ] }, { "type": "LineString", "coordinates": [ [ 28.95214, 41.0122405 ], [ 28.9525501, 41.012786700000014 ] ] }, { "type": "LineString", "coordinates": [ [ 28.9519955, 41.0120755 ], [ 28.9519049, 41.0121307 ], [ 28.9517574, 41.0121864 ], [ 28.9516326, 41.012268400000018 ], [ 28.9515422, 41.0123593 ] ] }, { "type": "LineString", "coordinates": [ [ 28.9515422, 41.0123593 ], [ 28.951461, 41.0124465 ], [ 28.9514113, 41.0124748 ], [ 28.9511512, 41.0124131 ], [ 28.9510025, 41.0122869 ] ] }, { "type": "LineString", "coordinates": [ [ 28.9515422, 41.0123593 ], [ 28.9518167, 41.0125176 ], [ 28.9519063, 41.0125983 ], [ 28.9519599, 41.0126935 ] ] }, { "type": "LineString", "coordinates": [ [ 28.9519599, 41.0126935 ], [ 28.9520927, 41.0129631 ] ] }, { "type": "LineString", "coordinates": [ [ 28.9743734, 41.0155632 ], [ 28.9740445, 41.0151577 ], [ 28.9739993, 41.0151132 ], [ 28.9737659, 41.0148392 ] ] }, { "type": "LineString", "coordinates": [ [ 28.9694656, 41.013624499999985 ], [ 28.96956, 41.0135176 ] ] }, { "type": "LineString", "coordinates": [ [ 28.967716, 41.0121697 ], [ 28.9680751, 41.012282399999989 ] ] }, { "type": "LineString", "coordinates": [ [ 28.9682205, 41.0125942 ], [ 28.9679556, 41.012522 ] ] }, { "type": "LineString", "coordinates": [ [ 28.9637965, 41.0198616 ], [ 28.963608, 41.0196444 ] ] }, { "type": "LineString", "coordinates": [ [ 28.9633689, 41.0200567 ], [ 28.96332, 41.0200763 ], [ 28.9630746, 41.0201531 ] ] }, { "type": "LineString", "coordinates": [ [ 28.9630746, 41.0201531 ], [ 28.9629594, 41.020200199999984 ], [ 28.9627819, 41.0202522 ] ] }, { "type": "LineString", "coordinates": [ [ 28.9627819, 41.0202522 ], [ 28.9625764, 41.0202763 ] ] }, { "type": "LineString", "coordinates": [ [ 28.9748959, 41.0120988 ], [ 28.9742965, 41.0125213 ], [ 28.9745418, 41.0127035 ] ] }, { "type": "LineString", "coordinates": [ [ 28.9675488, 41.0128774 ], [ 28.9675551, 41.01290010000001 ], [ 28.9675013, 41.013225 ] ] }, { "type": "LineString", "coordinates": [ [ 28.980287, 41.0037269 ], [ 28.9806104, 41.0035072 ] ] }, { "type": "LineString", "coordinates": [ [ 28.9786289, 41.0030399 ], [ 28.9788332, 41.0030823 ], [ 28.9791738, 41.0031755 ] ] }, { "type": "LineString", "coordinates": [ [ 28.967937, 41.0044361 ], [ 28.9679935, 41.0046698 ] ] }, { "type": "LineString", "coordinates": [ [ 28.945747, 41.027061 ], [ 28.9453437, 41.0271087 ], [ 28.945186, 41.0271263 ], [ 28.9450416, 41.027168 ] ] }, { "type": "LineString", "coordinates": [ [ 28.9297201, 41.0231602 ], [ 28.9298684, 41.0229796 ], [ 28.9301796, 41.0226762 ] ] }, { "type": "LineString", "coordinates": [ [ 28.9301796, 41.0226762 ], [ 28.930447, 41.0224168 ], [ 28.9311104, 41.0217349 ] ] }, { "type": "LineString", "coordinates": [ [ 28.9311104, 41.0217349 ], [ 28.9318808, 41.0209431 ] ] }, { "type": "LineString", "coordinates": [ [ 28.9318808, 41.0209431 ], [ 28.9319276, 41.020895 ], [ 28.9322066, 41.020571 ] ] }, { "type": "LineString", "coordinates": [ [ 28.928129, 41.0215112 ], [ 28.9279619, 41.0216229 ] ] }, { "type": "LineString", "coordinates": [ [ 28.9279619, 41.0216229 ], [ 28.9278241, 41.021696299999988 ], [ 28.9276118, 41.021802 ] ] }, { "type": "LineString", "coordinates": [ [ 28.9276118, 41.021802 ], [ 28.9274749, 41.0218784 ] ] }, { "type": "LineString", "coordinates": [ [ 28.9274749, 41.0218784 ], [ 28.9270764, 41.0221207 ] ] }, { "type": "LineString", "coordinates": [ [ 28.9279619, 41.0216229 ], [ 28.9277112, 41.0213621 ], [ 28.927582, 41.0212077 ], [ 28.9275103, 41.0211216 ] ] }, { "type": "LineString", "coordinates": [ [ 28.9282294, 41.0214542 ], [ 28.9283741, 41.0215704 ], [ 28.9281068, 41.0217592 ] ] }, { "type": "LineString", "coordinates": [ [ 28.9281068, 41.0217592 ], [ 28.9279619, 41.0216229 ] ] }, { "type": "LineString", "coordinates": [ [ 28.9282525, 41.0208645 ], [ 28.928065, 41.0209036 ], [ 28.9279166, 41.0209542 ], [ 28.9277427, 41.0210286 ] ] }, { "type": "LineString", "coordinates": [ [ 28.9277427, 41.0210286 ], [ 28.9275103, 41.0211216 ] ] }, { "type": "LineString", "coordinates": [ [ 28.9259618, 41.020686 ], [ 28.9264785, 41.0210822 ] ] }, { "type": "LineString", "coordinates": [ [ 28.929538, 41.0195945 ], [ 28.9294991, 41.019404299999984 ], [ 28.9294561, 41.0192219 ] ] }, { "type": "LineString", "coordinates": [ [ 28.9296016, 41.0187301 ], [ 28.9305478, 41.0186446 ] ] }, { "type": "LineString", "coordinates": [ [ 28.930139, 41.0195097 ], [ 28.9299626, 41.019144 ], [ 28.9294561, 41.0192219 ] ] }, { "type": "LineString", "coordinates": [ [ 28.9294561, 41.0192219 ], [ 28.9291695, 41.0192667 ] ] }, { "type": "LineString", "coordinates": [ [ 28.9316085, 41.0198579 ], [ 28.9316814, 41.020543 ] ] }, { "type": "LineString", "coordinates": [ [ 28.9358833, 41.0153529 ], [ 28.9363004, 41.0158771 ] ] }, { "type": "LineString", "coordinates": [ [ 28.9366878, 41.018997 ], [ 28.9386378, 41.0176562 ], [ 28.938985, 41.0174132 ] ] }, { "type": "LineString", "coordinates": [ [ 28.941367, 41.0123256 ], [ 28.9403334, 41.0127413 ] ] }, { "type": "LineString", "coordinates": [ [ 28.942091, 41.0147194 ], [ 28.9428337, 41.0144146 ] ] }, { "type": "LineString", "coordinates": [ [ 28.9409141, 41.01171 ], [ 28.941367, 41.0123256 ] ] }, { "type": "LineString", "coordinates": [ [ 28.941367, 41.0123256 ], [ 28.9418361, 41.0129804 ] ] }, { "type": "LineString", "coordinates": [ [ 28.9418361, 41.0129804 ], [ 28.9423451, 41.0136862 ] ] }, { "type": "LineString", "coordinates": [ [ 28.9423451, 41.0136862 ], [ 28.9425187, 41.0139513 ] ] }, { "type": "LineString", "coordinates": [ [ 28.9425158, 41.011264 ], [ 28.9432882, 41.0123416 ] ] }, { "type": "LineString", "coordinates": [ [ 28.9432882, 41.0123416 ], [ 28.9435386, 41.0126912 ] ] }, { "type": "LineString", "coordinates": [ [ 28.9435386, 41.0126912 ], [ 28.9437742, 41.0130289 ] ] }, { "type": "LineString", "coordinates": [ [ 28.9437742, 41.0130289 ], [ 28.9438742, 41.0131582 ] ] }, { "type": "LineString", "coordinates": [ [ 28.9438742, 41.0131582 ], [ 28.9440375, 41.0133611 ] ] }, { "type": "LineString", "coordinates": [ [ 28.9484293, 41.0105469 ], [ 28.9482113, 41.0106112 ], [ 28.9476018, 41.0107909 ] ] }, { "type": "LineString", "coordinates": [ [ 28.9408667, 41.0094467 ], [ 28.940951, 41.0094588 ], [ 28.94109, 41.0094676 ] ] }, { "type": "LineString", "coordinates": [ [ 28.94109, 41.0094676 ], [ 28.9419499, 41.0094478 ], [ 28.9420008, 41.0094506 ] ] }, { "type": "LineString", "coordinates": [ [ 28.9489027, 41.008268 ], [ 28.9489136, 41.00856120000001 ], [ 28.9489277, 41.0087986 ] ] }, { "type": "LineString", "coordinates": [ [ 28.9411275, 41.0099308 ], [ 28.9413748, 41.009833 ] ] }, { "type": "LineString", "coordinates": [ [ 28.9413748, 41.009833 ], [ 28.9417878, 41.009653 ] ] }, { "type": "LineString", "coordinates": [ [ 28.9417878, 41.009653 ], [ 28.9420741, 41.0095324 ] ] }, { "type": "LineString", "coordinates": [ [ 28.9420741, 41.0095324 ], [ 28.9424633, 41.0093562 ] ] }, { "type": "LineString", "coordinates": [ [ 28.9424633, 41.0093562 ], [ 28.94288, 41.0091809 ] ] }, { "type": "LineString", "coordinates": [ [ 28.9431892, 41.0096383 ], [ 28.9431795, 41.0096114 ], [ 28.94288, 41.0091809 ] ] }, { "type": "LineString", "coordinates": [ [ 28.94288, 41.0091809 ], [ 28.9428192, 41.0091071 ], [ 28.9426081, 41.0088767 ] ] }, { "type": "LineString", "coordinates": [ [ 28.9379409, 41.007094 ], [ 28.9377553, 41.0076816 ], [ 28.9376971, 41.0078593 ], [ 28.9376518, 41.0080205 ] ] }, { "type": "LineString", "coordinates": [ [ 28.9376518, 41.0080205 ], [ 28.9375994, 41.0082512 ], [ 28.9374992, 41.0085717 ] ] }, { "type": "LineString", "coordinates": [ [ 28.9374992, 41.0085717 ], [ 28.937375, 41.0086112 ] ] }, { "type": "LineString", "coordinates": [ [ 28.9379216, 41.0086686 ], [ 28.9374992, 41.0085717 ] ] }, { "type": "LineString", "coordinates": [ [ 28.93869, 41.0079708 ], [ 28.9388597, 41.0080182 ], [ 28.938933, 41.0080355 ], [ 28.9389823, 41.008039899999986 ], [ 28.9391602, 41.0080666 ] ] }, { "type": "LineString", "coordinates": [ [ 28.9374219, 41.0067171 ], [ 28.9373905, 41.0066993 ], [ 28.9371613, 41.0066078 ], [ 28.9371466, 41.0065895 ], [ 28.9371666, 41.0064722 ], [ 28.9371745, 41.0063764 ], [ 28.9371562, 41.0062137 ], [ 28.9371491, 41.006204 ] ] }, { "type": "LineString", "coordinates": [ [ 28.9371491, 41.006204 ], [ 28.9371349, 41.006196 ], [ 28.9368714, 41.0061746 ], [ 28.9366036, 41.0061587 ], [ 28.9364715, 41.0061503 ], [ 28.9363278, 41.006146 ] ] }, { "type": "LineString", "coordinates": [ [ 28.9388329, 41.0067623 ], [ 28.9389481, 41.0065818 ] ] }, { "type": "LineString", "coordinates": [ [ 28.9392424, 41.0069691 ], [ 28.9393728, 41.0068064 ] ] }, { "type": "LineString", "coordinates": [ [ 28.9394111, 41.0068295 ], [ 28.9395212, 41.0066427 ] ] }, { "type": "LineString", "coordinates": [ [ 28.9395212, 41.0066427 ], [ 28.9397012, 41.00633040000001 ] ] }, { "type": "LineString", "coordinates": [ [ 28.9434023, 41.0064485 ], [ 28.9433634, 41.0065568 ], [ 28.9436764, 41.0066585 ] ] }, { "type": "LineString", "coordinates": [ [ 28.9436764, 41.0066585 ], [ 28.9435798, 41.0067944 ], [ 28.9432437, 41.007387 ] ] }, { "type": "LineString", "coordinates": [ [ 28.9428887, 41.0063325 ], [ 28.9430284, 41.0060962 ] ] }, { "type": "LineString", "coordinates": [ [ 28.9428275, 41.005909 ], [ 28.9427326, 41.0060124 ], [ 28.9430284, 41.0060962 ] ] }, { "type": "LineString", "coordinates": [ [ 28.9430284, 41.0060962 ], [ 28.9431344, 41.006109799999983 ] ] }, { "type": "LineString", "coordinates": [ [ 28.9431344, 41.006109799999983 ], [ 28.9431459, 41.0061113 ], [ 28.943342, 41.0062085 ], [ 28.9434948, 41.0063109 ], [ 28.9434023, 41.0064485 ] ] }, { "type": "LineString", "coordinates": [ [ 28.9448328, 41.007484 ], [ 28.9441693, 41.007254 ], [ 28.9440851, 41.0074083 ] ] }, { "type": "LineString", "coordinates": [ [ 28.9440851, 41.0074083 ], [ 28.9440262, 41.007732 ] ] }, { "type": "LineString", "coordinates": [ [ 28.9439036, 41.0075758 ], [ 28.9439953, 41.0073893 ] ] }, { "type": "LineString", "coordinates": [ [ 28.9440851, 41.0074083 ], [ 28.9439953, 41.0073893 ] ] }, { "type": "LineString", "coordinates": [ [ 28.9439953, 41.0073893 ], [ 28.9438355, 41.007357 ] ] }, { "type": "LineString", "coordinates": [ [ 28.9454309, 41.0041343 ], [ 28.9450969, 41.0042824 ], [ 28.9448474, 41.0044211 ] ] }, { "type": "LineString", "coordinates": [ [ 28.9532346, 41.0044552 ], [ 28.9531623, 41.0044604 ], [ 28.9527312, 41.0042815 ] ] }, { "type": "LineString", "coordinates": [ [ 28.9527312, 41.0042815 ], [ 28.9519485, 41.0039858 ] ] }, { "type": "LineString", "coordinates": [ [ 28.9519485, 41.0039858 ], [ 28.9513993, 41.0037594 ] ] }, { "type": "LineString", "coordinates": [ [ 28.9466586, 41.0078687 ], [ 28.9466325, 41.0079475 ], [ 28.9464276, 41.0082817 ], [ 28.9463586, 41.0084084 ] ] }, { "type": "LineString", "coordinates": [ [ 28.9318273, 41.0095842 ], [ 28.9317916, 41.0098949 ], [ 28.9318493, 41.009959099999989 ], [ 28.9318865, 41.009999 ], [ 28.9320957, 41.0100478 ] ] }, { "type": "LineString", "coordinates": [ [ 28.9423595, 41.0077655 ], [ 28.9424723, 41.0075794 ], [ 28.9426943, 41.0072999 ] ] }, { "type": "LineString", "coordinates": [ [ 28.9297707, 41.012096 ], [ 28.9296726, 41.012046 ] ] }, { "type": "LineString", "coordinates": [ [ 28.9296726, 41.012046 ], [ 28.9295047, 41.0119859 ], [ 28.9291098, 41.0118822 ], [ 28.9287952, 41.0118453 ] ] }, { "type": "LineString", "coordinates": [ [ 28.9419023, 41.002911199999986 ], [ 28.9420523, 41.0025054 ], [ 28.9420047, 41.0024806 ], [ 28.9417377, 41.0024447 ], [ 28.9417012, 41.0024778 ], [ 28.9416719, 41.0025248 ], [ 28.9416061, 41.0025551 ], [ 28.9414744, 41.0025468 ], [ 28.9414593, 41.0025451 ] ] }, { "type": "LineString", "coordinates": [ [ 28.9414593, 41.0025451 ], [ 28.9410015, 41.0024908 ], [ 28.9409559, 41.00277 ] ] }, { "type": "LineString", "coordinates": [ [ 28.9465006, 41.0035826 ], [ 28.9464238, 41.0035845 ], [ 28.9461867, 41.0035492 ], [ 28.9457559, 41.0034322 ], [ 28.9451936, 41.0032193 ], [ 28.9446454, 41.0029903 ], [ 28.9439963, 41.0028243 ], [ 28.9423587, 41.0026747 ], [ 28.9422183, 41.0027088 ], [ 28.9420052, 41.0028634 ], [ 28.9419023, 41.002911199999986 ] ] }, { "type": "LineString", "coordinates": [ [ 28.9589375, 41.016041100000017 ], [ 28.9588593, 41.0164677 ], [ 28.9587984, 41.0167892 ] ] }, { "type": "LineString", "coordinates": [ [ 28.9578612, 41.0173235 ], [ 28.9578818, 41.0173388 ], [ 28.9579152, 41.017356299999989 ], [ 28.9583109, 41.017352499999987 ], [ 28.9587577, 41.017351299999987 ] ] }, { "type": "LineString", "coordinates": [ [ 28.9587984, 41.0167892 ], [ 28.9581232, 41.0171325 ], [ 28.9578673, 41.017274400000012 ], [ 28.9578518, 41.0172963 ], [ 28.9578612, 41.0173235 ] ] }, { "type": "LineString", "coordinates": [ [ 28.9595457, 41.01758730000001 ], [ 28.9596332, 41.0176004 ], [ 28.9598302, 41.0179401 ], [ 28.9598188, 41.0180261 ], [ 28.9598024, 41.0181251 ], [ 28.959759, 41.0182254 ] ] }, { "type": "LineString", "coordinates": [ [ 28.9592641, 41.018427799999984 ], [ 28.9591082, 41.0186447 ] ] }, { "type": "LineString", "coordinates": [ [ 28.9589289, 41.0184071 ], [ 28.9592641, 41.018427799999984 ] ] }, { "type": "LineString", "coordinates": [ [ 28.965094, 41.0184906 ], [ 28.9648057, 41.0182625 ] ] }, { "type": "LineString", "coordinates": [ [ 28.9657691, 41.0180386 ], [ 28.9658449, 41.0180065 ], [ 28.9661068, 41.0178726 ], [ 28.9666026, 41.0176591 ] ] }, { "type": "LineString", "coordinates": [ [ 28.9693861, 41.0167915 ], [ 28.969431, 41.0167622 ], [ 28.969372, 41.0166712 ], [ 28.9694789, 41.0165981 ] ] }, { "type": "LineString", "coordinates": [ [ 28.9697027, 41.01632 ], [ 28.9698808, 41.0161525 ], [ 28.9698114, 41.0160655 ], [ 28.9701069, 41.015922400000015 ] ] }, { "type": "LineString", "coordinates": [ [ 28.9708985, 41.0141841 ], [ 28.9709916, 41.0141535 ], [ 28.9711027, 41.0141601 ] ] }, { "type": "LineString", "coordinates": [ [ 28.9711027, 41.0141601 ], [ 28.9710756, 41.0140374 ], [ 28.9712397, 41.0140311 ], [ 28.9712287, 41.0138083 ], [ 28.9712416, 41.0137711 ], [ 28.9713312, 41.0137601 ] ] }, { "type": "LineString", "coordinates": [ [ 28.9706582, 41.0136641 ], [ 28.9706374, 41.0139859 ] ] }, { "type": "LineString", "coordinates": [ [ 28.9704188, 41.01322480000001 ], [ 28.9707219, 41.0132632 ], [ 28.9706582, 41.0136641 ] ] }, { "type": "LineString", "coordinates": [ [ 28.9708448, 41.0120865 ], [ 28.9708197, 41.0126442 ], [ 28.9705493, 41.0126239 ] ] }, { "type": "LineString", "coordinates": [ [ 28.9712049, 41.0116392 ], [ 28.9712155, 41.0118636 ], [ 28.9712168, 41.01190780000001 ], [ 28.9712148, 41.0120193 ], [ 28.9712145, 41.0121321 ] ] }, { "type": "LineString", "coordinates": [ [ 28.9715454, 41.0114406 ], [ 28.9721784, 41.011607 ] ] }, { "type": "LineString", "coordinates": [ [ 28.9555562, 41.0187459 ], [ 28.9558207, 41.0186632 ] ] }, { "type": "LineString", "coordinates": [ [ 28.9558207, 41.0186632 ], [ 28.9559033, 41.018641 ] ] }, { "type": "LineString", "coordinates": [ [ 28.9558922, 41.0190076 ], [ 28.9558163, 41.018778499999989 ], [ 28.9558207, 41.0186632 ] ] }, { "type": "LineString", "coordinates": [ [ 28.9556385, 41.018170899999987 ], [ 28.9556718, 41.0181763 ], [ 28.9557698, 41.0182567 ], [ 28.9558499, 41.0183083 ], [ 28.9559325, 41.0183863 ] ] }, { "type": "LineString", "coordinates": [ [ 28.9561272, 41.0185725 ], [ 28.9562213, 41.0185377 ] ] }, { "type": "LineString", "coordinates": [ [ 28.9562213, 41.0185377 ], [ 28.9565957, 41.018371 ] ] }, { "type": "LineString", "coordinates": [ [ 28.9561272, 41.0185725 ], [ 28.9559033, 41.018641 ] ] }, { "type": "LineString", "coordinates": [ [ 28.9559325, 41.0183863 ], [ 28.9561272, 41.0185725 ] ] }, { "type": "LineString", "coordinates": [ [ 28.9559033, 41.018641 ], [ 28.9557904, 41.0184761 ], [ 28.9559325, 41.0183863 ] ] }, { "type": "LineString", "coordinates": [ [ 28.9309147, 40.9999554 ], [ 28.9306297, 40.9997447 ], [ 28.9302922, 40.9994794 ], [ 28.9301382, 40.9993586 ] ] }, { "type": "LineString", "coordinates": [ [ 28.9301382, 40.9993586 ], [ 28.9300923, 40.999322599999978 ], [ 28.9300791, 40.9992626 ], [ 28.9301068, 40.9991828 ], [ 28.9300075, 40.99904020000001 ], [ 28.9298787, 40.998943 ], [ 28.9296641, 40.9988297 ], [ 28.9294883, 40.9986648 ] ] }, { "type": "LineString", "coordinates": [ [ 28.950025, 41.0282434 ], [ 28.949894, 41.0281194 ], [ 28.9497518, 41.0280159 ] ] }, { "type": "LineString", "coordinates": [ [ 28.9497518, 41.0280159 ], [ 28.9496544, 41.027934599999988 ], [ 28.9495673, 41.0279883 ], [ 28.9494519, 41.0279175 ] ] }, { "type": "LineString", "coordinates": [ [ 28.9483789, 41.0286216 ], [ 28.9482804, 41.0285515 ], [ 28.9480489, 41.028388 ], [ 28.9479113, 41.028268299999986 ] ] }, { "type": "LineString", "coordinates": [ [ 28.9479113, 41.028268299999986 ], [ 28.9478662, 41.0282125 ], [ 28.9477804, 41.028091 ], [ 28.9476623, 41.028002 ], [ 28.9475948, 41.0279924 ] ] }, { "type": "LineString", "coordinates": [ [ 28.9475948, 41.0279924 ], [ 28.947233, 41.0279408 ] ] }, { "type": "LineString", "coordinates": [ [ 28.9496215, 41.0141421 ], [ 28.9498414, 41.0145256 ] ] }, { "type": "LineString", "coordinates": [ [ 28.9507024, 41.0128714 ], [ 28.9502793, 41.0130669 ], [ 28.9500423, 41.0128011 ] ] }, { "type": "LineString", "coordinates": [ [ 28.951546, 41.024544 ], [ 28.9514204, 41.0240844 ] ] }, { "type": "LineString", "coordinates": [ [ 28.9514204, 41.0240844 ], [ 28.9512461, 41.0235201 ] ] }, { "type": "LineString", "coordinates": [ [ 28.9512461, 41.0235201 ], [ 28.9512648, 41.0232331 ] ] }, { "type": "LineString", "coordinates": [ [ 28.9540204, 41.0237061 ], [ 28.954203, 41.0240978 ] ] }, { "type": "LineString", "coordinates": [ [ 28.954203, 41.0240978 ], [ 28.9544836, 41.0246551 ] ] }, { "type": "LineString", "coordinates": [ [ 28.9544836, 41.0246551 ], [ 28.9546868, 41.0251557 ] ] }, { "type": "LineString", "coordinates": [ [ 28.9657022, 41.0149566 ], [ 28.9657322, 41.0157723 ] ] }, { "type": "LineString", "coordinates": [ [ 28.9683108, 41.014958 ], [ 28.9681634, 41.0149466 ], [ 28.9680186, 41.014899 ], [ 28.9677539, 41.014827499999988 ], [ 28.9677563, 41.0147438 ], [ 28.9677423, 41.0146572 ] ] }, { "type": "LineString", "coordinates": [ [ 28.9470482, 41.0072883 ], [ 28.9472796, 41.0073185 ] ] }, { "type": "LineString", "coordinates": [ [ 28.9363862, 41.0273472 ], [ 28.9362983, 41.0273854 ], [ 28.9360153, 41.0275353 ] ] }, { "type": "LineString", "coordinates": [ [ 28.9360153, 41.0275353 ], [ 28.9359461, 41.0276679 ], [ 28.9358892, 41.0278104 ], [ 28.9358642, 41.0279713 ], [ 28.9358192, 41.0281137 ], [ 28.9357286, 41.0283053 ] ] }, { "type": "LineString", "coordinates": [ [ 28.933966434052266, 41.02849381146315 ], [ 28.9344816, 41.0281669 ] ] }, { "type": "LineString", "coordinates": [ [ 28.9344816, 41.0281669 ], [ 28.9346626, 41.0281619 ], [ 28.9350381, 41.027898199999989 ] ] }, { "type": "LineString", "coordinates": [ [ 28.9350381, 41.027898199999989 ], [ 28.9352948, 41.027738 ], [ 28.9356603, 41.0274998 ] ] }, { "type": "LineString", "coordinates": [ [ 28.9356603, 41.0274998 ], [ 28.9357313, 41.0274967 ], [ 28.9360153, 41.0275353 ] ] }, { "type": "LineString", "coordinates": [ [ 28.9357286, 41.0283053 ], [ 28.9356544, 41.0286544 ] ] }, { "type": "LineString", "coordinates": [ [ 28.9356544, 41.0286544 ], [ 28.9355197, 41.0289151 ] ] }, { "type": "LineString", "coordinates": [ [ 28.9355197, 41.0289151 ], [ 28.9354523, 41.0290071 ], [ 28.9349751, 41.029341 ] ] }, { "type": "LineString", "coordinates": [ [ 28.9339203, 41.027808 ], [ 28.9343702, 41.0281449 ], [ 28.9344816, 41.0281669 ] ] }, { "type": "LineString", "coordinates": [ [ 28.9815919, 41.0054004 ], [ 28.9814832, 41.0054894 ], [ 28.9814339, 41.0055181 ], [ 28.9814237, 41.0055408 ] ] }, { "type": "LineString", "coordinates": [ [ 28.9814237, 41.0055408 ], [ 28.981425, 41.0055868 ], [ 28.9814603, 41.0057327 ] ] }, { "type": "LineString", "coordinates": [ [ 28.9814603, 41.0057327 ], [ 28.9814883, 41.0058293 ], [ 28.9815582, 41.0059584 ] ] }, { "type": "LineString", "coordinates": [ [ 28.9818978, 41.0056593 ], [ 28.981777, 41.0055692 ], [ 28.9814603, 41.0057327 ] ] }, { "type": "LineString", "coordinates": [ [ 28.9819274, 41.0060678 ], [ 28.9817883, 41.0060777 ], [ 28.9817189, 41.0060742 ] ] }, { "type": "LineString", "coordinates": [ [ 28.9817189, 41.0060742 ], [ 28.9816668, 41.0060539 ], [ 28.9815909, 41.0059933 ], [ 28.9815582, 41.0059584 ] ] }, { "type": "LineString", "coordinates": [ [ 28.9786158, 41.0026073 ], [ 28.9785971, 41.0028572 ] ] }, { "type": "LineString", "coordinates": [ [ 28.9814184, 41.0043972 ], [ 28.9816529, 41.0042778 ] ] }, { "type": "LineString", "coordinates": [ [ 28.9816529, 41.0042778 ], [ 28.9819486, 41.0041004 ] ] }, { "type": "LineString", "coordinates": [ [ 28.97036, 41.0020723 ], [ 28.97084741938135, 41.001931004932096 ] ] }, { "type": "LineString", "coordinates": [ [ 28.97084741938135, 41.001931004932096 ], [ 28.9708602, 41.0019273 ], [ 28.971135073185721, 41.001843932497465 ] ] }, { "type": "LineString", "coordinates": [ [ 28.971135073185721, 41.001843932497465 ], [ 28.971788, 41.0016459 ], [ 28.972141, 41.001542 ], [ 28.9727397, 41.0014014 ], [ 28.9731589, 41.0013347 ], [ 28.9736403, 41.0012981 ], [ 28.9747601, 41.001336799999983 ], [ 28.9768393, 41.0014223 ], [ 28.977592777089122, 41.001494403869131 ] ] }, { "type": "LineString", "coordinates": [ [ 28.9396564, 41.031599 ], [ 28.9397981, 41.0315706 ], [ 28.9398977, 41.031545399999985 ], [ 28.9399381, 41.0315352 ], [ 28.9400307, 41.0314945 ], [ 28.9402242, 41.0314222 ] ] }, { "type": "LineString", "coordinates": [ [ 28.9402242, 41.0314222 ], [ 28.9402487, 41.0314115 ], [ 28.9407767, 41.0311483 ] ] }, { "type": "LineString", "coordinates": [ [ 28.9387499, 41.0320924 ], [ 28.9389953, 41.0319705 ], [ 28.9391636, 41.0319264 ] ] }, { "type": "LineString", "coordinates": [ [ 28.9391636, 41.0319264 ], [ 28.9392198, 41.031923 ], [ 28.9394682, 41.0318938 ] ] }, { "type": "LineString", "coordinates": [ [ 28.9394682, 41.0318938 ], [ 28.9397235, 41.0317341 ], [ 28.9396564, 41.031599 ] ] }, { "type": "LineString", "coordinates": [ [ 28.939399, 41.0323466 ], [ 28.9392884, 41.0324255 ], [ 28.9387499, 41.0320924 ] ] }, { "type": "LineString", "coordinates": [ [ 28.9412939, 41.0327853 ], [ 28.9410105, 41.0323746 ], [ 28.9410947, 41.0323126 ], [ 28.9409646, 41.0321315 ] ] }, { "type": "LineString", "coordinates": [ [ 28.9440129, 41.0351719 ], [ 28.9438791, 41.0351864 ] ] }, { "type": "LineString", "coordinates": [ [ 28.9438791, 41.0351864 ], [ 28.9437715, 41.0351981 ], [ 28.9432399, 41.0351424 ] ] }, { "type": "LineString", "coordinates": [ [ 28.9428362, 41.0358092 ], [ 28.9428698, 41.0357821 ], [ 28.942987, 41.0356988 ], [ 28.9430389, 41.0356439 ], [ 28.9430806, 41.0355706 ], [ 28.9430606, 41.0354711 ], [ 28.9429759, 41.0353154 ] ] }, { "type": "LineString", "coordinates": [ [ 28.9411164, 41.0341534 ], [ 28.941191, 41.0341625 ] ] }, { "type": "LineString", "coordinates": [ [ 28.9409008, 41.034172 ], [ 28.9408396, 41.0341947 ] ] }, { "type": "LineString", "coordinates": [ [ 28.9403348, 41.035961 ], [ 28.9403133, 41.0359965 ], [ 28.9402118, 41.0360309 ], [ 28.9401689, 41.0360835 ], [ 28.9401733, 41.0361439 ], [ 28.9402306, 41.0361786 ], [ 28.9403066, 41.0362055 ], [ 28.9403745, 41.0362794 ], [ 28.9403942, 41.0363404 ], [ 28.9403852, 41.0363907 ], [ 28.9403851, 41.0364335 ] ] }, { "type": "LineString", "coordinates": [ [ 28.9398325, 41.0373354 ], [ 28.9397085, 41.037363 ], [ 28.9395305, 41.0373844 ], [ 28.9393228, 41.0373967 ] ] }, { "type": "LineString", "coordinates": [ [ 28.9398292, 41.03754820000001 ], [ 28.9398333, 41.0374106 ], [ 28.9398325, 41.0373354 ] ] }, { "type": "LineString", "coordinates": [ [ 28.9398325, 41.0373354 ], [ 28.9398333, 41.0372811 ], [ 28.9398333, 41.0372244 ], [ 28.9398327, 41.0371994 ] ] }, { "type": "LineString", "coordinates": [ [ 28.9398327, 41.0371994 ], [ 28.9398173, 41.0365056 ] ] }, { "type": "LineString", "coordinates": [ [ 28.9423114, 41.0174451 ], [ 28.9418612, 41.0178618 ] ] }, { "type": "LineString", "coordinates": [ [ 28.9418612, 41.0178618 ], [ 28.940982, 41.0187352 ] ] }, { "type": "LineString", "coordinates": [ [ 28.951852, 41.0101673 ], [ 28.9521966, 41.0101591 ] ] }, { "type": "LineString", "coordinates": [ [ 28.953068, 41.0135113 ], [ 28.9530353, 41.013536 ], [ 28.9530104, 41.0135943 ], [ 28.9529697, 41.0137566 ], [ 28.9529471, 41.0138121 ], [ 28.9529024, 41.0138522 ], [ 28.9528769, 41.0138683 ], [ 28.9528577, 41.0138804 ], [ 28.9524049, 41.0141141 ], [ 28.9523405, 41.0141656 ], [ 28.9523111, 41.0142208 ], [ 28.9523042, 41.0143021 ], [ 28.9523244, 41.0143787 ], [ 28.9523855, 41.0144928 ] ] }, { "type": "LineString", "coordinates": [ [ 28.9523855, 41.0144928 ], [ 28.9524658, 41.0145938 ] ] }, { "type": "LineString", "coordinates": [ [ 28.9546905, 41.021422200000011 ], [ 28.95442, 41.0214491 ] ] }, { "type": "LineString", "coordinates": [ [ 28.95442, 41.0214491 ], [ 28.9537797, 41.0215312 ] ] }, { "type": "LineString", "coordinates": [ [ 28.9579628, 41.0255393 ], [ 28.9582474, 41.0256484 ], [ 28.9583092, 41.0257537 ], [ 28.9583618, 41.0257976 ], [ 28.9584611, 41.025878 ], [ 28.9584995, 41.0259266 ], [ 28.9584523, 41.0260924 ], [ 28.9585576, 41.0261986 ] ] }, { "type": "LineString", "coordinates": [ [ 28.9580401, 41.025421 ], [ 28.9579628, 41.0255393 ] ] }, { "type": "LineString", "coordinates": [ [ 28.9259839, 40.9947281 ], [ 28.9258773, 40.9946588 ], [ 28.9254575, 40.9943865 ] ] }, { "type": "LineString", "coordinates": [ [ 28.9254575, 40.9943865 ], [ 28.9251177, 40.994183199999988 ] ] }, { "type": "LineString", "coordinates": [ [ 28.9251177, 40.994183199999988 ], [ 28.9247675, 40.9939613 ], [ 28.9245827, 40.993948 ] ] }, { "type": "LineString", "coordinates": [ [ 28.922978, 40.9921036 ], [ 28.9233099, 40.9921773 ], [ 28.9234499, 40.9922039 ], [ 28.9234934, 40.9921981 ], [ 28.9235449, 40.9921684 ] ] }, { "type": "LineString", "coordinates": [ [ 28.9284317, 40.996318100000011 ], [ 28.9285499, 40.9963117 ] ] }, { "type": "LineString", "coordinates": [ [ 28.9285499, 40.9963117 ], [ 28.9288214, 40.9962344 ], [ 28.9289204, 40.9961999 ], [ 28.9293708, 40.996038699999986 ] ] }, { "type": "LineString", "coordinates": [ [ 28.9293708, 40.996038699999986 ], [ 28.9296898, 40.9959008 ], [ 28.9300396, 40.9957121 ] ] }, { "type": "LineString", "coordinates": [ [ 28.9256152, 40.997050499999986 ], [ 28.9259163, 40.9970306 ] ] }, { "type": "LineString", "coordinates": [ [ 28.9230872, 40.9965389 ], [ 28.9229948, 40.997047 ], [ 28.9226622, 40.9970389 ] ] }, { "type": "LineString", "coordinates": [ [ 28.9216518, 40.996007 ], [ 28.9219872, 40.996631 ], [ 28.9221191, 40.9971857 ], [ 28.9221647, 40.9973721 ], [ 28.9221558, 40.997435 ], [ 28.9220986, 40.9975261 ], [ 28.9220082, 40.9976257 ], [ 28.9218223, 40.997743 ], [ 28.9215692, 40.9978589 ] ] }, { "type": "LineString", "coordinates": [ [ 28.9268147, 41.000243099999985 ], [ 28.9270404, 41.0001694 ] ] }, { "type": "LineString", "coordinates": [ [ 28.9270404, 41.0001694 ], [ 28.9271701, 41.000122699999984 ], [ 28.9270911, 40.9999805 ] ] }, { "type": "LineString", "coordinates": [ [ 28.9270911, 40.9999805 ], [ 28.9273651, 40.999792799999987 ] ] }, { "type": "LineString", "coordinates": [ [ 28.9266339, 40.9999879 ], [ 28.9268147, 41.000243099999985 ] ] }, { "type": "LineString", "coordinates": [ [ 28.9269575, 41.0029254 ], [ 28.9272084, 41.0029204 ], [ 28.9274536, 41.002963800000011 ] ] }, { "type": "LineString", "coordinates": [ [ 28.9274536, 41.002963800000011 ], [ 28.9276935, 41.0029269 ], [ 28.9278925, 41.00297410000001 ] ] }, { "type": "LineString", "coordinates": [ [ 28.9408193, 41.0066238 ], [ 28.9404188, 41.0065519 ] ] }, { "type": "LineString", "coordinates": [ [ 28.9262188, 41.0042736 ], [ 28.9267276, 41.0042444 ] ] }, { "type": "LineString", "coordinates": [ [ 28.9231816, 41.0108525 ], [ 28.9231586, 41.010794399999988 ], [ 28.922967, 41.0103101 ], [ 28.9229212, 41.0101827 ] ] }, { "type": "LineString", "coordinates": [ [ 28.9229212, 41.0101827 ], [ 28.9227953, 41.0098325 ], [ 28.9228382, 41.0097596 ], [ 28.9237694, 41.0097005 ], [ 28.9237873, 41.0096994 ] ] }, { "type": "LineString", "coordinates": [ [ 28.9240612, 41.0106937 ], [ 28.923947, 41.0104317 ], [ 28.9238133, 41.0101249 ] ] }, { "type": "LineString", "coordinates": [ [ 28.9238133, 41.0101249 ], [ 28.9237873, 41.0096994 ] ] }, { "type": "LineString", "coordinates": [ [ 28.9237873, 41.0096994 ], [ 28.9236615, 41.00926 ], [ 28.9241726, 41.0091615 ] ] }, { "type": "LineString", "coordinates": [ [ 28.9284843, 41.0141069 ], [ 28.9288528, 41.0143459 ] ] }, { "type": "LineString", "coordinates": [ [ 28.9288528, 41.0143459 ], [ 28.928846, 41.0143805 ], [ 28.9289035, 41.0144311 ] ] }, { "type": "LineString", "coordinates": [ [ 28.9240457, 41.0170098 ], [ 28.9244003, 41.0169313 ], [ 28.9243939, 41.0167142 ] ] }, { "type": "LineString", "coordinates": [ [ 28.9296707, 41.0212567 ], [ 28.9298662, 41.0209118 ], [ 28.9299139, 41.0207961 ], [ 28.929791, 41.0205276 ] ] }, { "type": "LineString", "coordinates": [ [ 28.9268076, 41.0209002 ], [ 28.9267814, 41.0207171 ], [ 28.926676, 41.020527199999989 ], [ 28.9266872, 41.020452 ], [ 28.9266747, 41.0203916 ] ] }, { "type": "LineString", "coordinates": [ [ 28.9266747, 41.0203916 ], [ 28.926593, 41.0202749 ] ] }, { "type": "LineString", "coordinates": [ [ 28.926593, 41.0202749 ], [ 28.92655, 41.0202214 ], [ 28.9265092, 41.0201922 ], [ 28.9264262, 41.0200977 ] ] }, { "type": "LineString", "coordinates": [ [ 28.9264262, 41.0200977 ], [ 28.9263491, 41.0199919 ], [ 28.9262938, 41.0199026 ] ] }, { "type": "LineString", "coordinates": [ [ 28.9288538, 41.0197173 ], [ 28.9285752, 41.0197721 ] ] }, { "type": "LineString", "coordinates": [ [ 28.9285752, 41.0197721 ], [ 28.9285117, 41.019777 ], [ 28.9281075, 41.0198324 ] ] }, { "type": "LineString", "coordinates": [ [ 28.9281075, 41.0198324 ], [ 28.9280441, 41.0198375 ] ] }, { "type": "LineString", "coordinates": [ [ 28.9286625, 41.0200866 ], [ 28.9287435, 41.0203771 ] ] }, { "type": "LineString", "coordinates": [ [ 28.9298586, 41.0199931 ], [ 28.9299183, 41.0202104 ], [ 28.9299656, 41.0205251 ] ] }, { "type": "LineString", "coordinates": [ [ 28.9388797, 41.0229934 ], [ 28.9394148, 41.0228295 ] ] }, { "type": "LineString", "coordinates": [ [ 28.948591, 41.0203836 ], [ 28.9486571, 41.020411400000015 ] ] }, { "type": "LineString", "coordinates": [ [ 28.9486571, 41.020411400000015 ], [ 28.9486311, 41.0204693 ], [ 28.9485801, 41.020569 ], [ 28.9484796, 41.0207232 ] ] }, { "type": "LineString", "coordinates": [ [ 28.9484796, 41.0207232 ], [ 28.9484147, 41.0208184 ], [ 28.9483761, 41.020854 ] ] }, { "type": "LineString", "coordinates": [ [ 28.9483761, 41.020854 ], [ 28.948289, 41.0209815 ], [ 28.9480922, 41.0212714 ], [ 28.9479041, 41.021598 ] ] }, { "type": "LineString", "coordinates": [ [ 28.947467, 41.0213199 ], [ 28.9470465, 41.0210482 ] ] }, { "type": "LineString", "coordinates": [ [ 28.9470465, 41.0210482 ], [ 28.9465836, 41.0208041 ], [ 28.9465201, 41.0207706 ] ] }, { "type": "LineString", "coordinates": [ [ 28.9502531, 41.0147269 ], [ 28.9500648, 41.0144329 ] ] }, { "type": "LineString", "coordinates": [ [ 28.9500365, 41.0148099 ], [ 28.9498414, 41.0145256 ] ] }, { "type": "LineString", "coordinates": [ [ 28.9506625, 41.016726 ], [ 28.9502251, 41.0161992 ] ] }, { "type": "LineString", "coordinates": [ [ 28.9502251, 41.0161992 ], [ 28.9497904, 41.0157037 ] ] }, { "type": "LineString", "coordinates": [ [ 28.9562213, 41.0185377 ], [ 28.9564704, 41.0188459 ] ] }, { "type": "LineString", "coordinates": [ [ 28.9569037, 41.0180732 ], [ 28.9567128, 41.0182042 ], [ 28.9565957, 41.018371 ] ] }, { "type": "LineString", "coordinates": [ [ 28.9554495, 41.0214004 ], [ 28.9550078, 41.0215272 ] ] }, { "type": "LineString", "coordinates": [ [ 28.9585436, 41.0217908 ], [ 28.9582298, 41.0218684 ], [ 28.9583817, 41.0219979 ] ] }, { "type": "LineString", "coordinates": [ [ 28.9697311, 41.01737270000001 ], [ 28.9698655, 41.017295 ], [ 28.9699417, 41.0172509 ], [ 28.9703486, 41.0169895 ] ] }, { "type": "LineString", "coordinates": [ [ 28.9786412, 41.0142581 ], [ 28.9785091, 41.0139781 ] ] }, { "type": "LineString", "coordinates": [ [ 28.9642136, 41.003633399999984 ], [ 28.9646237, 41.0037148 ] ] }, { "type": "LineString", "coordinates": [ [ 28.9637404, 41.0066107 ], [ 28.9636681, 41.0064079 ] ] }, { "type": "LineString", "coordinates": [ [ 28.9636681, 41.0064079 ], [ 28.9635489, 41.0060904 ] ] }, { "type": "LineString", "coordinates": [ [ 28.9635489, 41.0060904 ], [ 28.9633808, 41.0057989 ] ] }, { "type": "LineString", "coordinates": [ [ 28.9633808, 41.0057989 ], [ 28.9630991, 41.0053656 ] ] }, { "type": "LineString", "coordinates": [ [ 28.9601038, 41.0077922 ], [ 28.9599732, 41.007691 ], [ 28.9598925, 41.0076102 ], [ 28.9597601, 41.007567 ], [ 28.9596338, 41.0076111 ], [ 28.9593992, 41.0076697 ] ] }, { "type": "LineString", "coordinates": [ [ 28.9362923, 41.005955 ], [ 28.9369024, 41.0059979 ], [ 28.9369201, 41.006015399999988 ] ] }, { "type": "LineString", "coordinates": [ [ 28.9332166, 41.0011198 ], [ 28.9330914, 41.0012623 ] ] }, { "type": "LineString", "coordinates": [ [ 28.9330914, 41.0012623 ], [ 28.9329303, 41.001298 ] ] }, { "type": "LineString", "coordinates": [ [ 28.9329303, 41.001298 ], [ 28.9323566, 41.0016603 ] ] }, { "type": "LineString", "coordinates": [ [ 28.9371491, 41.006204 ], [ 28.9371536, 41.0061697 ], [ 28.9371586, 41.0061414 ], [ 28.9372235, 41.0059302 ] ] }, { "type": "LineString", "coordinates": [ [ 28.9295905, 41.0024912 ], [ 28.9297058, 41.00253270000001 ], [ 28.9295962, 41.0028091 ] ] }, { "type": "LineString", "coordinates": [ [ 28.9292364, 41.0024993 ], [ 28.9293855, 41.0025012 ] ] }, { "type": "LineString", "coordinates": [ [ 28.9293855, 41.0025012 ], [ 28.9295905, 41.0024912 ] ] }, { "type": "LineString", "coordinates": [ [ 28.9403827, 41.0378365 ], [ 28.9403432, 41.0375907 ], [ 28.9402169, 41.037531 ] ] }, { "type": "LineString", "coordinates": [ [ 28.9481065, 41.02977210000001 ], [ 28.9480641, 41.0296534 ] ] }, { "type": "LineString", "coordinates": [ [ 28.9480641, 41.0296534 ], [ 28.9479955, 41.0294812 ] ] }, { "type": "LineString", "coordinates": [ [ 28.9490194, 41.029347 ], [ 28.9490577, 41.0291756 ], [ 28.9490674, 41.0291019 ], [ 28.9488202, 41.0288158 ] ] }, { "type": "LineString", "coordinates": [ [ 28.9494519, 41.0279175 ], [ 28.9493339, 41.0277859 ], [ 28.9493557, 41.0277363 ] ] }, { "type": "LineString", "coordinates": [ [ 28.9493557, 41.0277363 ], [ 28.9492861, 41.0276455 ], [ 28.9490684, 41.027552399999983 ], [ 28.9489356, 41.0274311 ] ] }, { "type": "LineString", "coordinates": [ [ 28.9469435, 41.0264124 ], [ 28.9467556, 41.0260214 ] ] }, { "type": "LineString", "coordinates": [ [ 28.9606956, 41.0175607 ], [ 28.9609718, 41.0175186 ], [ 28.9611032, 41.0174921 ], [ 28.961283, 41.0174028 ], [ 28.9614921, 41.0172572 ], [ 28.9615669, 41.0172045 ], [ 28.9616317, 41.017161 ] ] }, { "type": "LineString", "coordinates": [ [ 28.9615441, 41.01835830000001 ], [ 28.9614769, 41.0182246 ] ] }, { "type": "LineString", "coordinates": [ [ 28.9614769, 41.0182246 ], [ 28.9613757, 41.0180463 ], [ 28.9612919, 41.017896 ], [ 28.9610645, 41.0179079 ], [ 28.9608419, 41.0179068 ] ] }, { "type": "LineString", "coordinates": [ [ 28.9616317, 41.017161 ], [ 28.9616883, 41.0169063 ], [ 28.9617188, 41.0167841 ], [ 28.9617562, 41.0167279 ] ] }, { "type": "LineString", "coordinates": [ [ 28.9614769, 41.0182246 ], [ 28.9618125, 41.0181235 ] ] }, { "type": "LineString", "coordinates": [ [ 28.9618125, 41.0181235 ], [ 28.9621496, 41.0180322 ], [ 28.9626039, 41.0179588 ] ] }, { "type": "LineString", "coordinates": [ [ 28.9655399, 41.0187031 ], [ 28.9658128, 41.0185911 ] ] }, { "type": "LineString", "coordinates": [ [ 28.9658128, 41.0185911 ], [ 28.965935, 41.018541 ], [ 28.9663104, 41.0184525 ] ] }, { "type": "LineString", "coordinates": [ [ 28.9663104, 41.0184525 ], [ 28.9666188, 41.0184203 ], [ 28.9666717, 41.0184248 ] ] }, { "type": "LineString", "coordinates": [ [ 28.9666717, 41.0184248 ], [ 28.9667212, 41.018463 ], [ 28.9667523, 41.0185044 ], [ 28.9667637, 41.0185239 ], [ 28.9667918, 41.018569299999989 ], [ 28.966816, 41.0185898 ], [ 28.966884, 41.0186123 ] ] }, { "type": "LineString", "coordinates": [ [ 28.9638605, 41.0189069 ], [ 28.9635551, 41.019088600000011 ], [ 28.9632091, 41.0192524 ], [ 28.9631675, 41.0192726 ], [ 28.9631141, 41.0192885 ], [ 28.9630684, 41.0192855 ], [ 28.9630354, 41.0192752 ], [ 28.9628771, 41.0191879 ], [ 28.9630221, 41.019056 ], [ 28.9630113, 41.0190486 ] ] }, { "type": "LineString", "coordinates": [ [ 28.9630113, 41.0190486 ], [ 28.9626535, 41.018805 ] ] }, { "type": "LineString", "coordinates": [ [ 28.9541685, 41.0116991 ], [ 28.9539274, 41.0118356 ] ] }, { "type": "LineString", "coordinates": [ [ 28.927703, 41.0132625 ], [ 28.9275654, 41.0133706 ] ] }, { "type": "LineString", "coordinates": [ [ 28.9275654, 41.0133706 ], [ 28.9277026, 41.0135741 ], [ 28.9279317, 41.01369 ], [ 28.9281322, 41.0137477 ], [ 28.9282907, 41.013926199999986 ] ] }, { "type": "LineString", "coordinates": [ [ 28.9282907, 41.013926199999986 ], [ 28.9284843, 41.0141069 ] ] }, { "type": "LineString", "coordinates": [ [ 28.9479306, 41.0086963 ], [ 28.9479678, 41.0085366 ], [ 28.9479978, 41.0083752 ] ] }, { "type": "LineString", "coordinates": [ [ 28.9480236, 41.0075626 ], [ 28.9480291, 41.0073085 ], [ 28.9480654, 41.0070948 ], [ 28.9480882, 41.0069785 ] ] }, { "type": "LineString", "coordinates": [ [ 28.9469267, 41.0071295 ], [ 28.946639, 41.0070539 ] ] }, { "type": "LineString", "coordinates": [ [ 28.9451553, 41.0073957 ], [ 28.9453979, 41.0075353 ], [ 28.94557, 41.0076036 ], [ 28.9456421, 41.0075983 ] ] }, { "type": "LineString", "coordinates": [ [ 28.9456421, 41.0075983 ], [ 28.9460558, 41.0076465 ] ] }, { "type": "LineString", "coordinates": [ [ 28.9460558, 41.0076465 ], [ 28.9462167, 41.0076491 ], [ 28.9465362, 41.0076605 ], [ 28.9466844, 41.0076609 ], [ 28.9468597, 41.0076582 ], [ 28.9469841, 41.0076543 ], [ 28.94727, 41.0076176 ] ] }, { "type": "LineString", "coordinates": [ [ 28.94727, 41.0076176 ], [ 28.9473351, 41.0076129 ] ] }, { "type": "LineString", "coordinates": [ [ 28.9548944, 41.0261811 ], [ 28.9549483, 41.0260845 ], [ 28.9550192, 41.0260138 ] ] }, { "type": "LineString", "coordinates": [ [ 28.9550192, 41.0260138 ], [ 28.9551874, 41.0258187 ] ] }, { "type": "LineString", "coordinates": [ [ 28.9349415, 41.0285517 ], [ 28.9352473, 41.0288274 ], [ 28.9355197, 41.0289151 ] ] }, { "type": "LineString", "coordinates": [ [ 28.9356603, 41.0274998 ], [ 28.9351958, 41.0270529 ] ] }, { "type": "LineString", "coordinates": [ [ 28.9325249, 40.9994469 ], [ 28.9324919, 40.999475499999988 ] ] }, { "type": "LineString", "coordinates": [ [ 28.9314638, 41.0004222 ], [ 28.9311402, 41.0006192 ] ] }, { "type": "LineString", "coordinates": [ [ 28.9311402, 41.0006192 ], [ 28.930785, 41.0008352 ] ] }, { "type": "LineString", "coordinates": [ [ 28.9301993, 41.0046332 ], [ 28.9298695, 41.0047549 ] ] }, { "type": "LineString", "coordinates": [ [ 28.9342117, 41.0276294 ], [ 28.933815, 41.0272866 ] ] }, { "type": "LineString", "coordinates": [ [ 28.933104293217685, 41.027743959871657 ], [ 28.933815, 41.0272866 ] ] }, { "type": "LineString", "coordinates": [ [ 28.9439742, 41.0310388 ], [ 28.9434307, 41.0308153 ] ] }, { "type": "LineString", "coordinates": [ [ 28.9434307, 41.0308153 ], [ 28.9433467, 41.0308086 ] ] }, { "type": "LineString", "coordinates": [ [ 28.9730824, 41.003825 ], [ 28.9730533, 41.003576899999985 ] ] }, { "type": "LineString", "coordinates": [ [ 28.9730397, 41.0049088 ], [ 28.9732527, 41.0047836 ] ] }, { "type": "LineString", "coordinates": [ [ 28.9732527, 41.0047836 ], [ 28.9734817, 41.004659 ], [ 28.9735492, 41.0046252 ] ] }, { "type": "LineString", "coordinates": [ [ 28.972124, 41.005172 ], [ 28.9719869, 41.0051127 ], [ 28.9717867, 41.005009 ] ] }, { "type": "LineString", "coordinates": [ [ 28.9717867, 41.005009 ], [ 28.9715542, 41.0048663 ] ] }, { "type": "LineString", "coordinates": [ [ 28.972124, 41.005172 ], [ 28.9719751, 41.0053834 ], [ 28.9717811, 41.00563120000001 ], [ 28.9715765, 41.0057149 ] ] }, { "type": "LineString", "coordinates": [ [ 28.9715765, 41.0057149 ], [ 28.9713916, 41.005796199999985 ] ] }, { "type": "LineString", "coordinates": [ [ 28.9713916, 41.005796199999985 ], [ 28.9712363, 41.0058612 ], [ 28.9707136, 41.0060526 ] ] }, { "type": "LineString", "coordinates": [ [ 28.9853355, 41.015853 ], [ 28.9853595, 41.0158821 ] ] }, { "type": "LineString", "coordinates": [ [ 28.9575542, 41.025057 ], [ 28.9576327, 41.0249881 ] ] }, { "type": "LineString", "coordinates": [ [ 28.94727, 41.0076176 ], [ 28.9472647, 41.0075173 ], [ 28.9472796, 41.0073185 ] ] }, { "type": "LineString", "coordinates": [ [ 28.9472796, 41.0073185 ], [ 28.9473055, 41.0071519 ] ] }, { "type": "LineString", "coordinates": [ [ 28.9434023, 41.0064485 ], [ 28.9428887, 41.0063325 ] ] }, { "type": "LineString", "coordinates": [ [ 28.9428887, 41.0063325 ], [ 28.9421865, 41.0061628 ] ] }, { "type": "LineString", "coordinates": [ [ 28.9228303, 40.9959434 ], [ 28.9228139, 40.9961043 ] ] }, { "type": "LineString", "coordinates": [ [ 28.9228139, 40.9961043 ], [ 28.9227517, 40.9965212 ] ] }, { "type": "LineString", "coordinates": [ [ 28.9763847, 41.0147229 ], [ 28.976334, 41.0147273 ] ] }, { "type": "LineString", "coordinates": [ [ 28.9575563, 41.0031245 ], [ 28.9575398, 41.003071 ], [ 28.9574932, 41.0029965 ], [ 28.9572469, 41.0027769 ], [ 28.9565865, 41.0027283 ], [ 28.9564612, 41.0025861 ] ] }, { "type": "LineString", "coordinates": [ [ 28.9564612, 41.0025861 ], [ 28.9563483, 41.0024579 ] ] }, { "type": "LineString", "coordinates": [ [ 28.946361, 41.0252986 ], [ 28.9462811, 41.0250264 ] ] }, { "type": "LineString", "coordinates": [ [ 28.9462811, 41.0250264 ], [ 28.9462192, 41.0248382 ], [ 28.946286, 41.024813 ], [ 28.9465302, 41.0247165 ] ] }, { "type": "LineString", "coordinates": [ [ 28.9667112, 41.0130139 ], [ 28.9665098, 41.0130141 ] ] }, { "type": "LineString", "coordinates": [ [ 28.9665098, 41.0130141 ], [ 28.9659785, 41.0129945 ] ] }, { "type": "LineString", "coordinates": [ [ 28.9287421, 40.9989192 ], [ 28.9287086, 40.9989087 ], [ 28.9286199, 40.9984874 ] ] }, { "type": "LineString", "coordinates": [ [ 28.9298522, 40.998513899999985 ], [ 28.9294883, 40.9986648 ] ] }, { "type": "LineString", "coordinates": [ [ 28.9294883, 40.9986648 ], [ 28.9293108, 40.9987376 ], [ 28.9287421, 40.9989192 ] ] }, { "type": "LineString", "coordinates": [ [ 28.9301401, 41.015214200000017 ], [ 28.9303434, 41.015271499999983 ], [ 28.9304693, 41.0153144 ], [ 28.930643, 41.0153831 ] ] }, { "type": "LineString", "coordinates": [ [ 28.930643, 41.0153831 ], [ 28.9308091, 41.0154559 ], [ 28.9308806, 41.0154976 ], [ 28.9310046, 41.0155741 ], [ 28.9311815, 41.015737799999982 ] ] }, { "type": "LineString", "coordinates": [ [ 28.9311815, 41.015737799999982 ], [ 28.9312828, 41.0157605 ], [ 28.9314351, 41.0158589 ], [ 28.9315356, 41.0158896 ] ] }, { "type": "LineString", "coordinates": [ [ 28.9329377, 41.015133299999988 ], [ 28.9328414, 41.0150426 ] ] }, { "type": "LineString", "coordinates": [ [ 28.9326336, 41.0148727 ], [ 28.9323909, 41.0147076 ] ] }, { "type": "LineString", "coordinates": [ [ 28.9323909, 41.0147076 ], [ 28.9320607, 41.0144624 ] ] }, { "type": "LineString", "coordinates": [ [ 28.9320607, 41.0144624 ], [ 28.9318996, 41.0143288 ] ] }, { "type": "LineString", "coordinates": [ [ 28.9320607, 41.0144624 ], [ 28.9316362, 41.0146866 ], [ 28.9313367, 41.0148465 ], [ 28.9311206, 41.0149944 ], [ 28.9308835, 41.01518380000001 ], [ 28.930643, 41.0153831 ] ] }, { "type": "LineString", "coordinates": [ [ 28.9321803, 41.0132762 ], [ 28.9318694, 41.0134224 ] ] }, { "type": "LineString", "coordinates": [ [ 28.9318694, 41.0134224 ], [ 28.9312049, 41.0132945 ] ] }, { "type": "LineString", "coordinates": [ [ 28.9369837, 41.009463599999989 ], [ 28.9370156, 41.010018 ] ] }, { "type": "LineString", "coordinates": [ [ 28.9591273, 41.006566099999986 ], [ 28.9589397, 41.006051 ] ] }, { "type": "LineString", "coordinates": [ [ 28.9589397, 41.006051 ], [ 28.9587795, 41.0055661 ] ] }, { "type": "LineString", "coordinates": [ [ 28.9779694, 41.010458 ], [ 28.9782043, 41.0102573 ] ] }, { "type": "LineString", "coordinates": [ [ 28.9643326, 41.0096996 ], [ 28.9638637, 41.0097269 ] ] }, { "type": "LineString", "coordinates": [ [ 28.9658202, 41.0095941 ], [ 28.9663574, 41.0096232 ], [ 28.966419, 41.0096063 ] ] }, { "type": "LineString", "coordinates": [ [ 28.966419, 41.0096063 ], [ 28.9664593, 41.0095819 ], [ 28.9664046, 41.0094517 ], [ 28.9664102, 41.009395499999989 ], [ 28.9673423, 41.0092664 ], [ 28.967367, 41.0092723 ], [ 28.9673886, 41.0092773 ] ] }, { "type": "LineString", "coordinates": [ [ 28.9768326, 41.0045421 ], [ 28.9766395, 41.0043945 ] ] }, { "type": "LineString", "coordinates": [ [ 28.9766395, 41.0043945 ], [ 28.9766101, 41.0043738 ] ] }, { "type": "LineString", "coordinates": [ [ 28.9685596, 41.0103964 ], [ 28.9685228, 41.0105164 ] ] }, { "type": "LineString", "coordinates": [ [ 28.9680404, 41.0105874 ], [ 28.9682318, 41.0106113 ] ] }, { "type": "LineString", "coordinates": [ [ 28.9674944, 41.0116149 ], [ 28.9676454, 41.011616199999985 ], [ 28.9676451, 41.0116559 ] ] }, { "type": "LineString", "coordinates": [ [ 28.9682318, 41.0106113 ], [ 28.9684807, 41.010653 ] ] }, { "type": "LineString", "coordinates": [ [ 28.9684807, 41.010653 ], [ 28.9687885, 41.0107061 ] ] }, { "type": "LineString", "coordinates": [ [ 28.9684469, 41.0107986 ], [ 28.9684807, 41.010653 ] ] }, { "type": "LineString", "coordinates": [ [ 28.9684807, 41.010653 ], [ 28.9685228, 41.0105164 ] ] }, { "type": "LineString", "coordinates": [ [ 28.9372597, 41.0025756 ], [ 28.938602, 41.0028403 ] ] }, { "type": "LineString", "coordinates": [ [ 28.938602, 41.0028403 ], [ 28.9387678, 41.002873 ] ] }, { "type": "LineString", "coordinates": [ [ 28.9385734, 41.0033498 ], [ 28.9383539, 41.0033709 ], [ 28.9381225, 41.0033649 ], [ 28.9380556, 41.0033648 ], [ 28.9380025, 41.0033584 ] ] }, { "type": "LineString", "coordinates": [ [ 28.9380025, 41.0033584 ], [ 28.937812, 41.0033197 ] ] }, { "type": "LineString", "coordinates": [ [ 28.9386615, 41.0032457 ], [ 28.9394863, 41.0033909 ] ] }, { "type": "LineString", "coordinates": [ [ 28.9387723, 41.0027112 ], [ 28.9387678, 41.002873 ] ] }, { "type": "LineString", "coordinates": [ [ 28.9380025, 41.0033584 ], [ 28.9379687, 41.0034413 ] ] }, { "type": "LineString", "coordinates": [ [ 28.9379687, 41.0034413 ], [ 28.938071, 41.0034749 ], [ 28.9380469, 41.0035284 ] ] }, { "type": "LineString", "coordinates": [ [ 28.9368385, 41.01108570000001 ], [ 28.9368798, 41.0117088 ] ] }, { "type": "LineString", "coordinates": [ [ 28.9326336, 41.0148727 ], [ 28.9332927, 41.0144707 ] ] }, { "type": "LineString", "coordinates": [ [ 28.97759155384415, 41.001538730858627 ], [ 28.9769202, 41.0014669 ], [ 28.9746136, 41.0013656 ], [ 28.9736335, 41.0013662 ], [ 28.9731724, 41.0014028 ], [ 28.9727758, 41.0014627 ], [ 28.9721726, 41.0015931 ], [ 28.9718173, 41.00170210000001 ], [ 28.971338506646326, 41.001867961568699 ] ] }, { "type": "LineString", "coordinates": [ [ 28.971338506646326, 41.001867961568699 ], [ 28.971282795996114, 41.001887260435097 ] ] }, { "type": "LineString", "coordinates": [ [ 28.971282795996114, 41.001887260435097 ], [ 28.971091781315678, 41.001953430023562 ] ] }, { "type": "LineString", "coordinates": [ [ 28.971091781315678, 41.001953430023562 ], [ 28.9709126, 41.0020155 ], [ 28.970887188191423, 41.002025098017398 ] ] }, { "type": "LineString", "coordinates": [ [ 28.970887188191423, 41.002025098017398 ], [ 28.970449, 41.0021906 ], [ 28.9700307, 41.0023033 ], [ 28.9692957, 41.002479 ] ] }, { "type": "LineString", "coordinates": [ [ 28.940693, 41.0216854 ], [ 28.9408472, 41.021684 ] ] }, { "type": "LineString", "coordinates": [ [ 28.9408472, 41.021684 ], [ 28.9412737, 41.0216334 ], [ 28.941896, 41.0215605 ] ] }, { "type": "LineString", "coordinates": [ [ 28.9624661, 41.0035746 ], [ 28.9625982, 41.0037564 ] ] }, { "type": "LineString", "coordinates": [ [ 28.9625982, 41.0037564 ], [ 28.9628645, 41.004124800000014 ] ] }, { "type": "LineString", "coordinates": [ [ 28.9628645, 41.004124800000014 ], [ 28.9631345, 41.0045026 ] ] }, { "type": "LineString", "coordinates": [ [ 28.9634439, 41.0049352 ], [ 28.9636872, 41.004792399999985 ], [ 28.9638802, 41.0046804 ], [ 28.9640494, 41.0045871 ] ] }, { "type": "LineString", "coordinates": [ [ 28.9630383, 41.0035556 ], [ 28.9629877, 41.0035712 ], [ 28.9625982, 41.0037564 ] ] }, { "type": "LineString", "coordinates": [ [ 28.9625982, 41.0037564 ], [ 28.9621109, 41.0040031 ] ] }, { "type": "LineString", "coordinates": [ [ 28.9762654, 41.0032182 ], [ 28.9761612, 41.003354800000011 ] ] }, { "type": "LineString", "coordinates": [ [ 28.9761612, 41.003354800000011 ], [ 28.9759901, 41.0035488 ] ] }, { "type": "LineString", "coordinates": [ [ 28.9759901, 41.0035488 ], [ 28.9757516, 41.0038592 ] ] }, { "type": "LineString", "coordinates": [ [ 28.9780152, 41.0032831 ], [ 28.9778773, 41.0032322 ], [ 28.9775904, 41.003227099999989 ] ] }, { "type": "LineString", "coordinates": [ [ 28.9631345, 41.0045026 ], [ 28.9634604, 41.0043483 ] ] }, { "type": "LineString", "coordinates": [ [ 28.9634604, 41.0043483 ], [ 28.9638166, 41.0041747 ] ] }, { "type": "LineString", "coordinates": [ [ 28.9638166, 41.0041747 ], [ 28.9638984, 41.0041381 ] ] }, { "type": "LineString", "coordinates": [ [ 28.9355714, 41.011725899999988 ], [ 28.9355787, 41.0123429 ] ] }, { "type": "LineString", "coordinates": [ [ 28.9324468, 41.0095318 ], [ 28.9324527, 41.0100483 ] ] }, { "type": "LineString", "coordinates": [ [ 28.9402169, 41.037531 ], [ 28.9398292, 41.03754820000001 ] ] }, { "type": "LineString", "coordinates": [ [ 28.9440318, 41.02988460000001 ], [ 28.9440595, 41.0299625 ], [ 28.9441198, 41.0300414 ], [ 28.9441587, 41.0301072 ] ] }, { "type": "LineString", "coordinates": [ [ 28.93642, 41.0215935 ], [ 28.9358493, 41.0212559 ], [ 28.9357147, 41.0212377 ] ] }, { "type": "LineString", "coordinates": [ [ 28.93642, 41.0215935 ], [ 28.9366451, 41.021628299999989 ], [ 28.9372902, 41.021357599999988 ] ] }, { "type": "LineString", "coordinates": [ [ 28.9810541, 41.0029155 ], [ 28.9807804, 41.0030931 ], [ 28.9803352, 41.00292060000001 ] ] }, { "type": "LineString", "coordinates": [ [ 28.9530534, 41.0094126 ], [ 28.953047639724904, 41.009440003258703 ] ] }, { "type": "LineString", "coordinates": [ [ 28.953047639724904, 41.009440003258703 ], [ 28.9530431, 41.009461599999987 ] ] }, { "type": "LineString", "coordinates": [ [ 28.9529818, 41.0095964 ], [ 28.9529013, 41.0096545 ] ] }, { "type": "LineString", "coordinates": [ [ 28.9535424, 41.0078268 ], [ 28.9535791, 41.0079591 ], [ 28.9535846, 41.0081644 ], [ 28.9535921, 41.0082379 ] ] }, { "type": "LineString", "coordinates": [ [ 28.9535921, 41.0082379 ], [ 28.9536044, 41.008438 ], [ 28.9535989, 41.0086397 ], [ 28.9535987, 41.008878 ] ] }, { "type": "LineString", "coordinates": [ [ 28.9535986, 41.0089821 ], [ 28.9535862, 41.0092313 ] ] }, { "type": "LineString", "coordinates": [ [ 28.9535862, 41.0092313 ], [ 28.9535827, 41.0092949 ] ] }, { "type": "LineString", "coordinates": [ [ 28.9534793, 41.0094823 ], [ 28.953461093209356, 41.009495757197278 ] ] }, { "type": "LineString", "coordinates": [ [ 28.953461093209356, 41.009495757197278 ], [ 28.9534425, 41.0095095 ] ] }, { "type": "LineString", "coordinates": [ [ 28.9533941, 41.0095444 ], [ 28.953370102546309, 41.009560322272343 ] ] }, { "type": "LineString", "coordinates": [ [ 28.953370102546309, 41.009560322272343 ], [ 28.9533415, 41.0095793 ], [ 28.95329679518218, 41.009602460329198 ] ] }, { "type": "LineString", "coordinates": [ [ 28.95329679518218, 41.009602460329198 ], [ 28.9532917, 41.0096051 ] ] }, { "type": "LineString", "coordinates": [ [ 28.9515932, 41.009024599999989 ], [ 28.9515971, 41.008231 ] ] }, { "type": "LineString", "coordinates": [ [ 28.9564317, 41.0129903 ], [ 28.9564835, 41.0129651 ], [ 28.9574105, 41.0125136 ] ] }, { "type": "LineString", "coordinates": [ [ 28.9382, 41.0211138 ], [ 28.938217, 41.0213971 ] ] }, { "type": "LineString", "coordinates": [ [ 28.938217, 41.0213971 ], [ 28.9381737, 41.0216758 ] ] }, { "type": "LineString", "coordinates": [ [ 28.9451867, 41.0237495 ], [ 28.9453917, 41.0236889 ] ] }, { "type": "LineString", "coordinates": [ [ 28.9437229, 41.0086815 ], [ 28.9434122, 41.0086286 ], [ 28.9433938, 41.0086073 ], [ 28.9433909, 41.0085804 ], [ 28.9434059, 41.0084171 ], [ 28.9434259, 41.0083313 ], [ 28.9434507, 41.0082888 ], [ 28.9434868, 41.0082748 ], [ 28.9435749, 41.0082823 ], [ 28.9438131, 41.0083409 ] ] }, { "type": "LineString", "coordinates": [ [ 28.9287435, 41.0203771 ], [ 28.9288549, 41.020336 ] ] }, { "type": "LineString", "coordinates": [ [ 28.9288549, 41.020336 ], [ 28.9288795, 41.0204101 ], [ 28.9289211, 41.020494 ], [ 28.9289515, 41.0206797 ] ] }, { "type": "LineString", "coordinates": [ [ 28.9462057, 41.0287838 ], [ 28.9465236, 41.0287671 ] ] }, { "type": "LineString", "coordinates": [ [ 28.9571907, 41.0266263 ], [ 28.9574271, 41.0268021 ] ] }, { "type": "LineString", "coordinates": [ [ 28.943606, 41.0117717 ], [ 28.9442765, 41.0114781 ] ] }, { "type": "LineString", "coordinates": [ [ 28.9442765, 41.0114781 ], [ 28.9446836, 41.01128460000001 ] ] }, { "type": "LineString", "coordinates": [ [ 28.9434204, 41.031954499999983 ], [ 28.943352, 41.0319732 ] ] }, { "type": "LineString", "coordinates": [ [ 28.943352, 41.0319732 ], [ 28.9428976, 41.0320453 ], [ 28.9427227, 41.0325 ] ] }, { "type": "LineString", "coordinates": [ [ 28.930139, 41.0195097 ], [ 28.929538, 41.0195945 ] ] }, { "type": "LineString", "coordinates": [ [ 28.929538, 41.0195945 ], [ 28.9292367, 41.019645 ] ] }, { "type": "LineString", "coordinates": [ [ 28.9411026, 41.024549 ], [ 28.9411161, 41.0245145 ], [ 28.9409912, 41.0241916 ] ] }, { "type": "LineString", "coordinates": [ [ 28.942408, 41.0395415 ], [ 28.9421722, 41.0390295 ], [ 28.9420263, 41.0390804 ] ] }, { "type": "LineString", "coordinates": [ [ 28.9458749, 41.027072799999985 ], [ 28.945747, 41.027061 ] ] }, { "type": "LineString", "coordinates": [ [ 28.945747, 41.027061 ], [ 28.9458166, 41.0268467 ] ] }, { "type": "LineString", "coordinates": [ [ 28.9458749, 41.027072799999985 ], [ 28.9465465, 41.027243 ] ] }, { "type": "LineString", "coordinates": [ [ 28.9580401, 41.025421 ], [ 28.9583717, 41.0248736 ] ] }, { "type": "LineString", "coordinates": [ [ 28.9464539, 41.0239185 ], [ 28.9468071, 41.0237169 ] ] }, { "type": "LineString", "coordinates": [ [ 28.9468071, 41.0237169 ], [ 28.9469764, 41.0234306 ] ] }, { "type": "LineString", "coordinates": [ [ 28.9281132, 40.9964288 ], [ 28.9284317, 40.996318100000011 ] ] }, { "type": "LineString", "coordinates": [ [ 28.9280052, 40.9963174 ], [ 28.9280929, 40.9963803 ], [ 28.9281132, 40.9964288 ] ] }, { "type": "LineString", "coordinates": [ [ 28.9793546, 41.0034416 ], [ 28.979262, 41.0035403 ] ] }, { "type": "LineString", "coordinates": [ [ 28.92434239336821, 41.019480527643445 ], [ 28.9243923, 41.019467599999977 ] ] }, { "type": "LineString", "coordinates": [ [ 28.9515348, 41.006217299999989 ], [ 28.9516587, 41.0058997 ] ] }, { "type": "LineString", "coordinates": [ [ 28.927703, 41.0132625 ], [ 28.9276401, 41.0131883 ], [ 28.9276023, 41.0130706 ] ] }, { "type": "LineString", "coordinates": [ [ 28.9722166, 41.0018034 ], [ 28.9723121, 41.0018076 ], [ 28.9726127, 41.0018278 ], [ 28.972724, 41.0019391 ], [ 28.9727823, 41.0019853 ] ] }, { "type": "LineString", "coordinates": [ [ 28.9232854, 41.005192 ], [ 28.9232963, 41.005126499999982 ], [ 28.9232534, 41.0050361 ], [ 28.9231314, 41.0049784 ], [ 28.9230421, 41.0049009 ] ] }, { "type": "LineString", "coordinates": [ [ 28.9230421, 41.0049009 ], [ 28.9229732, 41.0048387 ], [ 28.9228662, 41.0047832 ], [ 28.9228012, 41.0047786 ], [ 28.9226812, 41.0047894 ], [ 28.9225857, 41.0048231 ], [ 28.9225308, 41.004817 ], [ 28.9225068, 41.0048103 ] ] }, { "type": "LineString", "coordinates": [ [ 28.9225068, 41.0048103 ], [ 28.9224434, 41.0047925 ], [ 28.922421, 41.004728 ], [ 28.9224129, 41.0044672 ], [ 28.9223804, 41.0042755 ], [ 28.9223946, 41.0042586 ], [ 28.9224678, 41.004254 ], [ 28.9226223, 41.004217199999985 ], [ 28.9227544, 41.004160399999989 ], [ 28.9228052, 41.004060699999989 ], [ 28.9228601, 41.0039595 ], [ 28.9229375, 41.0039348 ], [ 28.9230778, 41.0039619 ], [ 28.9232387, 41.0039665 ], [ 28.9234603, 41.004035 ], [ 28.9235951, 41.0040771 ], [ 28.9236612, 41.004152 ], [ 28.9236481, 41.0042698 ], [ 28.92364, 41.004320499999984 ], [ 28.9236192, 41.004366899999987 ], [ 28.9236673, 41.0044078 ], [ 28.9237508, 41.0044839 ], [ 28.9236989, 41.0045648 ], [ 28.9237062, 41.0046148 ], [ 28.9236712, 41.0046867 ], [ 28.9235899, 41.004725 ], [ 28.9235228, 41.0047664 ], [ 28.9233134, 41.0048185 ], [ 28.9231589, 41.004864499999989 ], [ 28.9230421, 41.0049009 ] ] }, { "type": "LineString", "coordinates": [ [ 28.9372821, 41.0085601 ], [ 28.9367902, 41.0085834 ], [ 28.9367659, 41.0083583 ] ] }, { "type": "LineString", "coordinates": [ [ 28.9657329, 41.0026704 ], [ 28.9661103, 41.0026104 ], [ 28.9663807, 41.0025653 ], [ 28.9666628, 41.0025213 ], [ 28.966857, 41.0024971 ], [ 28.9670655, 41.0024677 ], [ 28.9673132, 41.0024264 ], [ 28.9677155, 41.0023653 ], [ 28.9680789, 41.0023135 ], [ 28.9683946, 41.0022743 ], [ 28.9686804, 41.0022419 ], [ 28.968918, 41.0021899 ] ] }, { "type": "LineString", "coordinates": [ [ 28.9567732, 41.0035745 ], [ 28.957021119139508, 41.003573536017022 ] ] }, { "type": "LineString", "coordinates": [ [ 28.957021119139508, 41.003573536017022 ], [ 28.9573388, 41.0035723 ] ] }, { "type": "LineString", "coordinates": [ [ 28.9572651, 41.003667900000011 ], [ 28.95702586180553, 41.00366877318001 ] ] }, { "type": "LineString", "coordinates": [ [ 28.95702586180553, 41.00366877318001 ], [ 28.9567992, 41.0036696 ] ] }, { "type": "LineString", "coordinates": [ [ 28.9384313, 41.0021777 ], [ 28.9383014, 41.0021441 ] ] }, { "type": "LineString", "coordinates": [ [ 28.9661143, 41.015756 ], [ 28.9661155, 41.0160671 ], [ 28.9661433, 41.0164056 ] ] }, { "type": "LineString", "coordinates": [ [ 28.9433194, 41.0014253 ], [ 28.943315338454017, 41.001447976974646 ] ] }, { "type": "LineString", "coordinates": [ [ 28.943315338454017, 41.001447976974646 ], [ 28.9433098, 41.0014789 ] ] }, { "type": "LineString", "coordinates": [ [ 28.9442131, 41.0013802 ], [ 28.944189354649605, 41.001348614920801 ] ] }, { "type": "LineString", "coordinates": [ [ 28.944189354649605, 41.001348614920801 ], [ 28.9441816, 41.0013383 ] ] }, { "type": "LineString", "coordinates": [ [ 28.9441542, 41.001290399999988 ], [ 28.944143364141262, 41.001249642412255 ] ] }, { "type": "LineString", "coordinates": [ [ 28.944143364141262, 41.001249642412255 ], [ 28.9441366, 41.0012242 ] ] }, { "type": "LineString", "coordinates": [ [ 28.9441344, 41.0011783 ], [ 28.944135867591072, 41.00115327570127 ] ] }, { "type": "LineString", "coordinates": [ [ 28.944135867591072, 41.00115327570127 ], [ 28.9441383, 41.0011118 ] ] }, { "type": "LineString", "coordinates": [ [ 28.9441573, 41.0010524 ], [ 28.944164321844916, 41.001039255577048 ] ] }, { "type": "LineString", "coordinates": [ [ 28.944164321844916, 41.001039255577048 ], [ 28.944194, 41.0009837 ] ] }, { "type": "LineString", "coordinates": [ [ 28.9646777, 41.0044162 ], [ 28.9644018, 41.0049617 ], [ 28.9643748, 41.00502010000001 ] ] }, { "type": "LineString", "coordinates": [ [ 28.9640494, 41.0045871 ], [ 28.9640901, 41.0045711 ], [ 28.9646502, 41.0043021 ] ] }, { "type": "LineString", "coordinates": [ [ 28.9650974, 41.0043281 ], [ 28.9656287, 41.0044866 ], [ 28.9658037, 41.004451699999983 ] ] }, { "type": "LineString", "coordinates": [ [ 28.964195, 41.0039776 ], [ 28.9642244, 41.0039911 ], [ 28.9643616, 41.0040435 ], [ 28.9647242, 41.0041836 ] ] }, { "type": "LineString", "coordinates": [ [ 28.9646237, 41.0037148 ], [ 28.9646764, 41.0037291 ], [ 28.9650332, 41.0038163 ] ] }, { "type": "LineString", "coordinates": [ [ 28.966982, 41.0078283 ], [ 28.9670335, 41.0079481 ], [ 28.9670034, 41.008205899999986 ] ] }, { "type": "LineString", "coordinates": [ [ 28.9670034, 41.008205899999986 ], [ 28.9670128, 41.0084739 ] ] }, { "type": "LineString", "coordinates": [ [ 28.9672268, 41.004719899999984 ], [ 28.9672275, 41.0047616 ] ] }, { "type": "LineString", "coordinates": [ [ 28.967354, 41.005589 ], [ 28.9667761, 41.0056654 ] ] }, { "type": "LineString", "coordinates": [ [ 28.9674376, 41.0084084 ], [ 28.9670128, 41.0084739 ] ] }, { "type": "LineString", "coordinates": [ [ 28.9670128, 41.0084739 ], [ 28.9668691, 41.0084947 ] ] }, { "type": "LineString", "coordinates": [ [ 28.9668691, 41.0084947 ], [ 28.9666636, 41.0085377 ] ] }, { "type": "LineString", "coordinates": [ [ 28.9725156, 41.0105194 ], [ 28.9725056, 41.0108821 ] ] }, { "type": "LineString", "coordinates": [ [ 28.9725056, 41.0108821 ], [ 28.9721784, 41.011607 ] ] }, { "type": "LineString", "coordinates": [ [ 28.9721784, 41.011607 ], [ 28.9721671, 41.0116388 ] ] }, { "type": "LineString", "coordinates": [ [ 28.9675714, 41.015762 ], [ 28.9677068, 41.0162938 ], [ 28.9678022, 41.0167163 ] ] }, { "type": "LineString", "coordinates": [ [ 28.9678022, 41.0167163 ], [ 28.9678408, 41.0168166 ] ] }, { "type": "LineString", "coordinates": [ [ 28.9678408, 41.0168166 ], [ 28.9678657, 41.0168696 ], [ 28.9678022, 41.0167163 ] ] }, { "type": "LineString", "coordinates": [ [ 28.9684399, 41.0180504 ], [ 28.968188, 41.0177177 ] ] }, { "type": "LineString", "coordinates": [ [ 28.9682473, 41.0181262 ], [ 28.9680126, 41.0178181 ] ] }, { "type": "LineString", "coordinates": [ [ 28.9729194, 41.0131769 ], [ 28.9726436, 41.0129981 ], [ 28.9725736, 41.0128554 ] ] }, { "type": "LineString", "coordinates": [ [ 28.9722195, 41.0137213 ], [ 28.9721664, 41.0137137 ], [ 28.9721439, 41.013705 ] ] }, { "type": "LineString", "coordinates": [ [ 28.9721439, 41.013705 ], [ 28.9718778, 41.013951 ] ] }, { "type": "LineString", "coordinates": [ [ 28.9718778, 41.013951 ], [ 28.9717527, 41.0145356 ], [ 28.9714605, 41.0145697 ] ] }, { "type": "LineString", "coordinates": [ [ 28.9712455, 41.0121586 ], [ 28.9714773, 41.0122002 ] ] }, { "type": "LineString", "coordinates": [ [ 28.9714773, 41.0122002 ], [ 28.9718297, 41.012276199999988 ] ] }, { "type": "LineString", "coordinates": [ [ 28.9718297, 41.012276199999988 ], [ 28.9721068, 41.0122827 ] ] }, { "type": "LineString", "coordinates": [ [ 28.9721068, 41.0122827 ], [ 28.9730368, 41.0122725 ] ] }, { "type": "LineString", "coordinates": [ [ 28.9754543, 41.0119742 ], [ 28.9753978, 41.0118628 ], [ 28.9753704, 41.011819699999982 ], [ 28.9751486, 41.0115871 ], [ 28.9751265, 41.0115639 ] ] }, { "type": "LineString", "coordinates": [ [ 28.9657029, 41.0080518 ], [ 28.9656402, 41.0080624 ], [ 28.9652551, 41.008137 ] ] }, { "type": "LineString", "coordinates": [ [ 28.9652551, 41.008137 ], [ 28.9648557, 41.0082453 ] ] }, { "type": "LineString", "coordinates": [ [ 28.9749715, 41.0107783 ], [ 28.9749338, 41.010752599999982 ], [ 28.9749106, 41.01072580000001 ], [ 28.9749057, 41.0107052 ], [ 28.9749344, 41.010412 ] ] }, { "type": "LineString", "coordinates": [ [ 28.972239, 41.0071763 ], [ 28.9726535, 41.0073418 ], [ 28.9727724, 41.0082759 ] ] }, { "type": "LineString", "coordinates": [ [ 28.9746557, 41.0109987 ], [ 28.9749715, 41.0107783 ] ] }, { "type": "LineString", "coordinates": [ [ 28.9749715, 41.0107783 ], [ 28.9751846, 41.0106342 ] ] }, { "type": "LineString", "coordinates": [ [ 28.9750576, 41.0096979 ], [ 28.9749692, 41.0102871 ], [ 28.9749467, 41.0103544 ] ] }, { "type": "LineString", "coordinates": [ [ 28.9769474, 41.0094691 ], [ 28.977156, 41.009618599999989 ], [ 28.9776288, 41.0099346 ] ] }, { "type": "LineString", "coordinates": [ [ 28.963066, 41.0114224 ], [ 28.9626925, 41.0119611 ] ] }, { "type": "LineString", "coordinates": [ [ 28.9626925, 41.0119611 ], [ 28.9625618, 41.0121495 ], [ 28.9625573, 41.0125737 ] ] }, { "type": "LineString", "coordinates": [ [ 28.9733713, 41.0175973 ], [ 28.973170488097814, 41.017612285176909 ] ] }, { "type": "LineString", "coordinates": [ [ 28.973170488097814, 41.017612285176909 ], [ 28.9728232, 41.017638199999986 ] ] }, { "type": "LineString", "coordinates": [ [ 28.9733947, 41.0118327 ], [ 28.9730993, 41.0121143 ], [ 28.9730368, 41.0122725 ] ] }, { "type": "LineString", "coordinates": [ [ 28.9565599, 41.00329 ], [ 28.9566759, 41.0033002 ], [ 28.9567732, 41.0033254 ], [ 28.9568439, 41.003361 ], [ 28.956915, 41.0034073 ] ] }, { "type": "LineString", "coordinates": [ [ 28.9569545, 41.0034476 ], [ 28.956960849996605, 41.003456456020572 ] ] }, { "type": "LineString", "coordinates": [ [ 28.956960849996605, 41.003456456020572 ], [ 28.9569844, 41.0034893 ] ] }, { "type": "LineString", "coordinates": [ [ 28.9570199, 41.003564 ], [ 28.957021119139508, 41.003573536017022 ] ] }, { "type": "LineString", "coordinates": [ [ 28.957021119139508, 41.003573536017022 ], [ 28.9570272, 41.0036211 ], [ 28.95702586180553, 41.00366877318001 ] ] }, { "type": "LineString", "coordinates": [ [ 28.95702586180553, 41.00366877318001 ], [ 28.9570256, 41.0036781 ] ] }, { "type": "LineString", "coordinates": [ [ 28.956985, 41.003787599999988 ], [ 28.956977831230763, 41.003796352240343 ] ] }, { "type": "LineString", "coordinates": [ [ 28.956977831230763, 41.003796352240343 ], [ 28.9569352, 41.003848399999988 ], [ 28.9568734, 41.0039009 ], [ 28.9568153, 41.0039349 ], [ 28.9567585, 41.003955399999988 ], [ 28.9566718, 41.0039789 ], [ 28.9566036, 41.0039873 ], [ 28.9564836, 41.0039865 ], [ 28.95608, 41.003959 ] ] }, { "type": "LineString", "coordinates": [ [ 28.9717103, 41.0177062 ], [ 28.97179579303543, 41.017712346051816 ] ] }, { "type": "LineString", "coordinates": [ [ 28.97179579303543, 41.017712346051816 ], [ 28.9718188, 41.017714 ] ] }, { "type": "LineString", "coordinates": [ [ 28.972012, 41.0177466 ], [ 28.972116613223545, 41.017764024688361 ] ] }, { "type": "LineString", "coordinates": [ [ 28.972116613223545, 41.017764024688361 ], [ 28.9721723, 41.0177733 ] ] }, { "type": "LineString", "coordinates": [ [ 28.972356, 41.01789010000001 ], [ 28.972031668568007, 41.017838225640915 ] ] }, { "type": "LineString", "coordinates": [ [ 28.972031668568007, 41.017838225640915 ], [ 28.9718627, 41.0178112 ], [ 28.971744478707397, 41.017799994888243 ] ] }, { "type": "LineString", "coordinates": [ [ 28.971744478707397, 41.017799994888243 ], [ 28.971696, 41.0177954 ] ] }, { "type": "LineString", "coordinates": [ [ 28.9616052, 41.022583799999985 ], [ 28.961437040024826, 41.022490836128519 ] ] }, { "type": "LineString", "coordinates": [ [ 28.961437040024826, 41.022490836128519 ], [ 28.961303628764806, 41.022417082020077 ] ] }, { "type": "LineString", "coordinates": [ [ 28.961303628764806, 41.022417082020077 ], [ 28.9611727, 41.0223447 ] ] }, { "type": "LineString", "coordinates": [ [ 28.9739246, 41.0082851 ], [ 28.9741832, 41.0086425 ] ] }, { "type": "LineString", "coordinates": [ [ 28.9445628, 41.023283400000011 ], [ 28.9446002, 41.0233934 ], [ 28.944525, 41.0236535 ] ] }, { "type": "LineString", "coordinates": [ [ 28.957157, 41.025033099999987 ], [ 28.9569854, 41.0247862 ] ] }, { "type": "LineString", "coordinates": [ [ 28.9682224, 41.0085678 ], [ 28.9679714, 41.0085063 ], [ 28.9679036, 41.0084066 ], [ 28.9677931, 41.0081424 ], [ 28.967722, 41.0080604 ], [ 28.9674394, 41.0077905 ] ] }, { "type": "LineString", "coordinates": [ [ 28.9479301, 41.00172950000001 ], [ 28.9477, 41.0016941 ], [ 28.9468496, 41.0015798 ] ] }, { "type": "LineString", "coordinates": [ [ 28.9430969, 41.0011675 ], [ 28.943172056421332, 41.001153063904916 ] ] }, { "type": "LineString", "coordinates": [ [ 28.943172056421332, 41.001153063904916 ], [ 28.943250228625747, 41.001138048477884 ] ] }, { "type": "LineString", "coordinates": [ [ 28.943250228625747, 41.001138048477884 ], [ 28.943352, 41.0011185 ] ] }, { "type": "LineString", "coordinates": [ [ 28.9437762, 41.0010579 ], [ 28.943901594773653, 41.001051391433805 ] ] }, { "type": "LineString", "coordinates": [ [ 28.943901594773653, 41.001051391433805 ], [ 28.9440806, 41.0010421 ], [ 28.944164321844916, 41.001039255577048 ] ] }, { "type": "LineString", "coordinates": [ [ 28.944164321844916, 41.001039255577048 ], [ 28.9442572, 41.0010361 ] ] }, { "type": "LineString", "coordinates": [ [ 28.9431889, 41.0012621 ], [ 28.94325496640996, 41.001250774371648 ] ] }, { "type": "LineString", "coordinates": [ [ 28.94325496640996, 41.001250774371648 ], [ 28.943303110204784, 41.001242521154083 ] ] }, { "type": "LineString", "coordinates": [ [ 28.943303110204784, 41.001242521154083 ], [ 28.9433884, 41.0012279 ] ] }, { "type": "LineString", "coordinates": [ [ 28.9438315, 41.001175 ], [ 28.943960733245461, 41.001164579998985 ] ] }, { "type": "LineString", "coordinates": [ [ 28.943960733245461, 41.001164579998985 ], [ 28.9440411, 41.0011581 ], [ 28.944135867591072, 41.00115327570127 ] ] }, { "type": "LineString", "coordinates": [ [ 28.944135867591072, 41.00115327570127 ], [ 28.944212, 41.0011494 ] ] }, { "type": "LineString", "coordinates": [ [ 28.9442285, 41.001243700000011 ], [ 28.944143364141262, 41.001249642412255 ] ] }, { "type": "LineString", "coordinates": [ [ 28.944143364141262, 41.001249642412255 ], [ 28.944014588712356, 41.001258630709003 ] ] }, { "type": "LineString", "coordinates": [ [ 28.944014588712356, 41.001258630709003 ], [ 28.9439262, 41.0012648 ] ] }, { "type": "LineString", "coordinates": [ [ 28.9434194, 41.0013253 ], [ 28.943326489887667, 41.001341138137633 ] ] }, { "type": "LineString", "coordinates": [ [ 28.943326489887667, 41.001341138137633 ], [ 28.943302589926301, 41.001345212286679 ] ] }, { "type": "LineString", "coordinates": [ [ 28.943302589926301, 41.001345212286679 ], [ 28.9432352, 41.0013567 ] ] }, { "type": "LineString", "coordinates": [ [ 28.9442764, 41.0013447 ], [ 28.944189354649605, 41.001348614920801 ] ] }, { "type": "LineString", "coordinates": [ [ 28.944189354649605, 41.001348614920801 ], [ 28.9441341, 41.0013511 ], [ 28.944074070807424, 41.001354590119149 ] ] }, { "type": "LineString", "coordinates": [ [ 28.944074070807424, 41.001354590119149 ], [ 28.9438847, 41.0013656 ] ] }, { "type": "LineString", "coordinates": [ [ 28.94341, 41.0014309 ], [ 28.943315338454017, 41.001447976974646 ] ] }, { "type": "LineString", "coordinates": [ [ 28.943315338454017, 41.001447976974646 ], [ 28.9432049, 41.001467899999987 ] ] }, { "type": "LineString", "coordinates": [ [ 28.9416163, 41.0020007 ], [ 28.941509, 41.0020877 ], [ 28.9414835, 41.0021215 ], [ 28.9414666, 41.002161 ], [ 28.9414638, 41.0022033 ], [ 28.9414602, 41.0022764 ], [ 28.9414593, 41.0025451 ] ] }, { "type": "LineString", "coordinates": [ [ 28.9463093, 41.0015933 ], [ 28.9456183, 41.0015952 ], [ 28.9449085, 41.001623 ], [ 28.9446306, 41.0016356 ], [ 28.9445502, 41.0016356 ], [ 28.9444364, 41.0016205 ], [ 28.9443694, 41.0015977 ], [ 28.9443024, 41.0015649 ] ] }, { "type": "LineString", "coordinates": [ [ 28.9441149, 41.0014082 ], [ 28.944074070807424, 41.001354590119149 ] ] }, { "type": "LineString", "coordinates": [ [ 28.944074070807424, 41.001354590119149 ], [ 28.9440558, 41.001330599999989 ], [ 28.944014588712356, 41.001258630709003 ] ] }, { "type": "LineString", "coordinates": [ [ 28.944014588712356, 41.001258630709003 ], [ 28.943960733245461, 41.001164579998985 ] ] }, { "type": "LineString", "coordinates": [ [ 28.943960733245461, 41.001164579998985 ], [ 28.9439324, 41.0011151 ], [ 28.943901594773653, 41.001051391433805 ] ] }, { "type": "LineString", "coordinates": [ [ 28.943901594773653, 41.001051391433805 ], [ 28.9438678, 41.0009815 ], [ 28.9436815, 41.0005611 ], [ 28.9435558, 41.0003039 ] ] }, { "type": "LineString", "coordinates": [ [ 28.9507904, 41.001724 ], [ 28.9509714, 41.001753 ], [ 28.9511712, 41.0017895 ] ] }, { "type": "LineString", "coordinates": [ [ 28.9545263, 41.0030478 ], [ 28.9547299, 41.0030979 ], [ 28.9549486, 41.0031454 ], [ 28.9551541, 41.0031859 ], [ 28.9553572, 41.0032168 ], [ 28.9555924, 41.0032333 ], [ 28.9559394, 41.0032565 ], [ 28.9563423, 41.0032772 ], [ 28.9563831, 41.0032796 ] ] }, { "type": "LineString", "coordinates": [ [ 28.9554722, 41.0038762 ], [ 28.9550886, 41.0037999 ], [ 28.9548197, 41.0037367 ], [ 28.9545071, 41.0036652 ], [ 28.9542895, 41.0036144 ] ] }, { "type": "LineString", "coordinates": [ [ 28.9507904, 41.001724 ], [ 28.9511723, 41.0017364 ], [ 28.9513746, 41.001766399999987 ], [ 28.9517114, 41.0018423 ], [ 28.9521698, 41.0019746 ], [ 28.9527001, 41.0021822 ] ] }, { "type": "LineString", "coordinates": [ [ 28.9545822, 41.0029797 ], [ 28.954823, 41.003035199999985 ], [ 28.9551013, 41.003075 ], [ 28.955366, 41.0030994 ], [ 28.9554989, 41.0031004 ], [ 28.9556032, 41.0031009 ] ] }, { "type": "LineString", "coordinates": [ [ 28.9533107, 41.0029684 ], [ 28.9529557, 41.0027743 ] ] }, { "type": "LineString", "coordinates": [ [ 28.9718779, 41.0157399 ], [ 28.9718417, 41.0157603 ] ] }, { "type": "LineString", "coordinates": [ [ 28.9342115, 41.0068038 ], [ 28.9342146, 41.0065555 ], [ 28.9346124, 41.0065543 ] ] }, { "type": "LineString", "coordinates": [ [ 28.9730368, 41.0122725 ], [ 28.9730492, 41.0129623 ], [ 28.9730111, 41.0129902 ] ] }, { "type": "LineString", "coordinates": [ [ 28.9730111, 41.0129902 ], [ 28.9729752, 41.0130378 ], [ 28.9729613, 41.013076199999986 ], [ 28.9729403, 41.0131194 ], [ 28.9729194, 41.0131769 ] ] }, { "type": "LineString", "coordinates": [ [ 28.9729194, 41.0131769 ], [ 28.9728661, 41.0132717 ], [ 28.9723061, 41.0136498 ], [ 28.9722614, 41.0136867 ] ] }, { "type": "LineString", "coordinates": [ [ 28.9722614, 41.0136867 ], [ 28.9722195, 41.0137213 ] ] }, { "type": "LineString", "coordinates": [ [ 28.9712061, 41.0153343 ], [ 28.9711484, 41.0151028 ] ] }, { "type": "LineString", "coordinates": [ [ 28.9709876, 41.0146437 ], [ 28.9709045, 41.0142954 ], [ 28.9708985, 41.0141841 ] ] }, { "type": "LineString", "coordinates": [ [ 28.9708985, 41.0141841 ], [ 28.9708634, 41.014145 ] ] }, { "type": "LineString", "coordinates": [ [ 28.9708634, 41.014145 ], [ 28.9708644, 41.0140206 ], [ 28.9706374, 41.0139859 ] ] }, { "type": "LineString", "coordinates": [ [ 28.9706374, 41.0139859 ], [ 28.9704513, 41.013971899999987 ] ] }, { "type": "LineString", "coordinates": [ [ 28.9714428, 41.0157824 ], [ 28.9711645, 41.0159371 ], [ 28.9709043, 41.0160659 ] ] }, { "type": "LineString", "coordinates": [ [ 28.9780662, 41.013281 ], [ 28.9780539, 41.013292499999984 ], [ 28.9780355, 41.0133076 ], [ 28.9780254, 41.013315399999989 ], [ 28.9780147, 41.0133238 ], [ 28.9779797, 41.013351 ], [ 28.9779999, 41.0133755 ], [ 28.9781099, 41.0135257 ] ] }, { "type": "LineString", "coordinates": [ [ 28.9781099, 41.0135257 ], [ 28.9782009, 41.0136027 ], [ 28.9782871, 41.0136785 ] ] }, { "type": "LineString", "coordinates": [ [ 28.9708357, 41.0019179 ], [ 28.97084741938135, 41.001931004932096 ] ] }, { "type": "LineString", "coordinates": [ [ 28.97084741938135, 41.001931004932096 ], [ 28.9708763, 41.0019633 ] ] }, { "type": "LineString", "coordinates": [ [ 28.9708873, 41.0020076 ], [ 28.970887188191423, 41.002025098017398 ] ] }, { "type": "LineString", "coordinates": [ [ 28.970887188191423, 41.002025098017398 ], [ 28.9708869, 41.0020702 ], [ 28.9708594, 41.0021182 ], [ 28.9708, 41.0021574 ], [ 28.9706941, 41.0021946 ], [ 28.9705344, 41.0022585 ], [ 28.9703483, 41.0023535 ] ] }, { "type": "LineString", "coordinates": [ [ 28.9717517, 41.0020628 ], [ 28.9715951, 41.0020527 ] ] }, { "type": "LineString", "coordinates": [ [ 28.9710859, 41.001962499999983 ], [ 28.971091781315678, 41.001953430023562 ] ] }, { "type": "LineString", "coordinates": [ [ 28.971091781315678, 41.001953430023562 ], [ 28.9711108, 41.0019241 ] ] }, { "type": "LineString", "coordinates": [ [ 28.9712391, 41.0018811 ], [ 28.971282795996114, 41.001887260435097 ] ] }, { "type": "LineString", "coordinates": [ [ 28.971282795996114, 41.001887260435097 ], [ 28.9713611, 41.0018983 ] ] }, { "type": "LineString", "coordinates": [ [ 28.9717817, 41.0032706 ], [ 28.9716643, 41.0032953 ], [ 28.9714998, 41.0033383 ] ] }, { "type": "LineString", "coordinates": [ [ 28.9716117, 41.0030217 ], [ 28.9715636, 41.0029352 ] ] }, { "type": "LineString", "coordinates": [ [ 28.9715636, 41.0029352 ], [ 28.9714293, 41.0026939 ] ] }, { "type": "LineString", "coordinates": [ [ 28.9638852, 41.012687799999988 ], [ 28.9640094, 41.0120465 ], [ 28.9640822, 41.0115817 ], [ 28.9641249, 41.0113421 ] ] }, { "type": "LineString", "coordinates": [ [ 28.9311815, 41.015737799999982 ], [ 28.9303272, 41.0162675 ] ] }, { "type": "LineString", "coordinates": [ [ 28.9297117, 41.013945399999983 ], [ 28.9293131, 41.013661399999982 ], [ 28.9289869, 41.0139236 ], [ 28.9292303, 41.0141341 ] ] }, { "type": "LineString", "coordinates": [ [ 28.9301334, 41.0143663 ], [ 28.9300325, 41.0141858 ], [ 28.9298549, 41.0138883 ] ] }, { "type": "LineString", "coordinates": [ [ 28.9304517, 41.0131338 ], [ 28.9306293, 41.0131733 ], [ 28.9308114, 41.0132095 ], [ 28.9309226, 41.0132332 ], [ 28.9312049, 41.0132945 ] ] }, { "type": "LineString", "coordinates": [ [ 28.9339943, 41.015287 ], [ 28.9342808, 41.01552860000001 ] ] }, { "type": "LineString", "coordinates": [ [ 28.9331547, 41.0164208 ], [ 28.9331371, 41.0162871 ], [ 28.9332978, 41.0159313 ] ] }, { "type": "LineString", "coordinates": [ [ 28.9332978, 41.0159313 ], [ 28.9333662, 41.0158691 ] ] }, { "type": "LineString", "coordinates": [ [ 28.9356724, 41.0170448 ], [ 28.9357331, 41.017142099999987 ], [ 28.935763, 41.01719 ] ] }, { "type": "LineString", "coordinates": [ [ 28.9357009, 41.0172131 ], [ 28.9356708, 41.0171648 ], [ 28.9356618, 41.0171485 ] ] }, { "type": "LineString", "coordinates": [ [ 28.9340166, 41.0177536 ], [ 28.9338667, 41.0177442 ], [ 28.9336628, 41.0177766 ], [ 28.9335341, 41.0176875 ], [ 28.9335013, 41.017591199999984 ] ] }, { "type": "LineString", "coordinates": [ [ 28.9332978, 41.0159313 ], [ 28.9330188, 41.0157753 ] ] }, { "type": "LineString", "coordinates": [ [ 28.9333662, 41.0158691 ], [ 28.9337848, 41.0159038 ] ] }, { "type": "LineString", "coordinates": [ [ 28.9337848, 41.0159038 ], [ 28.9338522, 41.0159067 ] ] }, { "type": "LineString", "coordinates": [ [ 28.9329809, 41.0175567 ], [ 28.9330191, 41.0177442 ], [ 28.9326114, 41.017979 ] ] }, { "type": "LineString", "coordinates": [ [ 28.9331547, 41.0164208 ], [ 28.933202, 41.0164622 ] ] }, { "type": "LineString", "coordinates": [ [ 28.933202, 41.0164622 ], [ 28.9334926, 41.0166627 ] ] }, { "type": "LineString", "coordinates": [ [ 28.9334926, 41.0166627 ], [ 28.9336521, 41.0167728 ] ] }, { "type": "LineString", "coordinates": [ [ 28.9336521, 41.0167728 ], [ 28.9338667, 41.0166757 ], [ 28.9341364, 41.0168681 ] ] }, { "type": "LineString", "coordinates": [ [ 28.9341364, 41.0168681 ], [ 28.9335877, 41.0173152 ], [ 28.9335013, 41.017591199999984 ] ] }, { "type": "LineString", "coordinates": [ [ 28.9276615, 41.0165035 ], [ 28.9283639, 41.016291099999989 ], [ 28.9285249, 41.0162182 ], [ 28.9286751, 41.016113 ], [ 28.928954, 41.015813399999985 ] ] }, { "type": "LineString", "coordinates": [ [ 28.9284927, 41.0156581 ], [ 28.9286951, 41.0157042 ], [ 28.9288339, 41.0157636 ], [ 28.928954, 41.015813399999985 ] ] }, { "type": "LineString", "coordinates": [ [ 28.928954, 41.015813399999985 ], [ 28.929054, 41.0158383 ] ] }, { "type": "LineString", "coordinates": [ [ 28.929054, 41.0158383 ], [ 28.9295505, 41.0160138 ] ] }, { "type": "LineString", "coordinates": [ [ 28.9280236, 41.0175866 ], [ 28.9280556, 41.0176161 ], [ 28.9280858, 41.017630899999979 ], [ 28.9281382, 41.0176441 ] ] }, { "type": "LineString", "coordinates": [ [ 28.9261303, 41.0126551 ], [ 28.9259491, 41.0119032 ] ] }, { "type": "LineString", "coordinates": [ [ 28.9233687, 41.011618 ], [ 28.92344, 41.0116551 ], [ 28.9234453, 41.0117523 ], [ 28.9234427, 41.0119638 ], [ 28.923393, 41.012006300000017 ], [ 28.9234117, 41.0121514 ] ] }, { "type": "LineString", "coordinates": [ [ 28.9234117, 41.0121514 ], [ 28.9235451, 41.0125053 ] ] }, { "type": "LineString", "coordinates": [ [ 28.9235451, 41.0125053 ], [ 28.9236639, 41.0128997 ] ] }, { "type": "LineString", "coordinates": [ [ 28.9236639, 41.0128997 ], [ 28.9237805, 41.0132865 ] ] }, { "type": "LineString", "coordinates": [ [ 28.9221203, 41.0132717 ], [ 28.9228028, 41.013109699999987 ], [ 28.9231959, 41.013013199999989 ], [ 28.9236639, 41.0128997 ] ] }, { "type": "LineString", "coordinates": [ [ 28.9310559, 41.0111369 ], [ 28.9310132, 41.0105398 ] ] }, { "type": "LineString", "coordinates": [ [ 28.9310132, 41.0105398 ], [ 28.9310244, 41.0102561 ] ] }, { "type": "LineString", "coordinates": [ [ 28.9310244, 41.0102561 ], [ 28.931143, 41.0097141 ] ] }, { "type": "LineString", "coordinates": [ [ 28.931143, 41.0097141 ], [ 28.9312285, 41.0095043 ] ] }, { "type": "LineString", "coordinates": [ [ 28.9310244, 41.0102561 ], [ 28.9307326, 41.010255 ] ] }, { "type": "LineString", "coordinates": [ [ 28.9307326, 41.010255 ], [ 28.9303955, 41.0102492 ] ] }, { "type": "LineString", "coordinates": [ [ 28.9303668, 41.009711599999989 ], [ 28.930724, 41.0097093 ] ] }, { "type": "LineString", "coordinates": [ [ 28.930724, 41.0097093 ], [ 28.931143, 41.0097141 ] ] }, { "type": "LineString", "coordinates": [ [ 28.9533777, 41.0093499 ], [ 28.95339237781754, 41.008979233859527 ] ] }, { "type": "LineString", "coordinates": [ [ 28.95339237781754, 41.008979233859527 ], [ 28.9534191, 41.0083044 ] ] }, { "type": "LineString", "coordinates": [ [ 28.9256576, 41.0149922 ], [ 28.9261421, 41.0148766 ] ] }, { "type": "LineString", "coordinates": [ [ 28.9261421, 41.0148766 ], [ 28.9265907, 41.014765 ] ] }, { "type": "LineString", "coordinates": [ [ 28.9265907, 41.014765 ], [ 28.9270455, 41.0146579 ] ] }, { "type": "LineString", "coordinates": [ [ 28.9265907, 41.014765 ], [ 28.9264624, 41.0144736 ], [ 28.926344, 41.0142018 ] ] }, { "type": "LineString", "coordinates": [ [ 28.9249356, 41.0156072 ], [ 28.9253438, 41.0155077 ], [ 28.9254136, 41.0154886 ], [ 28.9257774, 41.0153849 ] ] }, { "type": "LineString", "coordinates": [ [ 28.9262103, 41.0151133 ], [ 28.9263255, 41.0150907 ], [ 28.9267855, 41.0149978 ] ] }, { "type": "LineString", "coordinates": [ [ 28.9256306, 41.0137099 ], [ 28.9256233, 41.0138409 ], [ 28.9255934, 41.0139677 ], [ 28.9255295, 41.014164 ] ] }, { "type": "LineString", "coordinates": [ [ 28.9255295, 41.014164 ], [ 28.9258301, 41.014117499999983 ], [ 28.9258888, 41.0142477 ], [ 28.9259193, 41.0143291 ] ] }, { "type": "LineString", "coordinates": [ [ 28.9259193, 41.0143291 ], [ 28.926101, 41.0147408 ], [ 28.9261421, 41.0148766 ] ] }, { "type": "LineString", "coordinates": [ [ 28.9261421, 41.0148766 ], [ 28.9262103, 41.0151133 ] ] }, { "type": "LineString", "coordinates": [ [ 28.9262103, 41.0151133 ], [ 28.9262808, 41.0153256 ], [ 28.9263404, 41.0154825 ], [ 28.9263994, 41.015636600000015 ] ] }, { "type": "LineString", "coordinates": [ [ 28.9259556, 41.0080993 ], [ 28.9259737, 41.008096 ] ] }, { "type": "LineString", "coordinates": [ [ 28.9259737, 41.008096 ], [ 28.9263529, 41.0080263 ] ] }, { "type": "LineString", "coordinates": [ [ 28.928668, 41.0135992 ], [ 28.9289121, 41.013376 ] ] }, { "type": "LineString", "coordinates": [ [ 28.9289121, 41.013376 ], [ 28.9291194, 41.0132127 ] ] }, { "type": "LineString", "coordinates": [ [ 28.9291194, 41.0132127 ], [ 28.929262, 41.0130487 ], [ 28.9293148, 41.0127807 ], [ 28.9294115, 41.0123615 ] ] }, { "type": "LineString", "coordinates": [ [ 28.9294115, 41.0123615 ], [ 28.9294201, 41.012249 ] ] }, { "type": "LineString", "coordinates": [ [ 28.9416736, 41.0310815 ], [ 28.9414621, 41.0311788 ], [ 28.9411893, 41.0312474 ], [ 28.940916, 41.0313465 ] ] }, { "type": "LineString", "coordinates": [ [ 28.9827968, 41.004322 ], [ 28.9829399, 41.004451699999983 ], [ 28.9831243, 41.0046037 ] ] }, { "type": "LineString", "coordinates": [ [ 28.9318694, 41.0134224 ], [ 28.9317456, 41.0136833 ] ] }, { "type": "LineString", "coordinates": [ [ 28.9317456, 41.0136833 ], [ 28.931961, 41.0138081 ], [ 28.9320773, 41.0139566 ] ] }, { "type": "LineString", "coordinates": [ [ 28.9320773, 41.0139566 ], [ 28.9321706, 41.0139867 ], [ 28.9323456, 41.0141316 ] ] }, { "type": "LineString", "coordinates": [ [ 28.9325008, 41.015513500000012 ], [ 28.9325586, 41.0155178 ] ] }, { "type": "LineString", "coordinates": [ [ 28.9340166, 41.0177536 ], [ 28.9342178, 41.0179553 ], [ 28.9342484, 41.0179594 ] ] }, { "type": "LineString", "coordinates": [ [ 28.9341438, 41.0180285 ], [ 28.9342005, 41.0179677 ], [ 28.934163, 41.0179172 ], [ 28.9340166, 41.0177536 ] ] }, { "type": "LineString", "coordinates": [ [ 28.9231213, 41.0154936 ], [ 28.9236009, 41.0154448 ], [ 28.9240813, 41.0154052 ] ] }, { "type": "LineString", "coordinates": [ [ 28.9229872, 41.0151586 ], [ 28.9240078, 41.015032 ] ] }, { "type": "LineString", "coordinates": [ [ 28.9229228, 41.0148206 ], [ 28.9239085, 41.014633399999987 ] ] }, { "type": "LineString", "coordinates": [ [ 28.9239085, 41.014633399999987 ], [ 28.9246573, 41.0145488 ] ] }, { "type": "LineString", "coordinates": [ [ 28.9246573, 41.0145488 ], [ 28.9248106, 41.0144764 ], [ 28.9249454, 41.0143705 ] ] }, { "type": "LineString", "coordinates": [ [ 28.9249454, 41.0143705 ], [ 28.9253072, 41.0141837 ] ] }, { "type": "LineString", "coordinates": [ [ 28.9253072, 41.0141837 ], [ 28.9255295, 41.014164 ] ] }, { "type": "LineString", "coordinates": [ [ 28.9368859, 41.0156755 ], [ 28.9370313, 41.01596 ], [ 28.9367757, 41.0160505 ], [ 28.9368723, 41.0162124 ] ] }, { "type": "LineString", "coordinates": [ [ 28.9363004, 41.0158771 ], [ 28.9360979, 41.0159681 ], [ 28.9352587, 41.0163866 ] ] }, { "type": "LineString", "coordinates": [ [ 28.9407988, 41.0021019 ], [ 28.9403461, 41.0022117 ], [ 28.9401298, 41.0022656 ] ] }, { "type": "LineString", "coordinates": [ [ 28.9376304, 41.0022608 ], [ 28.9377683, 41.0022796 ] ] }, { "type": "LineString", "coordinates": [ [ 28.9482541, 41.0305492 ], [ 28.9480271, 41.0306056 ] ] }, { "type": "LineString", "coordinates": [ [ 28.9480271, 41.0306056 ], [ 28.9477993, 41.0306439 ] ] }, { "type": "LineString", "coordinates": [ [ 28.9648658, 41.0040289 ], [ 28.9654548, 41.0039782 ] ] }, { "type": "LineString", "coordinates": [ [ 28.9710136, 41.0037147 ], [ 28.9709969, 41.0037213 ], [ 28.9709698, 41.0037448 ], [ 28.9709413, 41.0037838 ] ] }, { "type": "LineString", "coordinates": [ [ 28.9772471, 41.0141783 ], [ 28.9774699, 41.014688 ] ] }, { "type": "LineString", "coordinates": [ [ 28.9394073, 41.0364648 ], [ 28.9393886, 41.0364593 ] ] }, { "type": "LineString", "coordinates": [ [ 28.9238947, 41.0167906 ], [ 28.9239482, 41.0168894 ], [ 28.9240457, 41.0170098 ] ] }, { "type": "LineString", "coordinates": [ [ 28.9240457, 41.0170098 ], [ 28.9241019, 41.0171379 ], [ 28.9241663, 41.0173888 ], [ 28.9242588, 41.0177541 ], [ 28.9242728, 41.0178228 ], [ 28.924305, 41.0178582 ], [ 28.9243553, 41.0178867 ], [ 28.924486, 41.017929 ], [ 28.9246624, 41.0179676 ], [ 28.9247972, 41.0180201 ], [ 28.9249173, 41.0181012 ], [ 28.9253142, 41.0182388 ], [ 28.9254516, 41.018299399999989 ], [ 28.9255321, 41.018354 ], [ 28.9256148, 41.0183846 ] ] }, { "type": "LineString", "coordinates": [ [ 28.9238947, 41.0167906 ], [ 28.9238403, 41.0166221 ], [ 28.9238564, 41.0165408 ] ] }, { "type": "LineString", "coordinates": [ [ 28.9238564, 41.0165408 ], [ 28.9238912, 41.0164889 ], [ 28.9242694, 41.016316899999985 ] ] }, { "type": "LineString", "coordinates": [ [ 28.9242694, 41.016316899999985 ], [ 28.9245112, 41.0162647 ], [ 28.9248717, 41.016299499999988 ], [ 28.9249829, 41.0163344 ], [ 28.9251594, 41.0163953 ] ] }, { "type": "LineString", "coordinates": [ [ 28.9229338, 41.0146905 ], [ 28.9232428, 41.0144572 ], [ 28.9233971, 41.0143337 ], [ 28.9235478, 41.0143097 ] ] }, { "type": "LineString", "coordinates": [ [ 28.9235478, 41.0143097 ], [ 28.9238791, 41.0142569 ] ] }, { "type": "LineString", "coordinates": [ [ 28.9238791, 41.0142569 ], [ 28.9248719, 41.0141507 ] ] }, { "type": "LineString", "coordinates": [ [ 28.9717808, 41.0167473 ], [ 28.9714501, 41.0165062 ] ] }, { "type": "LineString", "coordinates": [ [ 28.947952, 41.0193069 ], [ 28.9480392, 41.019356 ], [ 28.9484454, 41.019585 ], [ 28.9484724, 41.0196002 ], [ 28.9490888, 41.0199406 ] ] }, { "type": "LineString", "coordinates": [ [ 28.9486571, 41.020411400000015 ], [ 28.9487119, 41.0203225 ], [ 28.9490888, 41.0199406 ] ] }, { "type": "LineString", "coordinates": [ [ 28.9490888, 41.0199406 ], [ 28.9493058, 41.0197207 ], [ 28.9494924, 41.019531699999987 ], [ 28.9496465, 41.01937550000001 ], [ 28.9498254, 41.0191942 ], [ 28.950062, 41.0189545 ], [ 28.950197, 41.0188185 ], [ 28.9502183, 41.018794 ] ] }, { "type": "LineString", "coordinates": [ [ 28.9493036, 41.02079470000001 ], [ 28.9493801, 41.0207175 ], [ 28.9495421, 41.0205534 ], [ 28.9508754, 41.0192025 ], [ 28.9509031, 41.0191745 ] ] }, { "type": "LineString", "coordinates": [ [ 28.9503131, 41.0213513 ], [ 28.9507412, 41.0209004 ] ] }, { "type": "LineString", "coordinates": [ [ 28.9507412, 41.0209004 ], [ 28.9507581, 41.0208832 ] ] }, { "type": "LineString", "coordinates": [ [ 28.9507412, 41.0209004 ], [ 28.9503558, 41.0206809 ] ] }, { "type": "LineString", "coordinates": [ [ 28.9507581, 41.0208832 ], [ 28.9507778, 41.020863499999983 ], [ 28.9514896, 41.0201513 ] ] }, { "type": "LineString", "coordinates": [ [ 28.9514896, 41.0201513 ], [ 28.9515226, 41.0201183 ] ] }, { "type": "LineString", "coordinates": [ [ 28.9545356, 41.0165769 ], [ 28.9546603, 41.0167072 ], [ 28.9547367, 41.016784 ] ] }, { "type": "LineString", "coordinates": [ [ 28.9533233, 41.0171047 ], [ 28.9527959, 41.0173871 ] ] }, { "type": "LineString", "coordinates": [ [ 28.9527959, 41.0173871 ], [ 28.9522378, 41.017662 ] ] }, { "type": "LineString", "coordinates": [ [ 28.9533435, 41.017125299999989 ], [ 28.953378, 41.0171603 ] ] }, { "type": "LineString", "coordinates": [ [ 28.9564053, 41.0155054 ], [ 28.9564356, 41.0155443 ] ] }, { "type": "LineString", "coordinates": [ [ 28.9233439, 41.016064299999989 ], [ 28.9234393, 41.0160401 ], [ 28.9237603, 41.0159725 ] ] }, { "type": "LineString", "coordinates": [ [ 28.9237603, 41.0159725 ], [ 28.9238033, 41.0159599 ] ] }, { "type": "LineString", "coordinates": [ [ 28.9238033, 41.0159599 ], [ 28.9241397, 41.0158968 ] ] }, { "type": "LineString", "coordinates": [ [ 28.9228767, 41.0142604 ], [ 28.9229297, 41.0146595 ] ] }, { "type": "LineString", "coordinates": [ [ 28.9229297, 41.0146595 ], [ 28.9229338, 41.0146905 ] ] }, { "type": "LineString", "coordinates": [ [ 28.9229338, 41.0146905 ], [ 28.9229228, 41.0148206 ] ] }, { "type": "LineString", "coordinates": [ [ 28.9229228, 41.0148206 ], [ 28.9229872, 41.0151586 ] ] }, { "type": "LineString", "coordinates": [ [ 28.9229872, 41.0151586 ], [ 28.9231213, 41.0154936 ] ] }, { "type": "LineString", "coordinates": [ [ 28.9231213, 41.0154936 ], [ 28.9232254, 41.0157889 ], [ 28.9233439, 41.016064299999989 ] ] }, { "type": "LineString", "coordinates": [ [ 28.9326831, 41.0105504 ], [ 28.9324992, 41.0107993 ], [ 28.9321417, 41.0111392 ] ] }, { "type": "LineString", "coordinates": [ [ 28.9287269, 41.0077493 ], [ 28.9294448, 41.007806800000012 ] ] }, { "type": "LineString", "coordinates": [ [ 28.9258181, 41.0167768 ], [ 28.9261725, 41.0164529 ], [ 28.9267575, 41.0165217 ] ] }, { "type": "LineString", "coordinates": [ [ 28.9246573, 41.0145488 ], [ 28.9249356, 41.0156072 ] ] }, { "type": "LineString", "coordinates": [ [ 28.9249356, 41.0156072 ], [ 28.9250612, 41.0161008 ] ] }, { "type": "LineString", "coordinates": [ [ 28.966377, 41.0099594 ], [ 28.9664046, 41.0098648 ] ] }, { "type": "LineString", "coordinates": [ [ 28.9664046, 41.0098648 ], [ 28.9664491, 41.0097123 ] ] }, { "type": "LineString", "coordinates": [ [ 28.9663706, 41.0094573 ], [ 28.966419, 41.0096063 ] ] }, { "type": "LineString", "coordinates": [ [ 28.966419, 41.0096063 ], [ 28.9664298, 41.0096328 ] ] }, { "type": "LineString", "coordinates": [ [ 28.9664298, 41.0096328 ], [ 28.9664491, 41.0097123 ] ] }, { "type": "LineString", "coordinates": [ [ 28.9341364, 41.0168681 ], [ 28.9342211, 41.016799499999983 ], [ 28.9342331, 41.016789699999983 ], [ 28.9347069, 41.0164058 ] ] }, { "type": "LineString", "coordinates": [ [ 28.9400561, 41.0159781 ], [ 28.9399009, 41.015869899999984 ], [ 28.9398737, 41.015856 ], [ 28.9398038, 41.0158402 ] ] }, { "type": "LineString", "coordinates": [ [ 28.9400561, 41.0159781 ], [ 28.9404531, 41.0163747 ] ] }, { "type": "LineString", "coordinates": [ [ 28.9400561, 41.0159781 ], [ 28.9406355, 41.0156785 ] ] }, { "type": "LineString", "coordinates": [ [ 28.9399538, 41.0157858 ], [ 28.9399751, 41.01583140000001 ], [ 28.9400561, 41.0159781 ] ] }, { "type": "LineString", "coordinates": [ [ 28.9291194, 41.0132127 ], [ 28.9293576, 41.0133461 ] ] }, { "type": "LineString", "coordinates": [ [ 28.9293576, 41.0133461 ], [ 28.9295743, 41.0134485 ], [ 28.9298355, 41.0135582 ], [ 28.9300539, 41.0136269 ] ] }, { "type": "LineString", "coordinates": [ [ 28.9293576, 41.0133461 ], [ 28.9296427, 41.0130088 ], [ 28.9298643, 41.0130987 ] ] }, { "type": "LineString", "coordinates": [ [ 28.930047, 41.0127379 ], [ 28.9298643, 41.0130987 ] ] }, { "type": "LineString", "coordinates": [ [ 28.9298643, 41.0130987 ], [ 28.9298761, 41.0131979 ], [ 28.9303174, 41.013303 ] ] }, { "type": "LineString", "coordinates": [ [ 28.9302624, 41.0127821 ], [ 28.930369, 41.012337899999984 ] ] }, { "type": "LineString", "coordinates": [ [ 28.9294115, 41.0123615 ], [ 28.9297828, 41.0125355 ], [ 28.930047, 41.0127379 ] ] }, { "type": "LineString", "coordinates": [ [ 28.930047, 41.0127379 ], [ 28.9302624, 41.0127821 ] ] }, { "type": "LineString", "coordinates": [ [ 28.9515226, 41.0201183 ], [ 28.9518916, 41.0197298 ] ] }, { "type": "LineString", "coordinates": [ [ 28.9510613, 41.0199029 ], [ 28.9510787, 41.019913 ] ] }, { "type": "LineString", "coordinates": [ [ 28.9510787, 41.019913 ], [ 28.9514896, 41.0201513 ] ] }, { "type": "LineString", "coordinates": [ [ 28.929054, 41.0158383 ], [ 28.9294105, 41.01540760000001 ] ] }, { "type": "LineString", "coordinates": [ [ 28.9317456, 41.0136833 ], [ 28.9315567, 41.0138238 ] ] }, { "type": "LineString", "coordinates": [ [ 28.9320773, 41.0139566 ], [ 28.9319194, 41.0140801 ], [ 28.9318105, 41.0141284 ], [ 28.9316502, 41.0141729 ] ] }, { "type": "LineString", "coordinates": [ [ 28.928716, 41.0131168 ], [ 28.9287513, 41.0131879 ], [ 28.9288389, 41.013316 ], [ 28.9289121, 41.013376 ] ] }, { "type": "LineString", "coordinates": [ [ 28.9314861, 41.0154946 ], [ 28.9317134, 41.0156298 ] ] }, { "type": "LineString", "coordinates": [ [ 28.9380469, 41.0035284 ], [ 28.937995, 41.0037041 ], [ 28.93858, 41.0038126 ] ] }, { "type": "LineString", "coordinates": [ [ 28.9379687, 41.0034413 ], [ 28.9379222, 41.0034217 ], [ 28.9378737, 41.0034792 ], [ 28.9378183, 41.0035092 ], [ 28.937756, 41.003509200000011 ] ] }, { "type": "LineString", "coordinates": [ [ 28.937756, 41.003509200000011 ], [ 28.9376538, 41.0035066 ], [ 28.9374529, 41.0034609 ], [ 28.9374235, 41.0034308 ], [ 28.9374962, 41.0031851 ], [ 28.9368763, 41.0030518 ] ] }, { "type": "LineString", "coordinates": [ [ 28.9405411, 41.003358299999988 ], [ 28.940461, 41.0033326 ] ] }, { "type": "LineString", "coordinates": [ [ 28.940461, 41.0033326 ], [ 28.9400466, 41.0032437 ] ] }, { "type": "LineString", "coordinates": [ [ 28.9414046, 41.0036378 ], [ 28.9414222, 41.0036006 ] ] }, { "type": "LineString", "coordinates": [ [ 28.9713312, 41.0137601 ], [ 28.9715833, 41.0136719 ] ] }, { "type": "LineString", "coordinates": [ [ 28.9715833, 41.0136719 ], [ 28.9721034, 41.0136911 ], [ 28.9721439, 41.013705 ] ] }, { "type": "LineString", "coordinates": [ [ 28.9623719, 41.0043721 ], [ 28.9628645, 41.004124800000014 ] ] }, { "type": "LineString", "coordinates": [ [ 28.9628645, 41.004124800000014 ], [ 28.9631693, 41.003976499999986 ] ] }, { "type": "LineString", "coordinates": [ [ 28.9631693, 41.003976499999986 ], [ 28.9634995, 41.0038106 ] ] }, { "type": "LineString", "coordinates": [ [ 28.9634995, 41.0038106 ], [ 28.9638088, 41.0036457 ] ] }, { "type": "LineString", "coordinates": [ [ 28.9527466, 41.0025626 ], [ 28.952586842282713, 41.002500400491002 ] ] }, { "type": "LineString", "coordinates": [ [ 28.952586842282713, 41.002500400491002 ], [ 28.9525234, 41.0024757 ] ] }, { "type": "LineString", "coordinates": [ [ 28.9534225, 41.0027526 ], [ 28.9540945, 41.0030731 ] ] }, { "type": "LineString", "coordinates": [ [ 28.9526564, 41.002276899999984 ], [ 28.952722174132397, 41.002305670861141 ] ] }, { "type": "LineString", "coordinates": [ [ 28.952722174132397, 41.002305670861141 ], [ 28.953385, 41.0025956 ], [ 28.9538881, 41.0028254 ], [ 28.9542515, 41.0029737 ] ] }, { "type": "LineString", "coordinates": [ [ 28.9527001, 41.0021822 ], [ 28.952771774298132, 41.002207741922071 ] ] }, { "type": "LineString", "coordinates": [ [ 28.952771774298132, 41.002207741922071 ], [ 28.9531373, 41.002338 ], [ 28.953428, 41.0024717 ] ] }, { "type": "LineString", "coordinates": [ [ 28.9541134, 41.0028013 ], [ 28.9543592, 41.002903 ], [ 28.9545822, 41.0029797 ] ] }, { "type": "LineString", "coordinates": [ [ 28.9385606, 41.018638 ], [ 28.938847, 41.0187604 ], [ 28.9394426, 41.0190813 ] ] }, { "type": "LineString", "coordinates": [ [ 28.9394426, 41.0190813 ], [ 28.9396209, 41.0191899 ] ] }, { "type": "LineString", "coordinates": [ [ 28.9399813, 41.0122943 ], [ 28.9403334, 41.0127413 ] ] }, { "type": "LineString", "coordinates": [ [ 28.9403334, 41.0127413 ], [ 28.9403747, 41.012803699999985 ] ] }, { "type": "LineString", "coordinates": [ [ 28.9403747, 41.012803699999985 ], [ 28.9409222, 41.0134169 ] ] }, { "type": "LineString", "coordinates": [ [ 28.9344219, 41.013909799999986 ], [ 28.9340469, 41.0134511 ], [ 28.9339044, 41.0132997 ] ] }, { "type": "LineString", "coordinates": [ [ 28.9339044, 41.0132997 ], [ 28.9337182, 41.0130941 ], [ 28.9335163, 41.012851299999987 ], [ 28.9335218, 41.0128198 ], [ 28.9334847, 41.0127819 ] ] }, { "type": "LineString", "coordinates": [ [ 28.9334847, 41.0127819 ], [ 28.9335149, 41.012655 ], [ 28.9335219, 41.0123817 ] ] }, { "type": "LineString", "coordinates": [ [ 28.9729911, 41.0173779 ], [ 28.973135743206022, 41.017360402270462 ] ] }, { "type": "LineString", "coordinates": [ [ 28.973135743206022, 41.017360402270462 ], [ 28.97364, 41.0172994 ] ] }, { "type": "LineString", "coordinates": [ [ 28.9536483, 41.005045 ], [ 28.953646413583289, 41.005071793578253 ] ] }, { "type": "LineString", "coordinates": [ [ 28.953646413583289, 41.005071793578253 ], [ 28.9536306, 41.0052964 ] ] }, { "type": "LineString", "coordinates": [ [ 28.9664983, 41.0099741 ], [ 28.9664746, 41.0099711 ] ] }, { "type": "LineString", "coordinates": [ [ 28.9665087, 41.0098792 ], [ 28.9664046, 41.0098648 ] ] }, { "type": "LineString", "coordinates": [ [ 28.9666057, 41.009775499999989 ], [ 28.9666206, 41.0097805 ], [ 28.9667206, 41.0097984 ], [ 28.9669112, 41.009819899999989 ] ] }, { "type": "LineString", "coordinates": [ [ 28.9669112, 41.009819899999989 ], [ 28.9671524, 41.009847199999989 ], [ 28.9672335, 41.0098563 ] ] }, { "type": "LineString", "coordinates": [ [ 28.9672335, 41.0098563 ], [ 28.9674435, 41.0098733 ] ] }, { "type": "LineString", "coordinates": [ [ 28.9674435, 41.0098733 ], [ 28.9676655, 41.009918 ] ] }, { "type": "LineString", "coordinates": [ [ 28.9676655, 41.009918 ], [ 28.9678712, 41.0099531 ] ] }, { "type": "LineString", "coordinates": [ [ 28.9678712, 41.0099531 ], [ 28.9682227, 41.010013199999982 ] ] }, { "type": "LineString", "coordinates": [ [ 28.9682227, 41.010013199999982 ], [ 28.9686784, 41.0100911 ] ] }, { "type": "LineString", "coordinates": [ [ 28.9686784, 41.0100911 ], [ 28.9691134, 41.0101517 ] ] }, { "type": "LineString", "coordinates": [ [ 28.9672393, 41.0110804 ], [ 28.9672549, 41.011049199999988 ] ] }, { "type": "LineString", "coordinates": [ [ 28.9670786, 41.011023599999987 ], [ 28.9669349, 41.0112186 ], [ 28.9667552, 41.0112186 ], [ 28.9666613, 41.0110971 ], [ 28.9666552, 41.0110201 ] ] }, { "type": "LineString", "coordinates": [ [ 28.9681271, 41.0117396 ], [ 28.9683285, 41.0118721 ] ] }, { "type": "LineString", "coordinates": [ [ 28.9686999, 41.0113898 ], [ 28.9686815, 41.0115079 ], [ 28.9686494, 41.0115785 ] ] }, { "type": "LineString", "coordinates": [ [ 28.9686494, 41.0115785 ], [ 28.9686355, 41.0116092 ], [ 28.9685523, 41.0116861 ] ] }, { "type": "LineString", "coordinates": [ [ 28.9685523, 41.0116861 ], [ 28.9684048, 41.0117974 ], [ 28.9683285, 41.0118721 ] ] }, { "type": "LineString", "coordinates": [ [ 28.9683285, 41.0118721 ], [ 28.9682787, 41.0119209 ], [ 28.9681054, 41.012224 ], [ 28.9680751, 41.012282399999989 ] ] }, { "type": "LineString", "coordinates": [ [ 28.9680751, 41.012282399999989 ], [ 28.9680395, 41.012345 ], [ 28.9679988, 41.0124427 ], [ 28.9679556, 41.012522 ] ] }, { "type": "LineString", "coordinates": [ [ 28.9679556, 41.012522 ], [ 28.9678978, 41.0126253 ], [ 28.9678473, 41.0127155 ], [ 28.9677761, 41.0128368 ] ] }, { "type": "LineString", "coordinates": [ [ 28.9677761, 41.0128368 ], [ 28.9677472, 41.01288610000001 ] ] }, { "type": "LineString", "coordinates": [ [ 28.9674547, 41.0116148 ], [ 28.9674944, 41.0116149 ] ] }, { "type": "LineString", "coordinates": [ [ 28.9674624, 41.0119599 ], [ 28.9672071, 41.0119193 ], [ 28.9668394, 41.0118604 ], [ 28.9667482, 41.0118508 ] ] }, { "type": "LineString", "coordinates": [ [ 28.9667482, 41.0118508 ], [ 28.9665171, 41.0118264 ] ] }, { "type": "LineString", "coordinates": [ [ 28.9665777, 41.0109927 ], [ 28.9665358, 41.010989 ] ] }, { "type": "LineString", "coordinates": [ [ 28.9665358, 41.010989 ], [ 28.9663769, 41.0109689 ], [ 28.9661688, 41.01093430000001 ] ] }, { "type": "LineString", "coordinates": [ [ 28.9666552, 41.0110201 ], [ 28.9666524, 41.010984 ] ] }, { "type": "LineString", "coordinates": [ [ 28.9664746, 41.0099711 ], [ 28.966377, 41.0099594 ] ] }, { "type": "LineString", "coordinates": [ [ 28.9526493, 41.0026614 ], [ 28.952506078565918, 41.002610855280423 ] ] }, { "type": "LineString", "coordinates": [ [ 28.952506078565918, 41.002610855280423 ], [ 28.9524365, 41.002586299999983 ] ] }, { "type": "LineString", "coordinates": [ [ 28.9562585, 41.0071329 ], [ 28.9557728, 41.0071339 ], [ 28.954996, 41.0071307 ] ] }, { "type": "LineString", "coordinates": [ [ 28.954996, 41.0071307 ], [ 28.9545975, 41.007131 ], [ 28.9545343, 41.0071311 ], [ 28.9542541, 41.0071313 ] ] }, { "type": "LineString", "coordinates": [ [ 28.922357, 40.9940428 ], [ 28.922077, 40.9939571 ], [ 28.9219948, 40.9939317 ], [ 28.921958529265083, 40.99392049042342 ] ] }, { "type": "LineString", "coordinates": [ [ 28.9501766, 41.0069314 ], [ 28.9515882, 41.0070026 ] ] }, { "type": "LineString", "coordinates": [ [ 28.9515882, 41.0070026 ], [ 28.9524955, 41.0070585 ] ] }, { "type": "LineString", "coordinates": [ [ 28.9524955, 41.0070585 ], [ 28.9532753, 41.0070831 ] ] }, { "type": "LineString", "coordinates": [ [ 28.9537381, 41.0284637 ], [ 28.9533441, 41.0284375 ], [ 28.9529632, 41.0284683 ] ] }, { "type": "LineString", "coordinates": [ [ 28.9525507, 41.0286089 ], [ 28.9524311, 41.028720799999988 ], [ 28.9522299, 41.028953 ] ] }, { "type": "LineString", "coordinates": [ [ 28.9525507, 41.0286089 ], [ 28.9523569, 41.0283489 ], [ 28.9523366, 41.0283015 ], [ 28.9523621, 41.0282501 ], [ 28.9524016, 41.0282348 ] ] }, { "type": "LineString", "coordinates": [ [ 28.9505089, 41.0126305 ], [ 28.9510025, 41.0122869 ] ] }, { "type": "LineString", "coordinates": [ [ 28.9510025, 41.0122869 ], [ 28.9510784, 41.0122244 ], [ 28.9512484, 41.0120347 ], [ 28.9513366, 41.0118386 ] ] }, { "type": "LineString", "coordinates": [ [ 28.9504222, 41.0110583 ], [ 28.9504281, 41.01056280000001 ], [ 28.950483, 41.0104953 ] ] }, { "type": "LineString", "coordinates": [ [ 28.9499255, 41.011654299999989 ], [ 28.9498526, 41.0114502 ] ] }, { "type": "LineString", "coordinates": [ [ 28.9518182, 41.0099006 ], [ 28.951852, 41.0101673 ] ] }, { "type": "LineString", "coordinates": [ [ 28.951852, 41.0101673 ], [ 28.951865, 41.0103475 ], [ 28.9518944, 41.0104414 ] ] }, { "type": "LineString", "coordinates": [ [ 28.9518944, 41.0104414 ], [ 28.9519617, 41.0105812 ] ] }, { "type": "LineString", "coordinates": [ [ 28.9519617, 41.0105812 ], [ 28.9519678, 41.0108002 ] ] }, { "type": "LineString", "coordinates": [ [ 28.9519678, 41.0108002 ], [ 28.9519775, 41.0110483 ] ] }, { "type": "LineString", "coordinates": [ [ 28.9518944, 41.0104414 ], [ 28.951758, 41.0104707 ], [ 28.9517589, 41.0108 ] ] }, { "type": "LineString", "coordinates": [ [ 28.9517589, 41.0108 ], [ 28.9517559, 41.0110514 ] ] }, { "type": "LineString", "coordinates": [ [ 28.9517559, 41.0110514 ], [ 28.9517586, 41.0112946 ], [ 28.9517586, 41.0113097 ] ] }, { "type": "LineString", "coordinates": [ [ 28.9517586, 41.0113097 ], [ 28.9517587, 41.011563799999983 ] ] }, { "type": "LineString", "coordinates": [ [ 28.9508169, 41.0105165 ], [ 28.9508419, 41.011052 ] ] }, { "type": "LineString", "coordinates": [ [ 28.9502536, 41.011719 ], [ 28.9503009, 41.0115487 ], [ 28.9506081, 41.011604499999983 ], [ 28.9508482, 41.0115921 ] ] }, { "type": "LineString", "coordinates": [ [ 28.9508482, 41.0115921 ], [ 28.9513674, 41.0115668 ] ] }, { "type": "LineString", "coordinates": [ [ 28.9513674, 41.0115668 ], [ 28.9517587, 41.011563799999983 ] ] }, { "type": "LineString", "coordinates": [ [ 28.9520862, 41.009883 ], [ 28.9521966, 41.0101591 ] ] }, { "type": "LineString", "coordinates": [ [ 28.9521966, 41.0101591 ], [ 28.9522354, 41.0102664 ], [ 28.9522425, 41.0105778 ] ] }, { "type": "LineString", "coordinates": [ [ 28.9522425, 41.0105778 ], [ 28.9522661, 41.0110444 ] ] }, { "type": "LineString", "coordinates": [ [ 28.9522661, 41.0110444 ], [ 28.9522896, 41.0114231 ], [ 28.9523296, 41.0115846 ] ] }, { "type": "LineString", "coordinates": [ [ 28.928246, 41.0090336 ], [ 28.928445, 41.0093031 ] ] }, { "type": "LineString", "coordinates": [ [ 28.9643757, 41.0034254 ], [ 28.9642765, 41.0034517 ], [ 28.9642551, 41.0034659 ], [ 28.964203, 41.0035636 ] ] }, { "type": "LineString", "coordinates": [ [ 28.964203, 41.0035636 ], [ 28.9642136, 41.003633399999984 ] ] }, { "type": "LineString", "coordinates": [ [ 28.9638166, 41.0041747 ], [ 28.9634995, 41.0038106 ] ] }, { "type": "LineString", "coordinates": [ [ 28.9643757, 41.0034254 ], [ 28.9646912, 41.0034812 ] ] }, { "type": "LineString", "coordinates": [ [ 28.9646912, 41.0034812 ], [ 28.9651758, 41.0035676 ] ] }, { "type": "LineString", "coordinates": [ [ 28.9592082, 41.0040945 ], [ 28.9595533, 41.0045964 ] ] }, { "type": "LineString", "coordinates": [ [ 28.9595533, 41.0045964 ], [ 28.9597568, 41.0048271 ] ] }, { "type": "LineString", "coordinates": [ [ 28.9597568, 41.0048271 ], [ 28.9598014, 41.0049021 ] ] }, { "type": "LineString", "coordinates": [ [ 28.9598014, 41.0049021 ], [ 28.9599997, 41.0052152 ] ] }, { "type": "LineString", "coordinates": [ [ 28.9599997, 41.0052152 ], [ 28.9601981, 41.0055134 ] ] }, { "type": "LineString", "coordinates": [ [ 28.9638088, 41.0036457 ], [ 28.9638979, 41.0037308 ], [ 28.9639949, 41.0038079 ], [ 28.964195, 41.0039776 ] ] }, { "type": "LineString", "coordinates": [ [ 28.9620396, 41.0039054 ], [ 28.9616355, 41.004075 ], [ 28.961587, 41.0040812 ], [ 28.961557, 41.004054 ], [ 28.9613901, 41.0036658 ] ] }, { "type": "LineString", "coordinates": [ [ 28.9631345, 41.0045026 ], [ 28.9632948, 41.0047184 ], [ 28.9634439, 41.0049352 ] ] }, { "type": "LineString", "coordinates": [ [ 28.9634439, 41.0049352 ], [ 28.9636107, 41.00518730000001 ] ] }, { "type": "LineString", "coordinates": [ [ 28.9598014, 41.0049021 ], [ 28.9596071, 41.0049738 ], [ 28.9594125, 41.0050265 ] ] }, { "type": "LineString", "coordinates": [ [ 28.9594125, 41.0050265 ], [ 28.9586791, 41.0050772 ] ] }, { "type": "LineString", "coordinates": [ [ 28.956936, 41.0052582 ], [ 28.9568442, 41.0050695 ] ] }, { "type": "LineString", "coordinates": [ [ 28.9568442, 41.0050695 ], [ 28.9567437, 41.0048682 ] ] }, { "type": "LineString", "coordinates": [ [ 28.9614433, 41.0052224 ], [ 28.9610651, 41.0046394 ], [ 28.960959, 41.0044932 ] ] }, { "type": "LineString", "coordinates": [ [ 28.956936, 41.0052582 ], [ 28.9572331, 41.0051854 ] ] }, { "type": "LineString", "coordinates": [ [ 28.9572331, 41.0051854 ], [ 28.9575298, 41.0051219 ], [ 28.9576892, 41.0050862 ], [ 28.9577806, 41.0050606 ] ] }, { "type": "LineString", "coordinates": [ [ 28.9577806, 41.0050606 ], [ 28.9578555, 41.0050316 ], [ 28.9581505, 41.004910099999989 ], [ 28.958525, 41.0047475 ] ] }, { "type": "LineString", "coordinates": [ [ 28.958525, 41.0047475 ], [ 28.9587325, 41.0047036 ], [ 28.9595533, 41.0045964 ] ] }, { "type": "LineString", "coordinates": [ [ 28.9648441, 41.006177 ], [ 28.964379, 41.0062927 ] ] }, { "type": "LineString", "coordinates": [ [ 28.964379, 41.0062927 ], [ 28.9642149, 41.0063498 ], [ 28.9639633, 41.0065043 ], [ 28.9638369, 41.0065481 ] ] }, { "type": "LineString", "coordinates": [ [ 28.9638369, 41.0065481 ], [ 28.9637404, 41.0066107 ] ] }, { "type": "LineString", "coordinates": [ [ 28.9712945, 41.0018613 ], [ 28.971338506646326, 41.001867961568699 ] ] }, { "type": "LineString", "coordinates": [ [ 28.971338506646326, 41.001867961568699 ], [ 28.9716618, 41.0019169 ] ] }, { "type": "LineString", "coordinates": [ [ 28.960677, 41.0061108 ], [ 28.9608844, 41.0064398 ], [ 28.9608928, 41.006453 ] ] }, { "type": "LineString", "coordinates": [ [ 28.9608928, 41.006453 ], [ 28.9609937, 41.0066118 ], [ 28.9610983, 41.0067722 ], [ 28.9611171, 41.006805199999988 ] ] }, { "type": "LineString", "coordinates": [ [ 28.9611171, 41.006805199999988 ], [ 28.9611485, 41.0069261 ] ] }, { "type": "LineString", "coordinates": [ [ 28.9611485, 41.0069261 ], [ 28.9611882, 41.0070809 ], [ 28.9612063, 41.0071329 ], [ 28.9611216, 41.0072102 ], [ 28.9609964, 41.0073261 ] ] }, { "type": "LineString", "coordinates": [ [ 28.9558733, 41.0053668 ], [ 28.9558106, 41.0052476 ] ] }, { "type": "LineString", "coordinates": [ [ 28.9558106, 41.0052476 ], [ 28.9556769, 41.004942 ] ] }, { "type": "LineString", "coordinates": [ [ 28.9601717, 41.0064747 ], [ 28.960177, 41.0066053 ], [ 28.9601904, 41.0067054 ], [ 28.9602508, 41.0067944 ], [ 28.9603366, 41.0068683 ] ] }, { "type": "LineString", "coordinates": [ [ 28.9622826, 41.0056755 ], [ 28.9622185, 41.0055257 ], [ 28.9621402, 41.0053376 ], [ 28.962, 41.005043399999984 ] ] }, { "type": "LineString", "coordinates": [ [ 28.9241941, 40.9979 ], [ 28.9237637, 40.9979141 ], [ 28.9235216, 40.9979741 ] ] }, { "type": "LineString", "coordinates": [ [ 28.9235216, 40.9979741 ], [ 28.9234311, 40.9979869 ], [ 28.9227837, 40.9980975 ] ] }, { "type": "LineString", "coordinates": [ [ 28.9233171, 40.9965567 ], [ 28.9233607, 40.9972083 ] ] }, { "type": "LineString", "coordinates": [ [ 28.9233607, 40.9972083 ], [ 28.9234244, 40.9975112 ], [ 28.923466, 40.9976686 ] ] }, { "type": "LineString", "coordinates": [ [ 28.923466, 40.9976686 ], [ 28.9235216, 40.9979741 ] ] }, { "type": "LineString", "coordinates": [ [ 28.923466, 40.9976686 ], [ 28.9229591, 40.9977278 ], [ 28.9226319, 40.9977796 ] ] }, { "type": "LineString", "coordinates": [ [ 28.9233607, 40.9972083 ], [ 28.9229699, 40.9972038 ], [ 28.9224339, 40.9972711 ] ] }, { "type": "LineString", "coordinates": [ [ 28.9289132, 40.9950143 ], [ 28.9282884, 40.9946909 ] ] }, { "type": "LineString", "coordinates": [ [ 28.9282884, 40.9946909 ], [ 28.9278686, 40.9945012 ] ] }, { "type": "LineString", "coordinates": [ [ 28.9278686, 40.9945012 ], [ 28.9277148, 40.9944444 ] ] }, { "type": "LineString", "coordinates": [ [ 28.927302, 40.9951942 ], [ 28.9274866, 40.9949584 ], [ 28.9276476, 40.9947641 ], [ 28.9278686, 40.9945012 ] ] }, { "type": "LineString", "coordinates": [ [ 28.9264175, 40.995030599999986 ], [ 28.926754, 40.9947861 ] ] }, { "type": "LineString", "coordinates": [ [ 28.928632, 40.995335 ], [ 28.9283772, 40.995183200000014 ], [ 28.928007, 40.995513099999989 ], [ 28.9279873, 40.9955423 ] ] }, { "type": "LineString", "coordinates": [ [ 28.9279873, 40.9955423 ], [ 28.9277071, 40.995772 ] ] }, { "type": "LineString", "coordinates": [ [ 28.9277071, 40.995772 ], [ 28.9274115, 40.9960435 ] ] }, { "type": "LineString", "coordinates": [ [ 28.9259417, 40.9972916 ], [ 28.9250604, 40.9973084 ], [ 28.9242076, 40.997429 ] ] }, { "type": "LineString", "coordinates": [ [ 28.9278998, 40.99864 ], [ 28.9277614, 40.9982164 ], [ 28.9274589, 40.997897399999985 ] ] }, { "type": "LineString", "coordinates": [ [ 28.9274589, 40.997897399999985 ], [ 28.9274094, 40.9978621 ] ] }, { "type": "LineString", "coordinates": [ [ 28.9274094, 40.9978621 ], [ 28.9271568, 40.997664 ], [ 28.9266163, 40.997325899999986 ] ] }, { "type": "LineString", "coordinates": [ [ 28.9267249, 40.9966104 ], [ 28.926564, 40.996761199999987 ], [ 28.9264392, 40.9969059 ], [ 28.9262856, 40.9971604 ] ] }, { "type": "LineString", "coordinates": [ [ 28.9268352, 40.9966969 ], [ 28.9273794, 40.9963108 ] ] }, { "type": "LineString", "coordinates": [ [ 28.9284883, 40.9944479 ], [ 28.9282884, 40.9946909 ] ] }, { "type": "LineString", "coordinates": [ [ 28.9282884, 40.9946909 ], [ 28.9282189, 40.9947722 ], [ 28.9280124, 40.9949827 ], [ 28.9276241, 40.9953637 ] ] }, { "type": "LineString", "coordinates": [ [ 28.9250941, 40.9948451 ], [ 28.9246315, 40.994987799999983 ], [ 28.9243538, 40.9950556 ], [ 28.9243431, 40.9949685 ], [ 28.9243377, 40.9946811 ] ] }, { "type": "LineString", "coordinates": [ [ 28.9269609, 40.9983189 ], [ 28.9268832, 40.998157 ], [ 28.9268134, 40.9980406 ], [ 28.9266391, 40.9979384 ], [ 28.9263816, 40.9977683 ] ] }, { "type": "LineString", "coordinates": [ [ 28.926683, 41.0036926 ], [ 28.9254213, 41.0038272 ] ] }, { "type": "LineString", "coordinates": [ [ 28.9254213, 41.0038272 ], [ 28.9248194, 41.0038518 ] ] }, { "type": "LineString", "coordinates": [ [ 28.9218975, 40.9960978 ], [ 28.9228139, 40.9961043 ] ] }, { "type": "LineString", "coordinates": [ [ 28.9264862, 40.9945444 ], [ 28.9271379, 40.9939138 ] ] }, { "type": "LineString", "coordinates": [ [ 28.9276146, 40.9940646 ], [ 28.9275189, 40.9942104 ], [ 28.9273673, 40.9943612 ], [ 28.9271326, 40.9945697 ], [ 28.9268343, 40.9948595 ] ] }, { "type": "LineString", "coordinates": [ [ 28.9241791, 41.001244 ], [ 28.924238, 41.0011597 ], [ 28.9242729, 41.0009916 ], [ 28.9242139, 41.0007143 ], [ 28.9241602, 41.000441 ], [ 28.9241545, 41.0001373 ] ] }, { "type": "LineString", "coordinates": [ [ 28.9241545, 41.0001373 ], [ 28.9241613, 40.9994136 ], [ 28.9241688, 40.9986094 ], [ 28.9241941, 40.9979 ] ] }, { "type": "LineString", "coordinates": [ [ 28.9241941, 40.9979 ], [ 28.9241714, 40.997695399999984 ], [ 28.9242076, 40.997429 ] ] }, { "type": "LineString", "coordinates": [ [ 28.9242076, 40.997429 ], [ 28.9241822, 40.9969909 ], [ 28.9241452, 40.9965159 ] ] }, { "type": "LineString", "coordinates": [ [ 28.9241452, 40.9965159 ], [ 28.9241285, 40.9964241 ], [ 28.9240746, 40.9962397 ] ] }, { "type": "LineString", "coordinates": [ [ 28.9240746, 40.9962397 ], [ 28.9239676, 40.9958735 ], [ 28.9239487, 40.9958083 ] ] }, { "type": "LineString", "coordinates": [ [ 28.9239487, 40.9958083 ], [ 28.923861, 40.995505 ], [ 28.9238388, 40.9954281 ], [ 28.9238094, 40.9950111 ], [ 28.9237988, 40.9943946 ] ] }, { "type": "LineString", "coordinates": [ [ 28.9259839, 40.9947281 ], [ 28.9256631, 40.9949751 ] ] }, { "type": "LineString", "coordinates": [ [ 28.9256631, 40.9949751 ], [ 28.9252114, 40.9953074 ] ] }, { "type": "LineString", "coordinates": [ [ 28.9252114, 40.9953074 ], [ 28.9249439, 40.9954686 ], [ 28.9247186, 40.9955739 ], [ 28.9239487, 40.9958083 ] ] }, { "type": "LineString", "coordinates": [ [ 28.9292789, 40.9983415 ], [ 28.9286281, 40.9978192 ] ] }, { "type": "LineString", "coordinates": [ [ 28.9286281, 40.9978192 ], [ 28.9280251, 40.997461800000011 ] ] }, { "type": "LineString", "coordinates": [ [ 28.9280251, 40.997461800000011 ], [ 28.9279345, 40.997414 ], [ 28.9272828, 40.9969909 ], [ 28.9268352, 40.9966969 ] ] }, { "type": "LineString", "coordinates": [ [ 28.9268352, 40.9966969 ], [ 28.9267249, 40.9966104 ] ] }, { "type": "LineString", "coordinates": [ [ 28.9267249, 40.9966104 ], [ 28.9263266, 40.9961721 ], [ 28.9259682, 40.9958959 ] ] }, { "type": "LineString", "coordinates": [ [ 28.9259682, 40.9958959 ], [ 28.9252114, 40.9953074 ] ] }, { "type": "LineString", "coordinates": [ [ 28.9279873, 40.9955423 ], [ 28.927808, 40.9954374 ], [ 28.9276241, 40.9953637 ] ] }, { "type": "LineString", "coordinates": [ [ 28.9276241, 40.9953637 ], [ 28.927302, 40.9951942 ] ] }, { "type": "LineString", "coordinates": [ [ 28.927302, 40.9951942 ], [ 28.9270746, 40.9950378 ] ] }, { "type": "LineString", "coordinates": [ [ 28.9270746, 40.9950378 ], [ 28.9268343, 40.9948595 ] ] }, { "type": "LineString", "coordinates": [ [ 28.9268343, 40.9948595 ], [ 28.926754, 40.9947861 ] ] }, { "type": "LineString", "coordinates": [ [ 28.926754, 40.9947861 ], [ 28.9265867, 40.9946264 ], [ 28.9264862, 40.9945444 ] ] }, { "type": "LineString", "coordinates": [ [ 28.9264862, 40.9945444 ], [ 28.9261857, 40.9943258 ], [ 28.9260914, 40.9942538 ] ] }, { "type": "LineString", "coordinates": [ [ 28.9260914, 40.9942538 ], [ 28.925927, 40.994168899999984 ], [ 28.9257759, 40.9941314 ] ] }, { "type": "LineString", "coordinates": [ [ 28.9257759, 40.9941314 ], [ 28.9256333, 40.9940778 ], [ 28.9253895, 40.993954 ] ] }, { "type": "LineString", "coordinates": [ [ 28.9253895, 40.993954 ], [ 28.9253034, 40.9938774 ], [ 28.9250016, 40.9937074 ], [ 28.92442, 40.993568 ] ] }, { "type": "LineString", "coordinates": [ [ 28.9267338, 40.9952876 ], [ 28.9264175, 40.995030599999986 ] ] }, { "type": "LineString", "coordinates": [ [ 28.9264175, 40.995030599999986 ], [ 28.9259839, 40.9947281 ] ] }, { "type": "LineString", "coordinates": [ [ 28.9252362, 40.9945804 ], [ 28.9254575, 40.9943865 ] ] }, { "type": "LineString", "coordinates": [ [ 28.9254575, 40.9943865 ], [ 28.9257759, 40.9941314 ] ] }, { "type": "LineString", "coordinates": [ [ 28.9248782, 40.9944161 ], [ 28.9251177, 40.994183199999988 ] ] }, { "type": "LineString", "coordinates": [ [ 28.9251177, 40.994183199999988 ], [ 28.9253895, 40.993954 ] ] }, { "type": "LineString", "coordinates": [ [ 28.9260914, 40.9942538 ], [ 28.9266192, 40.9937544 ] ] }, { "type": "LineString", "coordinates": [ [ 28.9309248, 40.9972112 ], [ 28.9307578, 40.9969511 ], [ 28.9306927, 40.996819299999984 ] ] }, { "type": "LineString", "coordinates": [ [ 28.9306927, 40.996819299999984 ], [ 28.9305359, 40.9966081 ], [ 28.930372, 40.996321800000011 ] ] }, { "type": "LineString", "coordinates": [ [ 28.930372, 40.996321800000011 ], [ 28.9303012, 40.9961681 ], [ 28.9300396, 40.9957121 ] ] }, { "type": "LineString", "coordinates": [ [ 28.9240746, 40.9962397 ], [ 28.9250834, 40.9960536 ], [ 28.9252645, 40.996083 ], [ 28.9255126, 40.9962359 ], [ 28.9259682, 40.9958959 ] ] }, { "type": "LineString", "coordinates": [ [ 28.9259682, 40.9958959 ], [ 28.9264073, 40.99557 ] ] }, { "type": "LineString", "coordinates": [ [ 28.9206776, 40.9900369 ], [ 28.9208562, 40.9903992 ], [ 28.9211566, 40.9907475 ], [ 28.9214993, 40.9910937 ], [ 28.9217136, 40.9912707 ], [ 28.9219688, 40.9915562 ] ] }, { "type": "LineString", "coordinates": [ [ 28.9341443, 41.0010458 ], [ 28.9343409, 41.0009127 ] ] }, { "type": "LineString", "coordinates": [ [ 28.934339, 41.0012798 ], [ 28.9345626, 41.0010411 ] ] }, { "type": "LineString", "coordinates": [ [ 28.9333813, 41.0033992 ], [ 28.933271, 41.0032742 ] ] }, { "type": "LineString", "coordinates": [ [ 28.933271, 41.0032742 ], [ 28.9330661, 41.0031105 ] ] }, { "type": "LineString", "coordinates": [ [ 28.9330661, 41.0031105 ], [ 28.9327431, 41.0028634 ] ] }, { "type": "LineString", "coordinates": [ [ 28.9327431, 41.0028634 ], [ 28.9322869, 41.002465 ] ] }, { "type": "LineString", "coordinates": [ [ 28.9322869, 41.002465 ], [ 28.9317832, 41.002045099999989 ] ] }, { "type": "LineString", "coordinates": [ [ 28.9317832, 41.002045099999989 ], [ 28.931299, 41.0016404 ] ] }, { "type": "LineString", "coordinates": [ [ 28.931299, 41.0016404 ], [ 28.9308359, 41.0012532 ] ] }, { "type": "LineString", "coordinates": [ [ 28.9308359, 41.0012532 ], [ 28.9305546, 41.0010321 ], [ 28.9301684, 41.0008459 ], [ 28.9298785, 41.0006658 ] ] }, { "type": "LineString", "coordinates": [ [ 28.9327921, 41.003399 ], [ 28.932749, 41.0033269 ] ] }, { "type": "LineString", "coordinates": [ [ 28.932749, 41.0033269 ], [ 28.9324568, 41.0030591 ] ] }, { "type": "LineString", "coordinates": [ [ 28.9324568, 41.0030591 ], [ 28.931971, 41.0026726 ] ] }, { "type": "LineString", "coordinates": [ [ 28.931971, 41.0026726 ], [ 28.9314619, 41.0022377 ] ] }, { "type": "LineString", "coordinates": [ [ 28.9314619, 41.0022377 ], [ 28.9310077, 41.0018469 ] ] }, { "type": "LineString", "coordinates": [ [ 28.9310077, 41.0018469 ], [ 28.9305423, 41.0014683 ] ] }, { "type": "LineString", "coordinates": [ [ 28.9317724, 41.0000604 ], [ 28.932121, 40.9997474 ] ] }, { "type": "LineString", "coordinates": [ [ 28.9331019, 41.0007649 ], [ 28.9333536, 41.0004657 ] ] }, { "type": "LineString", "coordinates": [ [ 28.9371615, 41.0021829 ], [ 28.9371337, 41.0020981 ], [ 28.9370761, 41.0020626 ], [ 28.9368927, 41.0020156 ], [ 28.9364983, 41.0019061 ], [ 28.9361341, 41.0018016 ], [ 28.9357715, 41.0016698 ], [ 28.9354564, 41.0015183 ], [ 28.9347818, 41.0011617 ], [ 28.9346731, 41.0011019 ], [ 28.9345626, 41.0010411 ] ] }, { "type": "LineString", "coordinates": [ [ 28.9345626, 41.0010411 ], [ 28.9343996, 41.000948 ], [ 28.9343409, 41.0009127 ] ] }, { "type": "LineString", "coordinates": [ [ 28.9343409, 41.0009127 ], [ 28.9340863, 41.0007495 ], [ 28.9340111, 41.0008954 ], [ 28.9338671, 41.0009866 ] ] }, { "type": "LineString", "coordinates": [ [ 28.9322552, 40.9994952 ], [ 28.932446, 40.9994899 ], [ 28.9324919, 40.999475499999988 ] ] }, { "type": "LineString", "coordinates": [ [ 28.932185, 40.9998048 ], [ 28.932121, 40.9997474 ] ] }, { "type": "LineString", "coordinates": [ [ 28.932121, 40.9997474 ], [ 28.9319724, 40.9995215 ] ] }, { "type": "LineString", "coordinates": [ [ 28.9324654, 41.0000131 ], [ 28.9323157, 41.00013 ] ] }, { "type": "LineString", "coordinates": [ [ 28.9314961, 40.999011399999986 ], [ 28.9312822, 40.998524 ], [ 28.9311088, 40.9981754 ] ] }, { "type": "LineString", "coordinates": [ [ 28.9311088, 40.9981754 ], [ 28.9307787, 40.9976245 ] ] }, { "type": "LineString", "coordinates": [ [ 28.9307787, 40.9976245 ], [ 28.9305845, 40.9973138 ] ] }, { "type": "LineString", "coordinates": [ [ 28.931714, 40.9986743 ], [ 28.9316563, 40.9985139 ], [ 28.9316322, 40.9983225 ], [ 28.9315939, 40.998215399999985 ], [ 28.9315309, 40.9981196 ], [ 28.9314934, 40.99805 ] ] }, { "type": "LineString", "coordinates": [ [ 28.9316441, 40.9980145 ], [ 28.9314934, 40.99805 ] ] }, { "type": "LineString", "coordinates": [ [ 28.9314934, 40.99805 ], [ 28.9311088, 40.9981754 ] ] }, { "type": "LineString", "coordinates": [ [ 28.9319054, 40.9985012 ], [ 28.9319296, 40.9986205 ], [ 28.9320192, 40.9989957 ] ] }, { "type": "LineString", "coordinates": [ [ 28.9298651, 40.9979979 ], [ 28.9299636, 40.997914 ], [ 28.9300195, 40.9978448 ], [ 28.929923, 40.99761 ] ] }, { "type": "LineString", "coordinates": [ [ 28.929923, 40.99761 ], [ 28.9298545, 40.9973812 ], [ 28.9296749, 40.9972426 ] ] }, { "type": "LineString", "coordinates": [ [ 28.9296749, 40.9972426 ], [ 28.9291706, 40.9968134 ], [ 28.9290319, 40.9967151 ] ] }, { "type": "LineString", "coordinates": [ [ 28.9290319, 40.9967151 ], [ 28.9288904, 40.9966252 ], [ 28.9288031, 40.9964941 ], [ 28.928724, 40.996448 ], [ 28.9285499, 40.9963117 ] ] }, { "type": "LineString", "coordinates": [ [ 28.9306927, 40.996819299999984 ], [ 28.9304101, 40.9968891 ], [ 28.9302343, 40.9969165 ], [ 28.9300423, 40.9969881 ] ] }, { "type": "LineString", "coordinates": [ [ 28.9300423, 40.9969881 ], [ 28.9296749, 40.9972426 ] ] }, { "type": "LineString", "coordinates": [ [ 28.9295462, 40.9964703 ], [ 28.9300423, 40.9969881 ] ] }, { "type": "LineString", "coordinates": [ [ 28.930372, 40.996321800000011 ], [ 28.9300955, 40.9963674 ], [ 28.929807, 40.9964034 ], [ 28.9295462, 40.9964703 ] ] }, { "type": "LineString", "coordinates": [ [ 28.9295462, 40.9964703 ], [ 28.9293946, 40.9965259 ], [ 28.9292162, 40.9965918 ], [ 28.9290319, 40.9967151 ] ] }, { "type": "LineString", "coordinates": [ [ 28.9309248, 40.9972112 ], [ 28.9307384, 40.9972537 ], [ 28.9305845, 40.9973138 ] ] }, { "type": "LineString", "coordinates": [ [ 28.9305845, 40.9973138 ], [ 28.929923, 40.99761 ] ] }, { "type": "LineString", "coordinates": [ [ 28.9283366, 40.9969531 ], [ 28.9280251, 40.997461800000011 ] ] }, { "type": "LineString", "coordinates": [ [ 28.9280251, 40.997461800000011 ], [ 28.9274094, 40.9978621 ] ] }, { "type": "LineString", "coordinates": [ [ 28.9295816, 40.9952904 ], [ 28.9294, 40.9954449 ], [ 28.9287843, 40.9951655 ] ] }, { "type": "LineString", "coordinates": [ [ 28.9293708, 40.996038699999986 ], [ 28.9292034, 40.9958536 ] ] }, { "type": "LineString", "coordinates": [ [ 28.9292034, 40.9958536 ], [ 28.9289293, 40.9956473 ], [ 28.9288782, 40.9955968 ], [ 28.9289346, 40.9955502 ], [ 28.9290593, 40.9954732 ], [ 28.9287109, 40.9952532 ] ] }, { "type": "LineString", "coordinates": [ [ 28.9292034, 40.9958536 ], [ 28.929801, 40.9954506 ] ] }, { "type": "LineString", "coordinates": [ [ 28.9301796, 40.9954274 ], [ 28.9301331, 40.9952974 ], [ 28.9300923, 40.9951592 ], [ 28.9300989, 40.9951274 ] ] }, { "type": "LineString", "coordinates": [ [ 28.9300989, 40.9951274 ], [ 28.9301344, 40.9951205 ], [ 28.9301621, 40.9951205 ], [ 28.9302395, 40.9951392 ], [ 28.9305307, 40.99525830000001 ] ] }, { "type": "LineString", "coordinates": [ [ 28.9305307, 40.99525830000001 ], [ 28.9305856, 40.9952808 ], [ 28.9309362, 40.9954595 ], [ 28.9310053, 40.9955415 ], [ 28.9312258, 40.9959209 ], [ 28.9315429, 40.99641290000001 ], [ 28.9318657, 40.9969622 ] ] }, { "type": "LineString", "coordinates": [ [ 28.9318657, 40.9969622 ], [ 28.9319257, 40.99709 ], [ 28.9321672, 40.9976039 ], [ 28.9322502, 40.997726299999989 ], [ 28.9323859, 40.9981314 ], [ 28.9323849, 40.998201 ], [ 28.9323356, 40.9987442 ], [ 28.9323479, 40.9987852 ], [ 28.9323994, 40.998855 ], [ 28.9327617, 40.999237899999983 ] ] }, { "type": "LineString", "coordinates": [ [ 28.9272595, 40.9994044 ], [ 28.9276742, 40.9992106 ], [ 28.9278207, 40.999476699999988 ], [ 28.9282516, 40.9997592 ] ] }, { "type": "LineString", "coordinates": [ [ 28.9282516, 40.9997592 ], [ 28.9286321, 40.9999266 ] ] }, { "type": "LineString", "coordinates": [ [ 28.9282707, 40.996597 ], [ 28.9283488, 40.9965642 ], [ 28.9284448, 40.9965103 ], [ 28.9284504, 40.9964291 ], [ 28.9284317, 40.996318100000011 ] ] }, { "type": "LineString", "coordinates": [ [ 28.9280052, 40.9963174 ], [ 28.9280052, 40.996134199999986 ], [ 28.9278926, 40.995946 ], [ 28.9277071, 40.995772 ] ] }, { "type": "LineString", "coordinates": [ [ 28.9282707, 40.996597 ], [ 28.9281132, 40.9964288 ] ] }, { "type": "LineString", "coordinates": [ [ 28.930881, 41.000373699999983 ], [ 28.9311899, 41.0001713 ] ] }, { "type": "LineString", "coordinates": [ [ 28.9311899, 41.0001713 ], [ 28.9315692, 40.9999262 ] ] }, { "type": "LineString", "coordinates": [ [ 28.9295482, 40.9996384 ], [ 28.9296061, 41.0001058 ] ] }, { "type": "LineString", "coordinates": [ [ 28.9288365, 41.0003463 ], [ 28.9292698, 40.9997706 ], [ 28.9292589, 40.9997154 ] ] }, { "type": "LineString", "coordinates": [ [ 28.9288944, 40.9995399 ], [ 28.9287632, 40.9994775 ] ] }, { "type": "LineString", "coordinates": [ [ 28.9287632, 40.9994775 ], [ 28.9286618, 40.9994336 ], [ 28.9285381, 40.9993923 ], [ 28.9282516, 40.9997592 ] ] }, { "type": "LineString", "coordinates": [ [ 28.9282516, 40.9997592 ], [ 28.9279048, 41.0000753 ] ] }, { "type": "LineString", "coordinates": [ [ 28.9306032, 41.00015290000001 ], [ 28.930881, 41.000373699999983 ] ] }, { "type": "LineString", "coordinates": [ [ 28.9300316, 41.0018154 ], [ 28.9303241, 41.0016096 ] ] }, { "type": "LineString", "coordinates": [ [ 28.9303241, 41.0016096 ], [ 28.9305423, 41.0014683 ] ] }, { "type": "LineString", "coordinates": [ [ 28.9305423, 41.0014683 ], [ 28.9308359, 41.0012532 ] ] }, { "type": "LineString", "coordinates": [ [ 28.9308359, 41.0012532 ], [ 28.9310749, 41.001097 ] ] }, { "type": "LineString", "coordinates": [ [ 28.9310749, 41.001097 ], [ 28.9314409, 41.0008677 ] ] }, { "type": "LineString", "coordinates": [ [ 28.9314409, 41.0008677 ], [ 28.9317703, 41.000659 ] ] }, { "type": "LineString", "coordinates": [ [ 28.9302502, 41.0004075 ], [ 28.930785, 41.0008352 ] ] }, { "type": "LineString", "coordinates": [ [ 28.930785, 41.0008352 ], [ 28.9310749, 41.001097 ] ] }, { "type": "LineString", "coordinates": [ [ 28.9310749, 41.001097 ], [ 28.9315611, 41.0014609 ] ] }, { "type": "LineString", "coordinates": [ [ 28.9315611, 41.0014609 ], [ 28.9320278, 41.0018688 ] ] }, { "type": "LineString", "coordinates": [ [ 28.9320278, 41.0018688 ], [ 28.9325292, 41.0022879 ] ] }, { "type": "LineString", "coordinates": [ [ 28.9325292, 41.0022879 ], [ 28.9329999, 41.0026893 ] ] }, { "type": "LineString", "coordinates": [ [ 28.9329999, 41.0026893 ], [ 28.9333189, 41.0029443 ] ] }, { "type": "LineString", "coordinates": [ [ 28.9333189, 41.0029443 ], [ 28.933495, 41.0031105 ] ] }, { "type": "LineString", "coordinates": [ [ 28.9327238, 41.0006853 ], [ 28.9324608, 41.0008503 ] ] }, { "type": "LineString", "coordinates": [ [ 28.9324608, 41.0008503 ], [ 28.9322161, 41.0010201 ] ] }, { "type": "LineString", "coordinates": [ [ 28.9322161, 41.0010201 ], [ 28.9318774, 41.0012372 ] ] }, { "type": "LineString", "coordinates": [ [ 28.9318774, 41.0012372 ], [ 28.9315611, 41.0014609 ] ] }, { "type": "LineString", "coordinates": [ [ 28.9315611, 41.0014609 ], [ 28.931299, 41.0016404 ] ] }, { "type": "LineString", "coordinates": [ [ 28.931299, 41.0016404 ], [ 28.9310077, 41.0018469 ] ] }, { "type": "LineString", "coordinates": [ [ 28.9310077, 41.0018469 ], [ 28.9307614, 41.0019985 ] ] }, { "type": "LineString", "coordinates": [ [ 28.9307614, 41.0019985 ], [ 28.9305032, 41.0021736 ] ] }, { "type": "LineString", "coordinates": [ [ 28.9305032, 41.0021736 ], [ 28.9301952, 41.0023853 ] ] }, { "type": "LineString", "coordinates": [ [ 28.9297261, 40.9982554 ], [ 28.9298522, 40.998513899999985 ] ] }, { "type": "LineString", "coordinates": [ [ 28.9322161, 41.0010201 ], [ 28.9317703, 41.000659 ] ] }, { "type": "LineString", "coordinates": [ [ 28.9299618, 40.998696799999983 ], [ 28.9298522, 40.998513899999985 ] ] }, { "type": "LineString", "coordinates": [ [ 28.9261826, 41.0010118 ], [ 28.925681, 41.0010969 ] ] }, { "type": "LineString", "coordinates": [ [ 28.925681, 41.0010969 ], [ 28.9253618, 41.0011313 ] ] }, { "type": "LineString", "coordinates": [ [ 28.9253618, 41.0011313 ], [ 28.9250116, 41.0011518 ] ] }, { "type": "LineString", "coordinates": [ [ 28.9250116, 41.0011518 ], [ 28.9247074, 41.001185899999989 ] ] }, { "type": "LineString", "coordinates": [ [ 28.927714, 41.0017683 ], [ 28.9277046, 41.0011904 ] ] }, { "type": "LineString", "coordinates": [ [ 28.9277046, 41.0011904 ], [ 28.9278883, 41.001168199999988 ], [ 28.9281887, 41.0011783 ], [ 28.9283014, 41.0011945 ], [ 28.9284368, 41.001156 ], [ 28.9286836, 41.0010498 ] ] }, { "type": "LineString", "coordinates": [ [ 28.9272137, 41.0004216 ], [ 28.9270404, 41.0001694 ] ] }, { "type": "LineString", "coordinates": [ [ 28.927967, 41.000754199999989 ], [ 28.9276272, 41.0008473 ], [ 28.9275033, 41.0009085 ], [ 28.9275034, 41.0009729 ], [ 28.9275061, 41.0011874 ] ] }, { "type": "LineString", "coordinates": [ [ 28.9243991, 41.0015101 ], [ 28.9246829, 41.0013541 ], [ 28.9247074, 41.001185899999989 ] ] }, { "type": "LineString", "coordinates": [ [ 28.9247074, 41.001185899999989 ], [ 28.9246216, 41.0010159 ], [ 28.9246109, 41.0007811 ], [ 28.9246719, 41.0005468 ] ] }, { "type": "LineString", "coordinates": [ [ 28.9246719, 41.0005468 ], [ 28.9246967, 41.0000362 ], [ 28.9247263, 40.999873 ] ] }, { "type": "LineString", "coordinates": [ [ 28.9246719, 41.0005468 ], [ 28.9251681, 41.0004067 ] ] }, { "type": "LineString", "coordinates": [ [ 28.9251681, 41.0004067 ], [ 28.9261947, 41.0000897 ] ] }, { "type": "LineString", "coordinates": [ [ 28.9253618, 41.0011313 ], [ 28.9253796, 41.0007472 ] ] }, { "type": "LineString", "coordinates": [ [ 28.9253796, 41.0007472 ], [ 28.9251681, 41.0004067 ] ] }, { "type": "LineString", "coordinates": [ [ 28.9272137, 41.0004216 ], [ 28.926889, 41.000507 ], [ 28.9265099, 41.0005919 ] ] }, { "type": "LineString", "coordinates": [ [ 28.9265393, 41.0015668 ], [ 28.926349, 41.001313499999988 ], [ 28.9262336, 41.0011576 ], [ 28.9261826, 41.0010118 ] ] }, { "type": "LineString", "coordinates": [ [ 28.9261826, 41.0010118 ], [ 28.9260606, 41.000633699999987 ] ] }, { "type": "LineString", "coordinates": [ [ 28.9232661, 41.0011521 ], [ 28.9238598, 41.0009026 ] ] }, { "type": "LineString", "coordinates": [ [ 28.9272556, 41.0032553 ], [ 28.9271765, 41.0032118 ], [ 28.9270478, 41.003082300000017 ], [ 28.9269575, 41.0029254 ] ] }, { "type": "LineString", "coordinates": [ [ 28.9269575, 41.0029254 ], [ 28.9267903, 41.002558 ], [ 28.9267474, 41.0024548 ], [ 28.9267138, 41.0021643 ] ] }, { "type": "LineString", "coordinates": [ [ 28.9267138, 41.0021643 ], [ 28.9267242, 41.002021 ] ] }, { "type": "LineString", "coordinates": [ [ 28.9267242, 41.002021 ], [ 28.9268392, 41.001720900000016 ] ] }, { "type": "LineString", "coordinates": [ [ 28.9268392, 41.001720900000016 ], [ 28.9268425, 41.0016309 ], [ 28.9267795, 41.0014305 ], [ 28.9268035, 41.0013317 ] ] }, { "type": "LineString", "coordinates": [ [ 28.9268035, 41.0013317 ], [ 28.9266534, 41.0012041 ], [ 28.926534, 41.0010655 ], [ 28.9265206, 41.0009268 ] ] }, { "type": "LineString", "coordinates": [ [ 28.9251957, 40.9996535 ], [ 28.9253619, 40.999688 ], [ 28.9255335, 40.9997447 ], [ 28.9256784, 40.999825599999987 ], [ 28.9258447, 40.9999228 ], [ 28.9261947, 41.0000897 ] ] }, { "type": "LineString", "coordinates": [ [ 28.9265475, 40.998947 ], [ 28.9276123, 40.9987122 ], [ 28.9278998, 40.99864 ] ] }, { "type": "LineString", "coordinates": [ [ 28.9278998, 40.99864 ], [ 28.9286199, 40.9984874 ] ] }, { "type": "LineString", "coordinates": [ [ 28.9286199, 40.9984874 ], [ 28.928956, 40.9984086 ], [ 28.9292789, 40.9983415 ] ] }, { "type": "LineString", "coordinates": [ [ 28.9292789, 40.9983415 ], [ 28.9297261, 40.9982554 ] ] }, { "type": "LineString", "coordinates": [ [ 28.9297261, 40.9982554 ], [ 28.9300559, 40.9981835 ] ] }, { "type": "LineString", "coordinates": [ [ 28.9256394, 40.9992395 ], [ 28.9254424, 40.9994248 ], [ 28.9253623, 40.999499 ] ] }, { "type": "LineString", "coordinates": [ [ 28.9253623, 40.999499 ], [ 28.9251957, 40.9996535 ] ] }, { "type": "LineString", "coordinates": [ [ 28.9251957, 40.9996535 ], [ 28.9248201, 40.999821499999989 ], [ 28.9247263, 40.999873 ] ] }, { "type": "LineString", "coordinates": [ [ 28.9247263, 40.999873 ], [ 28.9244661, 41.0000159 ], [ 28.9242837, 41.000113 ], [ 28.9241545, 41.0001373 ] ] }, { "type": "LineString", "coordinates": [ [ 28.9342243, 41.0029482 ], [ 28.934668, 41.0020168 ] ] }, { "type": "LineString", "coordinates": [ [ 28.9350274, 41.0034893 ], [ 28.9347669, 41.0034426 ], [ 28.9347798, 41.0033563 ], [ 28.9344152, 41.00326960000001 ], [ 28.934332, 41.0034533 ], [ 28.9342177, 41.0035448 ], [ 28.9339034, 41.0035066 ] ] }, { "type": "LineString", "coordinates": [ [ 28.9343329, 41.0055368 ], [ 28.9343388, 41.0053899 ], [ 28.9343531, 41.0052429 ], [ 28.9344445, 41.0047249 ] ] }, { "type": "LineString", "coordinates": [ [ 28.9346357, 41.0040645 ], [ 28.9345548, 41.0042419 ], [ 28.9343215, 41.0041933 ] ] }, { "type": "LineString", "coordinates": [ [ 28.9343215, 41.0041933 ], [ 28.9337025, 41.0040166 ] ] }, { "type": "LineString", "coordinates": [ [ 28.9339766, 41.0029803 ], [ 28.9342243, 41.0029482 ] ] }, { "type": "LineString", "coordinates": [ [ 28.9342243, 41.0029482 ], [ 28.9343765, 41.002886699999983 ], [ 28.9345092, 41.0029039 ], [ 28.934638, 41.0029849 ], [ 28.9348096, 41.0030982 ], [ 28.9351207, 41.0032414 ] ] }, { "type": "LineString", "coordinates": [ [ 28.9303241, 41.0016096 ], [ 28.9307614, 41.0019985 ] ] }, { "type": "LineString", "coordinates": [ [ 28.9307614, 41.0019985 ], [ 28.9312264, 41.0023862 ] ] }, { "type": "LineString", "coordinates": [ [ 28.9312264, 41.0023862 ], [ 28.9315599, 41.0026558 ] ] }, { "type": "LineString", "coordinates": [ [ 28.9315599, 41.0026558 ], [ 28.9317253, 41.0028018 ] ] }, { "type": "LineString", "coordinates": [ [ 28.9317253, 41.0028018 ], [ 28.9321894, 41.003211 ] ] }, { "type": "LineString", "coordinates": [ [ 28.9321894, 41.003211 ], [ 28.9324895, 41.0034484 ] ] }, { "type": "LineString", "coordinates": [ [ 28.9317057, 41.0038354 ], [ 28.931865, 41.0035779 ] ] }, { "type": "LineString", "coordinates": [ [ 28.931865, 41.0035779 ], [ 28.9319879, 41.0033673 ] ] }, { "type": "LineString", "coordinates": [ [ 28.9319879, 41.0033673 ], [ 28.9320457, 41.0033134 ], [ 28.9321894, 41.003211 ] ] }, { "type": "LineString", "coordinates": [ [ 28.9321894, 41.003211 ], [ 28.9324568, 41.0030591 ] ] }, { "type": "LineString", "coordinates": [ [ 28.9324568, 41.0030591 ], [ 28.9327431, 41.0028634 ] ] }, { "type": "LineString", "coordinates": [ [ 28.9327431, 41.0028634 ], [ 28.9329999, 41.0026893 ] ] }, { "type": "LineString", "coordinates": [ [ 28.9329999, 41.0026893 ], [ 28.933324, 41.0024978 ] ] }, { "type": "LineString", "coordinates": [ [ 28.9334849, 41.0026088 ], [ 28.9338899, 41.0021768 ], [ 28.933594, 41.0020787 ] ] }, { "type": "LineString", "coordinates": [ [ 28.9324608, 41.0008503 ], [ 28.9329303, 41.001298 ] ] }, { "type": "LineString", "coordinates": [ [ 28.9370442, 41.0079633 ], [ 28.9372415, 41.0083345 ], [ 28.937375, 41.0086112 ] ] }, { "type": "LineString", "coordinates": [ [ 28.937375, 41.0086112 ], [ 28.9375516, 41.0089397 ] ] }, { "type": "LineString", "coordinates": [ [ 28.9375516, 41.0089397 ], [ 28.9378088, 41.0094532 ] ] }, { "type": "LineString", "coordinates": [ [ 28.9378088, 41.0094532 ], [ 28.9380497, 41.0099806 ] ] }, { "type": "LineString", "coordinates": [ [ 28.9385352, 41.0109898 ], [ 28.9387954, 41.0115305 ], [ 28.9388535, 41.011646 ] ] }, { "type": "LineString", "coordinates": [ [ 28.9388535, 41.011646 ], [ 28.9390169, 41.011962 ] ] }, { "type": "LineString", "coordinates": [ [ 28.9384594, 41.0110059 ], [ 28.9382055, 41.0104749 ] ] }, { "type": "LineString", "coordinates": [ [ 28.9328254, 41.0020976 ], [ 28.9325292, 41.0022879 ] ] }, { "type": "LineString", "coordinates": [ [ 28.9325292, 41.0022879 ], [ 28.9322869, 41.002465 ] ] }, { "type": "LineString", "coordinates": [ [ 28.9322869, 41.002465 ], [ 28.931971, 41.0026726 ] ] }, { "type": "LineString", "coordinates": [ [ 28.931971, 41.0026726 ], [ 28.9317253, 41.0028018 ] ] }, { "type": "LineString", "coordinates": [ [ 28.9317253, 41.0028018 ], [ 28.9315749, 41.00291 ], [ 28.9314109, 41.0031404 ] ] }, { "type": "LineString", "coordinates": [ [ 28.9314109, 41.0031404 ], [ 28.9312486, 41.0034146 ] ] }, { "type": "LineString", "coordinates": [ [ 28.9312486, 41.0034146 ], [ 28.9311367, 41.0036547 ] ] }, { "type": "LineString", "coordinates": [ [ 28.9338055, 41.0029082 ], [ 28.933495, 41.0031105 ] ] }, { "type": "LineString", "coordinates": [ [ 28.933495, 41.0031105 ], [ 28.933271, 41.0032742 ] ] }, { "type": "LineString", "coordinates": [ [ 28.9370051, 41.0023328 ], [ 28.936881, 41.0026275 ], [ 28.9367156, 41.0030422 ], [ 28.9366108, 41.0032878 ], [ 28.9365516, 41.0033599 ] ] }, { "type": "LineString", "coordinates": [ [ 28.9367887, 41.0027185 ], [ 28.9362044, 41.0025557 ], [ 28.9354521, 41.002331 ] ] }, { "type": "LineString", "coordinates": [ [ 28.9354521, 41.002331 ], [ 28.9350537, 41.0021752 ], [ 28.934668, 41.0020168 ] ] }, { "type": "LineString", "coordinates": [ [ 28.934668, 41.0020168 ], [ 28.9338328, 41.0017001 ] ] }, { "type": "LineString", "coordinates": [ [ 28.9354521, 41.002331 ], [ 28.9357716, 41.001877 ] ] }, { "type": "LineString", "coordinates": [ [ 28.9350081, 41.0015496 ], [ 28.934668, 41.0020168 ] ] }, { "type": "LineString", "coordinates": [ [ 28.9339164, 41.0033958 ], [ 28.9333813, 41.0033992 ] ] }, { "type": "LineString", "coordinates": [ [ 28.9333813, 41.0033992 ], [ 28.9327921, 41.003399 ] ] }, { "type": "LineString", "coordinates": [ [ 28.9327921, 41.003399 ], [ 28.9326145, 41.003403 ], [ 28.9324895, 41.0034484 ] ] }, { "type": "LineString", "coordinates": [ [ 28.9304646, 41.014382 ], [ 28.9303593, 41.0143668 ], [ 28.9301334, 41.0143663 ] ] }, { "type": "LineString", "coordinates": [ [ 28.9301334, 41.0143663 ], [ 28.9298082, 41.0143866 ], [ 28.9292213, 41.0144221 ], [ 28.9289035, 41.0144311 ] ] }, { "type": "LineString", "coordinates": [ [ 28.943388, 41.000249 ], [ 28.9433108, 41.0002561 ], [ 28.9426491, 41.0003698 ], [ 28.9425935, 41.0003893 ] ] }, { "type": "LineString", "coordinates": [ [ 28.9432295, 41.001104599999984 ], [ 28.943250228625747, 41.001138048477884 ] ] }, { "type": "LineString", "coordinates": [ [ 28.943250228625747, 41.001138048477884 ], [ 28.9432647, 41.0011614 ] ] }, { "type": "LineString", "coordinates": [ [ 28.9432932, 41.0012162 ], [ 28.943303110204784, 41.001242521154083 ] ] }, { "type": "LineString", "coordinates": [ [ 28.943303110204784, 41.001242521154083 ], [ 28.943315, 41.0012741 ], [ 28.943326489887667, 41.001341138137633 ] ] }, { "type": "LineString", "coordinates": [ [ 28.943326489887667, 41.001341138137633 ], [ 28.9433289, 41.0013552 ], [ 28.9433194, 41.0014253 ] ] }, { "type": "LineString", "coordinates": [ [ 28.9436426, 41.0002788 ], [ 28.9436495, 41.0002913 ], [ 28.9436696, 41.0003545 ], [ 28.943683, 41.0003949 ], [ 28.9437098, 41.0004555 ], [ 28.9437433, 41.0005238 ], [ 28.9437552, 41.0005393 ], [ 28.9437801, 41.0005718 ], [ 28.9438337, 41.0006451 ], [ 28.9438772, 41.0006956 ], [ 28.9439341, 41.0007234 ], [ 28.9440011, 41.0007411 ], [ 28.9441216, 41.000748699999988 ], [ 28.9444365, 41.0007422 ], [ 28.9446495, 41.0007572 ], [ 28.9449142, 41.00078030000001 ], [ 28.9450826, 41.0008169 ], [ 28.9453368, 41.0008959 ] ] }, { "type": "LineString", "coordinates": [ [ 28.9495044, 41.0015839 ], [ 28.949873, 41.0016398 ], [ 28.9500187, 41.0016579 ], [ 28.9501739, 41.0016732 ], [ 28.9505125, 41.0016991 ] ] }, { "type": "LineString", "coordinates": [ [ 28.9505125, 41.0016991 ], [ 28.9507021, 41.0017149 ], [ 28.9507904, 41.001724 ] ] }, { "type": "LineString", "coordinates": [ [ 28.9534922, 41.0086355 ], [ 28.953481495206546, 41.008985370670217 ] ] }, { "type": "LineString", "coordinates": [ [ 28.953481495206546, 41.008985370670217 ], [ 28.9534704, 41.009348 ] ] }, { "type": "LineString", "coordinates": [ [ 28.9305656, 41.014268 ], [ 28.9308141, 41.01436360000001 ], [ 28.9310449, 41.0144049 ], [ 28.9313575, 41.0144188 ], [ 28.9318996, 41.0143288 ] ] }, { "type": "LineString", "coordinates": [ [ 28.9318996, 41.0143288 ], [ 28.9323456, 41.0141316 ] ] }, { "type": "LineString", "coordinates": [ [ 28.9323456, 41.0141316 ], [ 28.9327598, 41.0138859 ] ] }, { "type": "LineString", "coordinates": [ [ 28.9550649, 41.0027586 ], [ 28.9549449, 41.002696 ], [ 28.9548467, 41.0026719 ], [ 28.9547133, 41.0026476 ] ] }, { "type": "LineString", "coordinates": [ [ 28.9537907, 41.0035589 ], [ 28.9537483, 41.0035974 ], [ 28.9537183, 41.0036293 ], [ 28.9536761, 41.003681599999986 ], [ 28.9536551, 41.0037491 ], [ 28.9536558, 41.0038919 ] ] }, { "type": "LineString", "coordinates": [ [ 28.9538585, 41.0036251 ], [ 28.9537906, 41.0036741 ], [ 28.9537415, 41.0037298 ], [ 28.953692, 41.0038065 ], [ 28.9536558, 41.0038919 ] ] }, { "type": "LineString", "coordinates": [ [ 28.9542895, 41.0036144 ], [ 28.9542179, 41.0036033 ], [ 28.9541394, 41.003593199999983 ], [ 28.9540661, 41.0035905 ], [ 28.953974, 41.00359370000001 ], [ 28.9539118, 41.0036061 ], [ 28.9538585, 41.0036251 ] ] }, { "type": "LineString", "coordinates": [ [ 28.9540534, 40.9985138 ], [ 28.9539084, 40.9987761 ] ] }, { "type": "LineString", "coordinates": [ [ 28.9521438, 41.002589499999985 ], [ 28.9520747, 41.0026992 ], [ 28.9522431, 41.0027886 ] ] }, { "type": "LineString", "coordinates": [ [ 28.9588114, 41.005564 ], [ 28.9586791, 41.0050772 ] ] }, { "type": "LineString", "coordinates": [ [ 28.9586791, 41.0050772 ], [ 28.958525, 41.0047475 ] ] }, { "type": "LineString", "coordinates": [ [ 28.9534954, 41.0050951 ], [ 28.953495919469066, 41.00506096779911 ] ] }, { "type": "LineString", "coordinates": [ [ 28.953495919469066, 41.00506096779911 ], [ 28.9534988, 41.0048717 ] ] }, { "type": "LineString", "coordinates": [ [ 28.9291452, 41.0070658 ], [ 28.9298656, 41.0071284 ] ] }, { "type": "LineString", "coordinates": [ [ 28.9298656, 41.0071284 ], [ 28.9300964, 41.0071551 ], [ 28.9306261, 41.0072162 ], [ 28.9310052, 41.0072628 ] ] }, { "type": "LineString", "coordinates": [ [ 28.9310052, 41.0072628 ], [ 28.931132, 41.0072843 ], [ 28.9312425, 41.007303 ] ] }, { "type": "LineString", "coordinates": [ [ 28.9249995, 41.0049406 ], [ 28.9241449, 41.0049666 ] ] }, { "type": "LineString", "coordinates": [ [ 28.9241449, 41.0049666 ], [ 28.923805, 41.0049961 ], [ 28.9236039, 41.0050478 ], [ 28.9233611, 41.0051459 ], [ 28.9232854, 41.005192 ] ] }, { "type": "LineString", "coordinates": [ [ 28.9232854, 41.005192 ], [ 28.923274, 41.0056692 ] ] }, { "type": "LineString", "coordinates": [ [ 28.923274, 41.0056692 ], [ 28.922978, 41.0064206 ] ] }, { "type": "LineString", "coordinates": [ [ 28.923274, 41.0056692 ], [ 28.9242305, 41.005732 ] ] }, { "type": "LineString", "coordinates": [ [ 28.9242305, 41.005732 ], [ 28.9250397, 41.0057863 ] ] }, { "type": "LineString", "coordinates": [ [ 28.9240197, 41.0066414 ], [ 28.924119, 41.006275 ], [ 28.9241597, 41.0058904 ], [ 28.9242305, 41.005732 ] ] }, { "type": "LineString", "coordinates": [ [ 28.9242305, 41.005732 ], [ 28.9241449, 41.0049666 ] ] }, { "type": "LineString", "coordinates": [ [ 28.9241449, 41.0049666 ], [ 28.9240115, 41.0046288 ], [ 28.9239957, 41.004395 ], [ 28.923919, 41.0038568 ], [ 28.9247032, 41.0036851 ] ] }, { "type": "LineString", "coordinates": [ [ 28.9219715, 41.0059905 ], [ 28.9219406, 41.0057701 ], [ 28.9218443, 41.005317 ] ] }, { "type": "LineString", "coordinates": [ [ 28.9293969, 41.0027434 ], [ 28.9293855, 41.0025012 ] ] }, { "type": "LineString", "coordinates": [ [ 28.9274018, 41.0014609 ], [ 28.9274164, 41.0017522 ] ] }, { "type": "LineString", "coordinates": [ [ 28.9301622, 41.0029455 ], [ 28.9295962, 41.0028091 ] ] }, { "type": "LineString", "coordinates": [ [ 28.9295962, 41.0028091 ], [ 28.9293969, 41.0027434 ] ] }, { "type": "LineString", "coordinates": [ [ 28.9293969, 41.0027434 ], [ 28.9290648, 41.0026613 ], [ 28.9277891, 41.0023256 ] ] }, { "type": "LineString", "coordinates": [ [ 28.9277891, 41.0023256 ], [ 28.9276639, 41.0025638 ] ] }, { "type": "LineString", "coordinates": [ [ 28.9276639, 41.0025638 ], [ 28.9274536, 41.002963800000011 ] ] }, { "type": "LineString", "coordinates": [ [ 28.9274536, 41.002963800000011 ], [ 28.9274022, 41.003119 ], [ 28.9272556, 41.0032553 ] ] }, { "type": "LineString", "coordinates": [ [ 28.9285565, 41.0016459 ], [ 28.9288569, 41.0017147 ], [ 28.9292018, 41.0017272 ], [ 28.929317, 41.0020884 ] ] }, { "type": "LineString", "coordinates": [ [ 28.9268392, 41.001720900000016 ], [ 28.9274164, 41.0017522 ] ] }, { "type": "LineString", "coordinates": [ [ 28.9274164, 41.0017522 ], [ 28.927714, 41.0017683 ] ] }, { "type": "LineString", "coordinates": [ [ 28.927714, 41.0017683 ], [ 28.92778, 41.0018119 ], [ 28.9281187, 41.0018436 ] ] }, { "type": "LineString", "coordinates": [ [ 28.9252614, 41.0027911 ], [ 28.9250654, 41.0031176 ], [ 28.9250083, 41.0034641 ], [ 28.9246775, 41.003513399999989 ] ] }, { "type": "LineString", "coordinates": [ [ 28.9258182, 41.002187099999986 ], [ 28.9256275, 41.0019781 ], [ 28.9255028, 41.0018354 ], [ 28.9252775, 41.0015439 ], [ 28.9250116, 41.0011518 ] ] }, { "type": "LineString", "coordinates": [ [ 28.9257486, 41.0083964 ], [ 28.9255428, 41.0078925 ], [ 28.9254265, 41.0076574 ], [ 28.9253813, 41.0075789 ] ] }, { "type": "LineString", "coordinates": [ [ 28.9253813, 41.0075789 ], [ 28.9253294, 41.0075427 ], [ 28.9253099, 41.0074826 ] ] }, { "type": "LineString", "coordinates": [ [ 28.9253099, 41.0074826 ], [ 28.9249946, 41.006767599999989 ] ] }, { "type": "LineString", "coordinates": [ [ 28.9269575, 41.0029254 ], [ 28.926691, 41.0032057 ], [ 28.9264269, 41.0035101 ] ] }, { "type": "LineString", "coordinates": [ [ 28.9267138, 41.0021643 ], [ 28.9263008, 41.0023435 ], [ 28.9258569, 41.00259650000001 ], [ 28.9254333, 41.0029065 ] ] }, { "type": "LineString", "coordinates": [ [ 28.9274476, 41.0106703 ], [ 28.9280671, 41.0107191 ] ] }, { "type": "LineString", "coordinates": [ [ 28.9280671, 41.0107191 ], [ 28.9281705, 41.010731099999987 ], [ 28.9288845, 41.0107758 ] ] }, { "type": "LineString", "coordinates": [ [ 28.9289616, 41.0105176 ], [ 28.9283958, 41.0104316 ], [ 28.9280265, 41.0104145 ] ] }, { "type": "LineString", "coordinates": [ [ 28.9280265, 41.0104145 ], [ 28.9278379, 41.0104073 ], [ 28.9274342, 41.0104033 ] ] }, { "type": "LineString", "coordinates": [ [ 28.9280671, 41.0107191 ], [ 28.9280317, 41.0109411 ] ] }, { "type": "LineString", "coordinates": [ [ 28.9280317, 41.0109411 ], [ 28.9279883, 41.0110545 ], [ 28.9279675, 41.0111896 ], [ 28.9279392, 41.0114607 ], [ 28.9274195, 41.0114068 ] ] }, { "type": "LineString", "coordinates": [ [ 28.9288763, 41.0109452 ], [ 28.9284192, 41.010986699999989 ], [ 28.9282089, 41.0109693 ], [ 28.9280317, 41.0109411 ] ] }, { "type": "LineString", "coordinates": [ [ 28.9257699, 41.0074681 ], [ 28.9255059, 41.0067077 ] ] }, { "type": "LineString", "coordinates": [ [ 28.9287633, 41.0116338 ], [ 28.9288441, 41.011122 ] ] }, { "type": "LineString", "coordinates": [ [ 28.9288441, 41.011122 ], [ 28.9288763, 41.0109452 ] ] }, { "type": "LineString", "coordinates": [ [ 28.9288763, 41.0109452 ], [ 28.9288845, 41.0107758 ] ] }, { "type": "LineString", "coordinates": [ [ 28.9288845, 41.0107758 ], [ 28.928921, 41.0106148 ] ] }, { "type": "LineString", "coordinates": [ [ 28.928921, 41.0106148 ], [ 28.9289616, 41.0105176 ] ] }, { "type": "LineString", "coordinates": [ [ 28.9289616, 41.0105176 ], [ 28.9290355, 41.01036280000001 ], [ 28.9291396, 41.0102098 ] ] }, { "type": "LineString", "coordinates": [ [ 28.9291396, 41.0102098 ], [ 28.9297971, 41.009562899999985 ] ] }, { "type": "LineString", "coordinates": [ [ 28.9297971, 41.009562899999985 ], [ 28.9301835, 41.0093032 ], [ 28.9304408, 41.0092641 ] ] }, { "type": "LineString", "coordinates": [ [ 28.9304408, 41.0092641 ], [ 28.9309385, 41.009403399999989 ], [ 28.9311746, 41.0094843 ], [ 28.9312285, 41.0095043 ] ] }, { "type": "LineString", "coordinates": [ [ 28.9312285, 41.0095043 ], [ 28.9313595, 41.0095701 ] ] }, { "type": "LineString", "coordinates": [ [ 28.9299817, 41.0107835 ], [ 28.9298656, 41.0107068 ], [ 28.9294901, 41.0104073 ], [ 28.9291396, 41.0102098 ] ] }, { "type": "LineString", "coordinates": [ [ 28.9291396, 41.0102098 ], [ 28.9286533, 41.0099701 ], [ 28.9285782, 41.009881 ], [ 28.9285011, 41.0097635 ] ] }, { "type": "LineString", "coordinates": [ [ 28.9285011, 41.0097635 ], [ 28.9283254, 41.009357799999989 ] ] }, { "type": "LineString", "coordinates": [ [ 28.9288441, 41.011122 ], [ 28.9292004, 41.0112573 ] ] }, { "type": "LineString", "coordinates": [ [ 28.928921, 41.0106148 ], [ 28.9290699, 41.0106639 ], [ 28.92949, 41.0108379 ], [ 28.9299817, 41.0111049 ] ] }, { "type": "LineString", "coordinates": [ [ 28.9285011, 41.0097635 ], [ 28.9288812, 41.0096577 ], [ 28.9292654, 41.0095626 ], [ 28.9294849, 41.0094966 ], [ 28.9296081, 41.0094201 ] ] }, { "type": "LineString", "coordinates": [ [ 28.92888, 41.0090963 ], [ 28.9285182, 41.008852 ] ] }, { "type": "LineString", "coordinates": [ [ 28.9285182, 41.008852 ], [ 28.9280709, 41.0084831 ] ] }, { "type": "LineString", "coordinates": [ [ 28.9272621, 41.0086729 ], [ 28.9277534, 41.0086171 ], [ 28.9278632, 41.0086279 ] ] }, { "type": "LineString", "coordinates": [ [ 28.9285182, 41.008852 ], [ 28.928246, 41.0090336 ] ] }, { "type": "LineString", "coordinates": [ [ 28.928246, 41.0090336 ], [ 28.9281904, 41.0089882 ], [ 28.9276859, 41.0092528 ], [ 28.9277323, 41.0095603 ] ] }, { "type": "LineString", "coordinates": [ [ 28.9302297, 41.007483 ], [ 28.9303917, 41.0074684 ], [ 28.930543, 41.0075165 ], [ 28.9305801, 41.007627 ], [ 28.9305844, 41.0077569 ], [ 28.9306072, 41.0078307 ], [ 28.9307744, 41.0078374 ], [ 28.9312677, 41.0078344 ] ] }, { "type": "LineString", "coordinates": [ [ 28.9298442, 41.0081242 ], [ 28.9298334, 41.0085128 ] ] }, { "type": "LineString", "coordinates": [ [ 28.9273767, 41.0116681 ], [ 28.9274195, 41.0114068 ] ] }, { "type": "LineString", "coordinates": [ [ 28.9274195, 41.0114068 ], [ 28.9274476, 41.0106703 ] ] }, { "type": "LineString", "coordinates": [ [ 28.9274476, 41.0106703 ], [ 28.9274342, 41.0104033 ] ] }, { "type": "LineString", "coordinates": [ [ 28.9274342, 41.0104033 ], [ 28.9273966, 41.010239199999987 ], [ 28.9273421, 41.0096157 ] ] }, { "type": "LineString", "coordinates": [ [ 28.9273421, 41.0096157 ], [ 28.9273447, 41.0092538 ], [ 28.9273309, 41.0090684 ], [ 28.9273012, 41.0089403 ] ] }, { "type": "LineString", "coordinates": [ [ 28.9273012, 41.0089403 ], [ 28.9272621, 41.0086729 ] ] }, { "type": "LineString", "coordinates": [ [ 28.9272621, 41.0086729 ], [ 28.9272155, 41.0083763 ] ] }, { "type": "LineString", "coordinates": [ [ 28.9268508, 41.0089986 ], [ 28.926706, 41.0084147 ] ] }, { "type": "LineString", "coordinates": [ [ 28.926406, 41.0096231 ], [ 28.9259925, 41.0097049 ], [ 28.9256447, 41.009786699999985 ] ] }, { "type": "LineString", "coordinates": [ [ 28.9256447, 41.009786699999985 ], [ 28.9252773, 41.00987 ], [ 28.9251203, 41.0099124 ], [ 28.9248828, 41.0099747 ] ] }, { "type": "LineString", "coordinates": [ [ 28.9248828, 41.0099747 ], [ 28.9244628, 41.0100675 ] ] }, { "type": "LineString", "coordinates": [ [ 28.9248828, 41.0099747 ], [ 28.9250182, 41.010303 ], [ 28.9251295, 41.0103694 ], [ 28.9255266, 41.0103322 ] ] }, { "type": "LineString", "coordinates": [ [ 28.9257849, 41.0100478 ], [ 28.9256447, 41.009786699999985 ] ] }, { "type": "LineString", "coordinates": [ [ 28.9255266, 41.0103322 ], [ 28.9262385, 41.0104722 ] ] }, { "type": "LineString", "coordinates": [ [ 28.9262385, 41.0104722 ], [ 28.9263641, 41.0105106 ], [ 28.9265851, 41.0105145 ], [ 28.9267192, 41.0105167 ], [ 28.9268536, 41.0107075 ], [ 28.9269027, 41.0107707 ], [ 28.9269474, 41.0108242 ], [ 28.9270882, 41.0116206 ] ] }, { "type": "LineString", "coordinates": [ [ 28.9242885, 41.0095135 ], [ 28.9243851, 41.0095018 ], [ 28.9244843, 41.0094932 ], [ 28.9249879, 41.00942160000001 ], [ 28.9257043, 41.0093887 ] ] }, { "type": "LineString", "coordinates": [ [ 28.9257043, 41.0093887 ], [ 28.925803, 41.0093842 ], [ 28.9260233, 41.0093729 ], [ 28.9263284, 41.0093103 ] ] }, { "type": "LineString", "coordinates": [ [ 28.9229212, 41.0101827 ], [ 28.9238133, 41.0101249 ] ] }, { "type": "LineString", "coordinates": [ [ 28.924861, 41.011465299999983 ], [ 28.9258566, 41.0114109 ] ] }, { "type": "LineString", "coordinates": [ [ 28.9234117, 41.0121514 ], [ 28.9240676, 41.012105399999989 ], [ 28.9249551, 41.0120788 ] ] }, { "type": "LineString", "coordinates": [ [ 28.9252937, 41.0122823 ], [ 28.9249304, 41.0123745 ], [ 28.9244981, 41.0124293 ], [ 28.9240073, 41.0124528 ], [ 28.923738, 41.012474299999987 ], [ 28.9235451, 41.0125053 ] ] }, { "type": "LineString", "coordinates": [ [ 28.9259491, 41.0119032 ], [ 28.9258566, 41.0114109 ] ] }, { "type": "LineString", "coordinates": [ [ 28.9258566, 41.0114109 ], [ 28.925853, 41.0111115 ] ] }, { "type": "LineString", "coordinates": [ [ 28.925853, 41.0111115 ], [ 28.9258408, 41.0110387 ], [ 28.9258623, 41.010990200000016 ], [ 28.926109, 41.0108283 ], [ 28.9261734, 41.0107068 ], [ 28.9262385, 41.0104722 ] ] }, { "type": "LineString", "coordinates": [ [ 28.9262385, 41.0104722 ], [ 28.92627, 41.0103587 ], [ 28.9264202, 41.0098648 ] ] }, { "type": "LineString", "coordinates": [ [ 28.9242552, 41.0117756 ], [ 28.9242505, 41.011529 ], [ 28.9242096, 41.0113977 ], [ 28.9241796, 41.011262 ], [ 28.9241854, 41.0112305 ] ] }, { "type": "LineString", "coordinates": [ [ 28.9241854, 41.0112305 ], [ 28.9240612, 41.0106937 ] ] }, { "type": "LineString", "coordinates": [ [ 28.9232413, 41.0112019 ], [ 28.9241854, 41.0112305 ] ] }, { "type": "LineString", "coordinates": [ [ 28.9241854, 41.0112305 ], [ 28.9248381, 41.011212599999986 ] ] }, { "type": "LineString", "coordinates": [ [ 28.9248381, 41.011212599999986 ], [ 28.925853, 41.0111115 ] ] }, { "type": "LineString", "coordinates": [ [ 28.9260228, 41.0083488 ], [ 28.9257486, 41.0083964 ] ] }, { "type": "LineString", "coordinates": [ [ 28.928774, 41.0084137 ], [ 28.9282241, 41.0084318 ], [ 28.9280063, 41.0084018 ] ] }, { "type": "LineString", "coordinates": [ [ 28.9280063, 41.0084018 ], [ 28.9279017, 41.0083527 ] ] }, { "type": "LineString", "coordinates": [ [ 28.9279017, 41.0083527 ], [ 28.9278355, 41.0083216 ] ] }, { "type": "LineString", "coordinates": [ [ 28.9278355, 41.0083216 ], [ 28.927803, 41.0083063 ], [ 28.9276072, 41.0081779 ], [ 28.9274087, 41.0080432 ], [ 28.9272156, 41.0077761 ], [ 28.9271767, 41.007644 ] ] }, { "type": "LineString", "coordinates": [ [ 28.9271767, 41.007644 ], [ 28.9271512, 41.0075575 ], [ 28.9270547, 41.0069907 ] ] }, { "type": "LineString", "coordinates": [ [ 28.9271767, 41.007644 ], [ 28.9286472, 41.00749350000001 ] ] }, { "type": "LineString", "coordinates": [ [ 28.9282388, 41.008094799999988 ], [ 28.9280149, 41.008098899999986 ], [ 28.9279974, 41.0081687 ], [ 28.9279769, 41.0082255 ], [ 28.9279017, 41.0083527 ] ] }, { "type": "LineString", "coordinates": [ [ 28.9253813, 41.0075789 ], [ 28.9257699, 41.0074681 ] ] }, { "type": "LineString", "coordinates": [ [ 28.9257699, 41.0074681 ], [ 28.9264552, 41.0073156 ], [ 28.9266013, 41.0072498 ], [ 28.9267597, 41.0071446 ] ] }, { "type": "LineString", "coordinates": [ [ 28.9244302, 41.0077609 ], [ 28.9243725, 41.0075251 ], [ 28.9243644, 41.0074057 ], [ 28.9244073, 41.007096 ], [ 28.9244969, 41.006733399999987 ] ] }, { "type": "LineString", "coordinates": [ [ 28.9246048, 41.0106147 ], [ 28.9244628, 41.0100675 ] ] }, { "type": "LineString", "coordinates": [ [ 28.9244628, 41.0100675 ], [ 28.9243278, 41.0095887 ], [ 28.9242885, 41.0095135 ] ] }, { "type": "LineString", "coordinates": [ [ 28.9242885, 41.0095135 ], [ 28.9242504, 41.0094032 ], [ 28.9241726, 41.0091615 ] ] }, { "type": "LineString", "coordinates": [ [ 28.9241726, 41.0091615 ], [ 28.9239219, 41.0085128 ], [ 28.923686, 41.0079723 ] ] }, { "type": "LineString", "coordinates": [ [ 28.923686, 41.0079723 ], [ 28.9235611, 41.0079795 ], [ 28.9230394, 41.0079987 ], [ 28.922984, 41.0079846 ], [ 28.9229397, 41.007956299999989 ], [ 28.9229067, 41.0079066 ], [ 28.9227735, 41.0075865 ], [ 28.9227578, 41.0075488 ], [ 28.9227101, 41.0074342 ], [ 28.9226157, 41.0072072 ], [ 28.9225864, 41.0071369 ], [ 28.9225216, 41.0069811 ], [ 28.922431, 41.0067634 ], [ 28.9223947, 41.0066762 ], [ 28.9226206, 41.006440499999989 ], [ 28.9227081, 41.0063492 ] ] }, { "type": "LineString", "coordinates": [ [ 28.9309117, 41.0113444 ], [ 28.9304963, 41.0114649 ] ] }, { "type": "LineString", "coordinates": [ [ 28.9304963, 41.0114649 ], [ 28.9302144, 41.0115549 ], [ 28.930032, 41.0116358 ], [ 28.9298496, 41.0117897 ], [ 28.9296726, 41.012046 ] ] }, { "type": "LineString", "coordinates": [ [ 28.9268393, 41.0120091 ], [ 28.9269236, 41.0122723 ], [ 28.9270143, 41.0124888 ] ] }, { "type": "LineString", "coordinates": [ [ 28.927245, 41.0119367 ], [ 28.9272386, 41.0122425 ], [ 28.9272368, 41.0124273 ] ] }, { "type": "LineString", "coordinates": [ [ 28.9300449, 41.0110633 ], [ 28.9301929, 41.0111521 ] ] }, { "type": "LineString", "coordinates": [ [ 28.9301929, 41.0111521 ], [ 28.9304963, 41.0114649 ] ] }, { "type": "LineString", "coordinates": [ [ 28.9304963, 41.0114649 ], [ 28.9307213, 41.012326 ] ] }, { "type": "LineString", "coordinates": [ [ 28.9276241, 41.0130308 ], [ 28.9272368, 41.0124273 ] ] }, { "type": "LineString", "coordinates": [ [ 28.9245681, 41.0130939 ], [ 28.9245811, 41.013318700000013 ], [ 28.9245156, 41.0135752 ] ] }, { "type": "LineString", "coordinates": [ [ 28.9254304, 41.004585 ], [ 28.9255795, 41.00488570000001 ] ] }, { "type": "LineString", "coordinates": [ [ 28.9255795, 41.00488570000001 ], [ 28.925728, 41.004914 ], [ 28.9260623, 41.0051043 ], [ 28.926233, 41.005204 ] ] }, { "type": "LineString", "coordinates": [ [ 28.926233, 41.005204 ], [ 28.9264177, 41.0053118 ] ] }, { "type": "LineString", "coordinates": [ [ 28.9267098, 41.0051139 ], [ 28.9258879, 41.0043675 ], [ 28.925744, 41.0042208 ], [ 28.9254213, 41.0038272 ] ] }, { "type": "LineString", "coordinates": [ [ 28.9250097, 41.0060753 ], [ 28.9252143, 41.006002 ], [ 28.9253917, 41.0058977 ], [ 28.9257321, 41.0057466 ] ] }, { "type": "LineString", "coordinates": [ [ 28.9257321, 41.0057466 ], [ 28.9261883, 41.0055728 ] ] }, { "type": "LineString", "coordinates": [ [ 28.9261883, 41.0055728 ], [ 28.926936, 41.0054314 ] ] }, { "type": "LineString", "coordinates": [ [ 28.926936, 41.0054314 ], [ 28.9269892, 41.0054469 ], [ 28.9274244, 41.0053529 ], [ 28.9278379, 41.0053391 ], [ 28.9279853, 41.0053346 ] ] }, { "type": "LineString", "coordinates": [ [ 28.9279853, 41.0053346 ], [ 28.9281749, 41.0053982 ] ] }, { "type": "LineString", "coordinates": [ [ 28.9281749, 41.0053982 ], [ 28.92831, 41.0053876 ], [ 28.9289323, 41.0053177 ] ] }, { "type": "LineString", "coordinates": [ [ 28.9279853, 41.0053346 ], [ 28.9279479, 41.00492 ], [ 28.9278272, 41.0048695 ], [ 28.9276555, 41.00483710000001 ], [ 28.9274356, 41.0048047 ] ] }, { "type": "LineString", "coordinates": [ [ 28.9282139, 41.0069997 ], [ 28.9281812, 41.0068045 ], [ 28.928162, 41.0067278 ] ] }, { "type": "LineString", "coordinates": [ [ 28.928162, 41.0067278 ], [ 28.9280739, 41.0063754 ], [ 28.9280203, 41.0061487 ], [ 28.9280936, 41.0058654 ] ] }, { "type": "LineString", "coordinates": [ [ 28.9280936, 41.0058654 ], [ 28.9281749, 41.0053982 ] ] }, { "type": "LineString", "coordinates": [ [ 28.9291361, 41.0065454 ], [ 28.9285787, 41.00664660000001 ], [ 28.928162, 41.0067278 ] ] }, { "type": "LineString", "coordinates": [ [ 28.9267982, 41.0037431 ], [ 28.9267689, 41.0039937 ], [ 28.9267276, 41.0042444 ] ] }, { "type": "LineString", "coordinates": [ [ 28.9267276, 41.0042444 ], [ 28.926659, 41.0045059 ], [ 28.9266349, 41.0047259 ], [ 28.9266732, 41.0049224 ], [ 28.9267009, 41.005039399999987 ] ] }, { "type": "LineString", "coordinates": [ [ 28.9267009, 41.005039399999987 ], [ 28.926936, 41.0054314 ] ] }, { "type": "LineString", "coordinates": [ [ 28.926936, 41.0054314 ], [ 28.9270573, 41.0056913 ], [ 28.9271754, 41.0058086 ] ] }, { "type": "LineString", "coordinates": [ [ 28.9271754, 41.0058086 ], [ 28.9271951, 41.0062571 ], [ 28.9271232, 41.0066562 ] ] }, { "type": "LineString", "coordinates": [ [ 28.9271232, 41.0066562 ], [ 28.9271294, 41.0069899 ] ] }, { "type": "LineString", "coordinates": [ [ 28.9271754, 41.0058086 ], [ 28.927403, 41.0058059 ], [ 28.9276245, 41.0057932 ], [ 28.9277735, 41.0058531 ], [ 28.9279174, 41.0058507 ], [ 28.9280936, 41.0058654 ] ] }, { "type": "LineString", "coordinates": [ [ 28.9273229, 41.0048544 ], [ 28.9270811, 41.0039815 ] ] }, { "type": "LineString", "coordinates": [ [ 28.9270811, 41.0039815 ], [ 28.9272693, 41.0039383 ], [ 28.9273658, 41.0039383 ], [ 28.9278419, 41.0042004 ] ] }, { "type": "LineString", "coordinates": [ [ 28.9289459, 41.0051329 ], [ 28.9289323, 41.0053177 ] ] }, { "type": "LineString", "coordinates": [ [ 28.9289323, 41.0053177 ], [ 28.9288961, 41.0056224 ], [ 28.9288961, 41.0057621 ], [ 28.9289496, 41.0059736 ], [ 28.9290675, 41.0062853 ] ] }, { "type": "LineString", "coordinates": [ [ 28.9290675, 41.0062853 ], [ 28.9291361, 41.0065454 ] ] }, { "type": "LineString", "coordinates": [ [ 28.9291361, 41.0065454 ], [ 28.9291682, 41.0066985 ] ] }, { "type": "LineString", "coordinates": [ [ 28.9290675, 41.0062853 ], [ 28.9303385, 41.0061177 ] ] }, { "type": "LineString", "coordinates": [ [ 28.9303385, 41.0061177 ], [ 28.9305998, 41.0060372 ] ] }, { "type": "LineString", "coordinates": [ [ 28.9303385, 41.0061177 ], [ 28.9303807, 41.0063329 ], [ 28.9303332, 41.0065283 ], [ 28.9302921, 41.0068613 ] ] }, { "type": "LineString", "coordinates": [ [ 28.9292794, 41.0039648 ], [ 28.9296243, 41.0042703 ], [ 28.9297352, 41.0044897 ] ] }, { "type": "LineString", "coordinates": [ [ 28.9297352, 41.0044897 ], [ 28.9297962, 41.0046159 ] ] }, { "type": "LineString", "coordinates": [ [ 28.9297962, 41.0046159 ], [ 28.9298254, 41.004681199999986 ], [ 28.9298695, 41.0047549 ] ] }, { "type": "LineString", "coordinates": [ [ 28.9298695, 41.0047549 ], [ 28.9299988, 41.0049821 ], [ 28.9301127, 41.0051822 ], [ 28.9301788, 41.0053147 ], [ 28.9303335, 41.0056422 ] ] }, { "type": "LineString", "coordinates": [ [ 28.9306779, 41.0038119 ], [ 28.9305415, 41.0040881 ], [ 28.9304753, 41.0042108 ] ] }, { "type": "LineString", "coordinates": [ [ 28.9304753, 41.0042108 ], [ 28.9303511, 41.0043462 ], [ 28.930229, 41.0044505 ], [ 28.9301147, 41.0044951 ], [ 28.9299997, 41.0045344 ], [ 28.9297962, 41.0046159 ] ] }, { "type": "LineString", "coordinates": [ [ 28.9296316, 41.0036271 ], [ 28.9298526, 41.0038822 ], [ 28.9299323, 41.0040474 ], [ 28.9304753, 41.0042108 ] ] }, { "type": "LineString", "coordinates": [ [ 28.9286953, 41.0040563 ], [ 28.9288244, 41.0044047 ], [ 28.9289691, 41.0044483 ], [ 28.9290364, 41.0046283 ], [ 28.9297352, 41.0044897 ] ] }, { "type": "LineString", "coordinates": [ [ 28.9282634, 41.003963 ], [ 28.9284521, 41.0046347 ], [ 28.9285004, 41.0047824 ], [ 28.9286666, 41.0049231 ], [ 28.9289459, 41.0051329 ] ] }, { "type": "LineString", "coordinates": [ [ 28.9289459, 41.0051329 ], [ 28.9292152, 41.0052905 ], [ 28.9295562, 41.0054886 ] ] }, { "type": "LineString", "coordinates": [ [ 28.9295562, 41.0054886 ], [ 28.9299944, 41.0057196 ], [ 28.9301401, 41.00579350000001 ] ] }, { "type": "LineString", "coordinates": [ [ 28.9301401, 41.00579350000001 ], [ 28.9305998, 41.0060372 ] ] }, { "type": "LineString", "coordinates": [ [ 28.9305998, 41.0060372 ], [ 28.9307383, 41.0061031 ] ] }, { "type": "LineString", "coordinates": [ [ 28.9307383, 41.0061031 ], [ 28.9312079, 41.0063264 ] ] }, { "type": "LineString", "coordinates": [ [ 28.9301401, 41.00579350000001 ], [ 28.9303335, 41.0056422 ] ] }, { "type": "LineString", "coordinates": [ [ 28.9303335, 41.0056422 ], [ 28.9304168, 41.0055683 ], [ 28.9304244, 41.0055619 ] ] }, { "type": "LineString", "coordinates": [ [ 28.9304244, 41.0055619 ], [ 28.9305535, 41.0054529 ], [ 28.9307406, 41.0052592 ], [ 28.9307749, 41.0052259 ] ] }, { "type": "LineString", "coordinates": [ [ 28.9307749, 41.0052259 ], [ 28.9309356, 41.0050822 ] ] }, { "type": "LineString", "coordinates": [ [ 28.9359192, 41.0073635 ], [ 28.9359447, 41.0067668 ] ] }, { "type": "LineString", "coordinates": [ [ 28.9328241, 41.0062519 ], [ 28.9335158, 41.006221299999986 ] ] }, { "type": "LineString", "coordinates": [ [ 28.9337629, 41.0064806 ], [ 28.933537, 41.006481 ] ] }, { "type": "LineString", "coordinates": [ [ 28.936662, 41.0073339 ], [ 28.9359192, 41.0073635 ] ] }, { "type": "LineString", "coordinates": [ [ 28.9359192, 41.0073635 ], [ 28.9356054, 41.007365600000014 ] ] }, { "type": "LineString", "coordinates": [ [ 28.9356054, 41.007365600000014 ], [ 28.9350143, 41.0073539 ] ] }, { "type": "LineString", "coordinates": [ [ 28.9350143, 41.0073539 ], [ 28.9333962, 41.0073794 ] ] }, { "type": "LineString", "coordinates": [ [ 28.9333962, 41.0073794 ], [ 28.9320306, 41.00739 ] ] }, { "type": "LineString", "coordinates": [ [ 28.9350776, 41.0089827 ], [ 28.9350501, 41.0084017 ] ] }, { "type": "LineString", "coordinates": [ [ 28.9350501, 41.0084017 ], [ 28.9350166, 41.0078845 ] ] }, { "type": "LineString", "coordinates": [ [ 28.9350166, 41.0078845 ], [ 28.9350143, 41.0073539 ] ] }, { "type": "LineString", "coordinates": [ [ 28.9350143, 41.0073539 ], [ 28.9349727, 41.0067789 ] ] }, { "type": "LineString", "coordinates": [ [ 28.9326977, 41.005563 ], [ 28.9328572, 41.0055041 ], [ 28.933114, 41.0054882 ], [ 28.93328, 41.0054676 ] ] }, { "type": "LineString", "coordinates": [ [ 28.93328, 41.0054676 ], [ 28.9336424, 41.0054746 ] ] }, { "type": "LineString", "coordinates": [ [ 28.9336424, 41.0054746 ], [ 28.9336849, 41.0054951 ] ] }, { "type": "LineString", "coordinates": [ [ 28.9336849, 41.0054951 ], [ 28.9337343, 41.00520860000001 ], [ 28.9337349, 41.0048163 ], [ 28.9337967, 41.0045216 ] ] }, { "type": "LineString", "coordinates": [ [ 28.9359945, 41.0059584 ], [ 28.9357354, 41.0059116 ] ] }, { "type": "LineString", "coordinates": [ [ 28.934849, 41.0055301 ], [ 28.9355291, 41.0055972 ], [ 28.9358964, 41.005661699999983 ] ] }, { "type": "LineString", "coordinates": [ [ 28.9336849, 41.0054951 ], [ 28.9339168, 41.0054978 ], [ 28.9339372, 41.0054997 ] ] }, { "type": "LineString", "coordinates": [ [ 28.9339372, 41.0054997 ], [ 28.9343329, 41.0055368 ] ] }, { "type": "LineString", "coordinates": [ [ 28.9343329, 41.0055368 ], [ 28.934849, 41.0055301 ] ] }, { "type": "LineString", "coordinates": [ [ 28.9464226, 41.0095551 ], [ 28.9465622, 41.0093029 ], [ 28.9467303, 41.0090063 ], [ 28.9467355, 41.0089886 ], [ 28.9467316, 41.0089665 ], [ 28.9465536, 41.008905099999986 ], [ 28.9462461, 41.0088121 ], [ 28.9462025, 41.0087987 ], [ 28.9461841, 41.0087825 ], [ 28.9461843, 41.008755499999985 ], [ 28.9462028, 41.0087097 ], [ 28.9463586, 41.0084084 ] ] }, { "type": "LineString", "coordinates": [ [ 28.9458125, 41.0082412 ], [ 28.9459779, 41.0078599 ], [ 28.9460558, 41.0076465 ] ] }, { "type": "LineString", "coordinates": [ [ 28.9444541, 41.007841 ], [ 28.9445061, 41.007695 ], [ 28.9446472, 41.007573 ], [ 28.9447673, 41.0075147 ], [ 28.9448328, 41.007484 ] ] }, { "type": "LineString", "coordinates": [ [ 28.9448328, 41.007484 ], [ 28.9449149, 41.0074436 ], [ 28.9451553, 41.0073957 ] ] }, { "type": "LineString", "coordinates": [ [ 28.9451553, 41.0073957 ], [ 28.9455337, 41.007313 ] ] }, { "type": "LineString", "coordinates": [ [ 28.9455337, 41.007313 ], [ 28.9457249, 41.007261499999984 ], [ 28.9459625, 41.007140099999987 ], [ 28.9460553, 41.007131 ] ] }, { "type": "LineString", "coordinates": [ [ 28.9460553, 41.007131 ], [ 28.9465173, 41.0070772 ], [ 28.9466047, 41.0070734 ], [ 28.946639, 41.0070539 ] ] }, { "type": "LineString", "coordinates": [ [ 28.946639, 41.0070539 ], [ 28.9468152, 41.0067535 ] ] }, { "type": "LineString", "coordinates": [ [ 28.9486157, 41.0088028 ], [ 28.9489277, 41.0087986 ] ] }, { "type": "LineString", "coordinates": [ [ 28.9489277, 41.0087986 ], [ 28.9492738, 41.0088035 ] ] }, { "type": "LineString", "coordinates": [ [ 28.9480625, 41.0091506 ], [ 28.9478759, 41.0094183 ], [ 28.9478504, 41.0094275 ] ] }, { "type": "LineString", "coordinates": [ [ 28.9471163, 41.0092111 ], [ 28.9478145, 41.0094243 ], [ 28.9478504, 41.0094275 ] ] }, { "type": "LineString", "coordinates": [ [ 28.9493097, 41.0069049 ], [ 28.9493074, 41.007157 ] ] }, { "type": "LineString", "coordinates": [ [ 28.9498098, 41.0093003 ], [ 28.9497964, 41.008566099999989 ] ] }, { "type": "LineString", "coordinates": [ [ 28.948619, 41.0082723 ], [ 28.9486137, 41.008505199999988 ], [ 28.9486098, 41.0087049 ], [ 28.9486157, 41.0088028 ] ] }, { "type": "LineString", "coordinates": [ [ 28.9486157, 41.0088028 ], [ 28.9486157, 41.0089192 ], [ 28.9486042, 41.0089811 ], [ 28.9485662, 41.0090761 ], [ 28.9485135, 41.009163399999984 ] ] }, { "type": "LineString", "coordinates": [ [ 28.9525435, 41.0064881 ], [ 28.9524955, 41.0070585 ] ] }, { "type": "LineString", "coordinates": [ [ 28.9524955, 41.0070585 ], [ 28.9524622, 41.0076487 ] ] }, { "type": "LineString", "coordinates": [ [ 28.9524622, 41.0076487 ], [ 28.9524279, 41.0082335 ] ] }, { "type": "LineString", "coordinates": [ [ 28.9532609, 41.007677 ], [ 28.9524622, 41.0076487 ] ] }, { "type": "LineString", "coordinates": [ [ 28.9524622, 41.0076487 ], [ 28.951592, 41.0076026 ] ] }, { "type": "LineString", "coordinates": [ [ 28.951592, 41.0076026 ], [ 28.9501739, 41.0075936 ] ] }, { "type": "LineString", "coordinates": [ [ 28.9530606, 41.0082417 ], [ 28.9524279, 41.0082335 ] ] }, { "type": "LineString", "coordinates": [ [ 28.9524279, 41.0082335 ], [ 28.9515971, 41.008231 ] ] }, { "type": "LineString", "coordinates": [ [ 28.9515971, 41.008231 ], [ 28.9508338, 41.0082375 ], [ 28.9501701, 41.0082399 ] ] }, { "type": "LineString", "coordinates": [ [ 28.9488285, 41.010846799999989 ], [ 28.9489751, 41.0107317 ] ] }, { "type": "LineString", "coordinates": [ [ 28.9489751, 41.0107317 ], [ 28.9491842, 41.010575 ], [ 28.9494232, 41.0104004 ], [ 28.9494803, 41.0103555 ], [ 28.9495506, 41.0103002 ], [ 28.9495936, 41.0102553 ], [ 28.9496152, 41.0102206 ], [ 28.9496275, 41.0101752 ], [ 28.9496249, 41.0101202 ], [ 28.9496159, 41.0100723 ], [ 28.949601, 41.010027 ], [ 28.9495663, 41.0099799 ], [ 28.9495126, 41.0099321 ] ] }, { "type": "LineString", "coordinates": [ [ 28.9502035, 41.0098296 ], [ 28.950234408448665, 41.009791818297472 ] ] }, { "type": "LineString", "coordinates": [ [ 28.950234408448665, 41.009791818297472 ], [ 28.9502759, 41.009741099999985 ] ] }, { "type": "LineString", "coordinates": [ [ 28.950338, 41.0096782 ], [ 28.950402961731154, 41.009622284674109 ] ] }, { "type": "LineString", "coordinates": [ [ 28.950402961731154, 41.009622284674109 ], [ 28.9504134, 41.009613299999984 ] ] }, { "type": "LineString", "coordinates": [ [ 28.9326999, 41.0220372 ], [ 28.9335148, 41.0214747 ], [ 28.933563, 41.0214418 ], [ 28.9336763, 41.0213642 ] ] }, { "type": "LineString", "coordinates": [ [ 28.9534704, 41.009348 ], [ 28.953461093209356, 41.009495757197278 ] ] }, { "type": "LineString", "coordinates": [ [ 28.953461093209356, 41.009495757197278 ], [ 28.953442197765117, 41.009795745114431 ] ] }, { "type": "LineString", "coordinates": [ [ 28.953442197765117, 41.009795745114431 ], [ 28.9534397, 41.0098354 ] ] }, { "type": "LineString", "coordinates": [ [ 28.9533561, 41.0098095 ], [ 28.95336383734476, 41.009671812767536 ] ] }, { "type": "LineString", "coordinates": [ [ 28.95336383734476, 41.009671812767536 ], [ 28.953370102546309, 41.009560322272343 ] ] }, { "type": "LineString", "coordinates": [ [ 28.953370102546309, 41.009560322272343 ], [ 28.9533727, 41.0095141 ] ] }, { "type": "LineString", "coordinates": [ [ 28.9480057, 41.0097252 ], [ 28.9485012, 41.0096466 ] ] }, { "type": "LineString", "coordinates": [ [ 28.9437162, 41.0041469 ], [ 28.9430417, 41.0039598 ], [ 28.9421217, 41.0037949 ], [ 28.9420424, 41.0037856 ], [ 28.941994, 41.0038534 ], [ 28.9418698, 41.0038632 ], [ 28.941725, 41.00383 ], [ 28.9414948, 41.0037715 ], [ 28.9413855, 41.0037034 ], [ 28.9414046, 41.0036378 ] ] }, { "type": "LineString", "coordinates": [ [ 28.9423479, 41.0034575 ], [ 28.9417515, 41.0033191 ], [ 28.9416335, 41.0033434 ], [ 28.9414222, 41.0036006 ] ] }, { "type": "LineString", "coordinates": [ [ 28.9407527, 41.002992800000015 ], [ 28.9407051, 41.003075099999982 ], [ 28.9405411, 41.003358299999988 ] ] }, { "type": "LineString", "coordinates": [ [ 28.940461, 41.0033326 ], [ 28.9405925, 41.003054299999988 ], [ 28.9406308, 41.0029733 ] ] }, { "type": "LineString", "coordinates": [ [ 28.9391179, 41.0041036 ], [ 28.9373819, 41.0037754 ], [ 28.9370433, 41.0036829 ], [ 28.9364686, 41.003637 ] ] }, { "type": "LineString", "coordinates": [ [ 28.9381663, 41.0058646 ], [ 28.9383396, 41.0055032 ], [ 28.9388605, 41.004675 ], [ 28.938761, 41.0044702 ], [ 28.9383833, 41.0044248 ] ] }, { "type": "LineString", "coordinates": [ [ 28.9412987, 41.0084275 ], [ 28.941034, 41.0083217 ], [ 28.9410903, 41.0081452 ] ] }, { "type": "LineString", "coordinates": [ [ 28.9410903, 41.0081452 ], [ 28.9412876, 41.0077176 ], [ 28.9413713, 41.0075874 ], [ 28.9414859, 41.0074168 ] ] }, { "type": "LineString", "coordinates": [ [ 28.9414859, 41.0074168 ], [ 28.9416492, 41.0072154 ] ] }, { "type": "LineString", "coordinates": [ [ 28.9416492, 41.0072154 ], [ 28.9418785, 41.0069201 ] ] }, { "type": "LineString", "coordinates": [ [ 28.9512507, 41.0031746 ], [ 28.9520258, 41.003388199999989 ], [ 28.9522423, 41.0034437 ] ] }, { "type": "LineString", "coordinates": [ [ 28.9522423, 41.0034437 ], [ 28.9530862, 41.0036862 ] ] }, { "type": "LineString", "coordinates": [ [ 28.9513231, 41.0035378 ], [ 28.9517091, 41.0036058 ], [ 28.9520964, 41.0037069 ] ] }, { "type": "LineString", "coordinates": [ [ 28.9520964, 41.0037069 ], [ 28.952899, 41.0039946 ] ] }, { "type": "LineString", "coordinates": [ [ 28.9512661, 41.002889899999985 ], [ 28.9512507, 41.0031746 ] ] }, { "type": "LineString", "coordinates": [ [ 28.9512507, 41.0031746 ], [ 28.9512868, 41.0033869 ], [ 28.9513231, 41.0035378 ] ] }, { "type": "LineString", "coordinates": [ [ 28.9513231, 41.0035378 ], [ 28.9513993, 41.0037594 ] ] }, { "type": "LineString", "coordinates": [ [ 28.9513993, 41.0037594 ], [ 28.9515603, 41.0040488 ], [ 28.9516328, 41.0040994 ], [ 28.9518173, 41.0041821 ] ] }, { "type": "LineString", "coordinates": [ [ 28.9518173, 41.0041821 ], [ 28.9526093, 41.0044935 ] ] }, { "type": "LineString", "coordinates": [ [ 28.9526093, 41.0044935 ], [ 28.9530785, 41.0046419 ] ] }, { "type": "LineString", "coordinates": [ [ 28.952899, 41.0039946 ], [ 28.9529712, 41.0038725 ], [ 28.9530862, 41.0036862 ] ] }, { "type": "LineString", "coordinates": [ [ 28.9530862, 41.0036862 ], [ 28.9532503, 41.0034333 ] ] }, { "type": "LineString", "coordinates": [ [ 28.9524158, 41.0031894 ], [ 28.9512661, 41.002889899999985 ] ] }, { "type": "LineString", "coordinates": [ [ 28.9512661, 41.002889899999985 ], [ 28.9510767, 41.0028692 ], [ 28.950984, 41.002878 ], [ 28.9503487, 41.003015 ] ] }, { "type": "LineString", "coordinates": [ [ 28.9518173, 41.0041821 ], [ 28.9519485, 41.0039858 ] ] }, { "type": "LineString", "coordinates": [ [ 28.9519485, 41.0039858 ], [ 28.9520964, 41.0037069 ] ] }, { "type": "LineString", "coordinates": [ [ 28.9520964, 41.0037069 ], [ 28.9522423, 41.0034437 ] ] }, { "type": "LineString", "coordinates": [ [ 28.9522423, 41.0034437 ], [ 28.9524158, 41.0031894 ] ] }, { "type": "LineString", "coordinates": [ [ 28.9497393, 41.0021086 ], [ 28.9495285, 41.0020646 ], [ 28.9493895, 41.002014 ], [ 28.9492772, 41.0019539 ] ] }, { "type": "LineString", "coordinates": [ [ 28.9421422, 41.0100796 ], [ 28.9417878, 41.009653 ] ] }, { "type": "LineString", "coordinates": [ [ 28.9432805, 41.0106392 ], [ 28.9430278, 41.0102634 ], [ 28.9429894, 41.0102502 ], [ 28.9429424, 41.0102513 ], [ 28.9426213, 41.0103509 ] ] }, { "type": "LineString", "coordinates": [ [ 28.9409371, 41.0108345 ], [ 28.9417762, 41.010818699999987 ] ] }, { "type": "LineString", "coordinates": [ [ 28.9444447, 41.0064195 ], [ 28.9450135, 41.0061503 ] ] }, { "type": "LineString", "coordinates": [ [ 28.94109, 41.0094676 ], [ 28.9413748, 41.009833 ] ] }, { "type": "LineString", "coordinates": [ [ 28.9413748, 41.009833 ], [ 28.9417043, 41.0102595 ] ] }, { "type": "LineString", "coordinates": [ [ 28.9417043, 41.0102595 ], [ 28.9417325, 41.0103056 ], [ 28.9417476, 41.0104155 ] ] }, { "type": "LineString", "coordinates": [ [ 28.9417476, 41.0104155 ], [ 28.9417762, 41.010818699999987 ] ] }, { "type": "LineString", "coordinates": [ [ 28.9417762, 41.010818699999987 ], [ 28.941786, 41.0110861 ] ] }, { "type": "LineString", "coordinates": [ [ 28.9382828, 41.0104731 ], [ 28.938939, 41.010487 ] ] }, { "type": "LineString", "coordinates": [ [ 28.938939, 41.010487 ], [ 28.939378, 41.0104856 ] ] }, { "type": "LineString", "coordinates": [ [ 28.939378, 41.0104856 ], [ 28.9398632, 41.0104631 ] ] }, { "type": "LineString", "coordinates": [ [ 28.938939, 41.010487 ], [ 28.9389165, 41.0099809 ] ] }, { "type": "LineString", "coordinates": [ [ 28.939378, 41.0104856 ], [ 28.9393662, 41.0099809 ] ] }, { "type": "LineString", "coordinates": [ [ 28.9427933, 41.0098078 ], [ 28.9424633, 41.0093562 ] ] }, { "type": "LineString", "coordinates": [ [ 28.9404343, 41.0094442 ], [ 28.9407441, 41.008903599999989 ] ] }, { "type": "LineString", "coordinates": [ [ 28.9402062, 41.0094483 ], [ 28.9402441, 41.008908 ] ] }, { "type": "LineString", "coordinates": [ [ 28.9417043, 41.0102595 ], [ 28.9421422, 41.0100796 ] ] }, { "type": "LineString", "coordinates": [ [ 28.9421422, 41.0100796 ], [ 28.9424106, 41.0099575 ] ] }, { "type": "LineString", "coordinates": [ [ 28.9424106, 41.0099575 ], [ 28.9427933, 41.0098078 ] ] }, { "type": "LineString", "coordinates": [ [ 28.9427933, 41.0098078 ], [ 28.9431771, 41.0096526 ], [ 28.9431892, 41.0096383 ] ] }, { "type": "LineString", "coordinates": [ [ 28.9409149, 41.0099512 ], [ 28.9398347, 41.0099763 ] ] }, { "type": "LineString", "coordinates": [ [ 28.9398347, 41.0099763 ], [ 28.9393662, 41.0099809 ] ] }, { "type": "LineString", "coordinates": [ [ 28.9393662, 41.0099809 ], [ 28.9389165, 41.0099809 ] ] }, { "type": "LineString", "coordinates": [ [ 28.9389165, 41.0099809 ], [ 28.9380567, 41.0099943 ] ] }, { "type": "LineString", "coordinates": [ [ 28.9429466, 41.010922399999984 ], [ 28.9426535, 41.0104157 ] ] }, { "type": "LineString", "coordinates": [ [ 28.9426535, 41.0104157 ], [ 28.9426213, 41.0103509 ] ] }, { "type": "LineString", "coordinates": [ [ 28.9426213, 41.0103509 ], [ 28.9424106, 41.0099575 ] ] }, { "type": "LineString", "coordinates": [ [ 28.9424106, 41.0099575 ], [ 28.9420741, 41.0095324 ] ] }, { "type": "LineString", "coordinates": [ [ 28.9420741, 41.0095324 ], [ 28.9420008, 41.0094506 ] ] }, { "type": "LineString", "coordinates": [ [ 28.9369135, 41.007717 ], [ 28.9370521, 41.0076894 ], [ 28.9371126, 41.007671 ], [ 28.9371408, 41.0076409 ], [ 28.9371981, 41.0075572 ], [ 28.937315, 41.007317899999983 ], [ 28.937322, 41.0072751 ], [ 28.9373154, 41.007251599999989 ], [ 28.9372941, 41.0072406 ], [ 28.937248, 41.007228 ], [ 28.9372203, 41.007211 ], [ 28.9372111, 41.0071935 ] ] }, { "type": "LineString", "coordinates": [ [ 28.9372111, 41.0071935 ], [ 28.9373093, 41.0069377 ] ] }, { "type": "LineString", "coordinates": [ [ 28.9390674, 41.0089239 ], [ 28.9390565, 41.0087087 ], [ 28.9390518, 41.0085382 ], [ 28.9390537, 41.0083609 ], [ 28.9390589, 41.0082492 ], [ 28.9390702, 41.0082045 ], [ 28.9390905, 41.008161200000011 ], [ 28.9391602, 41.0080666 ] ] }, { "type": "LineString", "coordinates": [ [ 28.9391602, 41.0080666 ], [ 28.9392389, 41.0080058 ], [ 28.9393765, 41.0079133 ], [ 28.9395919, 41.0077461 ] ] }, { "type": "LineString", "coordinates": [ [ 28.9409404, 41.0114596 ], [ 28.9409371, 41.0108345 ] ] }, { "type": "LineString", "coordinates": [ [ 28.9409371, 41.0108345 ], [ 28.9409332, 41.0104398 ] ] }, { "type": "LineString", "coordinates": [ [ 28.9398224, 41.0094468 ], [ 28.9398347, 41.0099763 ] ] }, { "type": "LineString", "coordinates": [ [ 28.9398347, 41.0099763 ], [ 28.9398632, 41.0104631 ] ] }, { "type": "LineString", "coordinates": [ [ 28.9398656, 41.0107172 ], [ 28.9398827, 41.0112447 ], [ 28.9399033, 41.0116938 ] ] }, { "type": "LineString", "coordinates": [ [ 28.9378088, 41.0094532 ], [ 28.9398224, 41.0094468 ] ] }, { "type": "LineString", "coordinates": [ [ 28.9398224, 41.0094468 ], [ 28.9402062, 41.0094483 ] ] }, { "type": "LineString", "coordinates": [ [ 28.9402062, 41.0094483 ], [ 28.9404343, 41.0094442 ] ] }, { "type": "LineString", "coordinates": [ [ 28.9404343, 41.0094442 ], [ 28.9408667, 41.0094467 ] ] }, { "type": "LineString", "coordinates": [ [ 28.9402007, 41.0076329 ], [ 28.9399504, 41.0079306 ] ] }, { "type": "LineString", "coordinates": [ [ 28.9393719, 41.0072055 ], [ 28.9390977, 41.007521 ] ] }, { "type": "LineString", "coordinates": [ [ 28.9395815, 41.0074999 ], [ 28.9396532, 41.00753790000001 ] ] }, { "type": "LineString", "coordinates": [ [ 28.9394111, 41.0068295 ], [ 28.9394954, 41.0068805 ], [ 28.940045, 41.0071673 ], [ 28.9406359, 41.0074734 ] ] }, { "type": "LineString", "coordinates": [ [ 28.9428146, 41.0080615 ], [ 28.9424127, 41.0079484 ] ] }, { "type": "LineString", "coordinates": [ [ 28.9424127, 41.0079484 ], [ 28.9422593, 41.007905699999988 ], [ 28.9420592, 41.0078558 ], [ 28.9420285, 41.0078587 ] ] }, { "type": "LineString", "coordinates": [ [ 28.9422108, 41.008439 ], [ 28.9419037, 41.0083745 ], [ 28.941865, 41.0083498 ], [ 28.9418769, 41.0082898 ], [ 28.9419829, 41.0079411 ], [ 28.9420285, 41.0078587 ] ] }, { "type": "LineString", "coordinates": [ [ 28.9418848, 41.00754950000001 ], [ 28.9421811, 41.0076895 ], [ 28.9423595, 41.0077655 ] ] }, { "type": "LineString", "coordinates": [ [ 28.9423595, 41.0077655 ], [ 28.9424448, 41.0078019 ], [ 28.9424672, 41.0078147 ], [ 28.942476, 41.007841 ], [ 28.9424127, 41.0079484 ] ] }, { "type": "LineString", "coordinates": [ [ 28.9410903, 41.0081452 ], [ 28.9408746, 41.0080531 ], [ 28.9409071, 41.0079851 ], [ 28.9410591, 41.0077185 ] ] }, { "type": "LineString", "coordinates": [ [ 28.9410702, 41.0069395 ], [ 28.9412458, 41.0070136 ], [ 28.9413037, 41.0070617 ], [ 28.9416492, 41.0072154 ] ] }, { "type": "LineString", "coordinates": [ [ 28.9435466, 41.0078757 ], [ 28.9439391, 41.0079627 ] ] }, { "type": "LineString", "coordinates": [ [ 28.9427347, 41.0082296 ], [ 28.9429938, 41.0082866 ], [ 28.9430379, 41.0082865 ], [ 28.9430557, 41.0082692 ], [ 28.9431024, 41.0081714 ], [ 28.943093, 41.0081509 ], [ 28.9430762, 41.008139 ], [ 28.9428146, 41.0080615 ] ] }, { "type": "LineString", "coordinates": [ [ 28.9428424, 41.0085179 ], [ 28.9426154, 41.008466 ] ] }, { "type": "LineString", "coordinates": [ [ 28.9402821, 41.0081041 ], [ 28.9404476, 41.0078113 ], [ 28.9406106, 41.0075198 ], [ 28.9406359, 41.0074734 ] ] }, { "type": "LineString", "coordinates": [ [ 28.9406359, 41.0074734 ], [ 28.9408255, 41.0071252 ], [ 28.9409526, 41.00689710000001 ], [ 28.9411142, 41.006634199999979 ] ] }, { "type": "LineString", "coordinates": [ [ 28.9451971, 41.008226 ], [ 28.9451176, 41.0083665 ], [ 28.9449093, 41.0087373 ], [ 28.9448642, 41.0087552 ], [ 28.9447896, 41.0087538 ], [ 28.9444556, 41.0087135 ], [ 28.943736, 41.0086267 ] ] }, { "type": "LineString", "coordinates": [ [ 28.9446594, 41.0054058 ], [ 28.9444311, 41.00549 ], [ 28.9443577, 41.0054579 ], [ 28.9438929, 41.0051705 ] ] }, { "type": "LineString", "coordinates": [ [ 28.9438929, 41.0051705 ], [ 28.9436697, 41.0050294 ] ] }, { "type": "LineString", "coordinates": [ [ 28.943435, 41.0055581 ], [ 28.9438929, 41.0051705 ] ] }, { "type": "LineString", "coordinates": [ [ 28.9441171, 41.0044354 ], [ 28.9443886, 41.0046377 ] ] }, { "type": "LineString", "coordinates": [ [ 28.9460553, 41.007131 ], [ 28.9459869, 41.0069311 ], [ 28.9459037, 41.0068401 ], [ 28.9454665, 41.0065628 ], [ 28.9451017, 41.0062632 ], [ 28.9450135, 41.0061503 ] ] }, { "type": "LineString", "coordinates": [ [ 28.9450135, 41.0061503 ], [ 28.944855, 41.0058373 ] ] }, { "type": "LineString", "coordinates": [ [ 28.944855, 41.0058373 ], [ 28.9446594, 41.0054058 ] ] }, { "type": "LineString", "coordinates": [ [ 28.9446594, 41.0054058 ], [ 28.9445545, 41.005251199999982 ], [ 28.9444151, 41.0050973 ], [ 28.9440281, 41.004822 ] ] }, { "type": "LineString", "coordinates": [ [ 28.944855, 41.0058373 ], [ 28.9455297, 41.0055931 ] ] }, { "type": "LineString", "coordinates": [ [ 28.9430148, 41.0053139 ], [ 28.943435, 41.0055581 ] ] }, { "type": "LineString", "coordinates": [ [ 28.943435, 41.0055581 ], [ 28.9436578, 41.0056695 ], [ 28.9437474, 41.0057063 ] ] }, { "type": "LineString", "coordinates": [ [ 28.9437474, 41.0057063 ], [ 28.9438464, 41.0057471 ], [ 28.9440423, 41.0059252 ], [ 28.9441895, 41.0060738 ], [ 28.9441971, 41.0060841 ] ] }, { "type": "LineString", "coordinates": [ [ 28.9441971, 41.0060841 ], [ 28.9444447, 41.0064195 ] ] }, { "type": "LineString", "coordinates": [ [ 28.9444447, 41.0064195 ], [ 28.9445703, 41.0065415 ], [ 28.9445747, 41.0065453 ] ] }, { "type": "LineString", "coordinates": [ [ 28.9445747, 41.0065453 ], [ 28.9450567, 41.0069631 ], [ 28.9450698, 41.0069709 ] ] }, { "type": "LineString", "coordinates": [ [ 28.9450698, 41.0069709 ], [ 28.9453751, 41.0071517 ], [ 28.9455337, 41.007313 ] ] }, { "type": "LineString", "coordinates": [ [ 28.9276118, 41.021802 ], [ 28.9277432, 41.0220405 ] ] }, { "type": "LineString", "coordinates": [ [ 28.9277432, 41.0220405 ], [ 28.9276146, 41.0221578 ], [ 28.927628, 41.0223156 ], [ 28.9274579, 41.0224549 ] ] }, { "type": "LineString", "coordinates": [ [ 28.9400285, 41.0167058 ], [ 28.9392071, 41.0172626 ] ] }, { "type": "LineString", "coordinates": [ [ 28.9392071, 41.0172626 ], [ 28.938985, 41.0174132 ] ] }, { "type": "LineString", "coordinates": [ [ 28.934694, 41.020405699999984 ], [ 28.9345415, 41.020151 ], [ 28.9339459, 41.0195977 ], [ 28.9337407, 41.0193693 ], [ 28.9329899, 41.018770199999985 ] ] }, { "type": "LineString", "coordinates": [ [ 28.9268786, 41.0219581 ], [ 28.9272162, 41.0216981 ] ] }, { "type": "LineString", "coordinates": [ [ 28.9277427, 41.0210286 ], [ 28.9280483, 41.0214208 ], [ 28.928129, 41.0215112 ] ] }, { "type": "LineString", "coordinates": [ [ 28.9262938, 41.0199026 ], [ 28.9265779, 41.0197928 ], [ 28.9268576, 41.0196885 ], [ 28.927096, 41.0196558 ], [ 28.9272194, 41.0196715 ], [ 28.9273278, 41.0197615 ], [ 28.9274185, 41.0198646 ] ] }, { "type": "LineString", "coordinates": [ [ 28.9274185, 41.0198646 ], [ 28.9276415, 41.019992499999987 ], [ 28.927738, 41.0200168 ], [ 28.9280631, 41.0199901 ] ] }, { "type": "LineString", "coordinates": [ [ 28.9280745, 41.019663399999985 ], [ 28.9280147, 41.0196777 ] ] }, { "type": "LineString", "coordinates": [ [ 28.9280147, 41.0196777 ], [ 28.92782, 41.0197066 ], [ 28.9276816, 41.01975250000001 ], [ 28.9274185, 41.0198646 ] ] }, { "type": "LineString", "coordinates": [ [ 28.9256149, 41.0202864 ], [ 28.9258283, 41.0202354 ], [ 28.925973, 41.020273400000015 ] ] }, { "type": "LineString", "coordinates": [ [ 28.925973, 41.020273400000015 ], [ 28.92619, 41.0205271 ] ] }, { "type": "LineString", "coordinates": [ [ 28.925973, 41.020273400000015 ], [ 28.9264262, 41.0200977 ] ] }, { "type": "LineString", "coordinates": [ [ 28.9327943, 41.0207791 ], [ 28.9317188, 41.0220188 ] ] }, { "type": "LineString", "coordinates": [ [ 28.9273013, 41.0192526 ], [ 28.9277989, 41.0188023 ] ] }, { "type": "LineString", "coordinates": [ [ 28.9254919, 41.0200833 ], [ 28.9257217, 41.0199698 ], [ 28.925817, 41.0199248 ] ] }, { "type": "LineString", "coordinates": [ [ 28.925817, 41.0199248 ], [ 28.9259551, 41.0198822 ], [ 28.926127, 41.0198496 ], [ 28.9262161, 41.0198617 ], [ 28.9262938, 41.0199026 ] ] }, { "type": "LineString", "coordinates": [ [ 28.926593, 41.0202749 ], [ 28.9262598, 41.0204729 ], [ 28.92619, 41.0205271 ] ] }, { "type": "LineString", "coordinates": [ [ 28.92619, 41.0205271 ], [ 28.9259618, 41.020686 ] ] }, { "type": "LineString", "coordinates": [ [ 28.9284439, 41.0234045 ], [ 28.9291322, 41.0229049 ] ] }, { "type": "LineString", "coordinates": [ [ 28.9312786, 41.020526799999985 ], [ 28.9312339, 41.0206425 ], [ 28.9307546, 41.0211872 ] ] }, { "type": "LineString", "coordinates": [ [ 28.9307546, 41.0211872 ], [ 28.9300407, 41.0219443 ], [ 28.9299669, 41.0219595 ], [ 28.9297696, 41.0218326 ] ] }, { "type": "LineString", "coordinates": [ [ 28.9304438, 41.0210408 ], [ 28.9307546, 41.0211872 ] ] }, { "type": "LineString", "coordinates": [ [ 28.9285749, 41.0229632 ], [ 28.9288876, 41.0227338 ] ] }, { "type": "LineString", "coordinates": [ [ 28.9306762, 41.023145 ], [ 28.9310101, 41.0228825 ] ] }, { "type": "LineString", "coordinates": [ [ 28.9315126, 41.022544 ], [ 28.9318117, 41.0223567 ], [ 28.9322646, 41.0220473 ], [ 28.9326829, 41.0217712 ], [ 28.9329947, 41.0215582 ], [ 28.9332373, 41.0213938 ], [ 28.9334851, 41.0212308 ] ] }, { "type": "LineString", "coordinates": [ [ 28.927911, 41.02287410000001 ], [ 28.9280036, 41.022760299999987 ], [ 28.9283473, 41.0224184 ] ] }, { "type": "LineString", "coordinates": [ [ 28.9283473, 41.0224184 ], [ 28.9289766, 41.0217821 ] ] }, { "type": "LineString", "coordinates": [ [ 28.9289766, 41.0217821 ], [ 28.9291504, 41.0216376 ] ] }, { "type": "LineString", "coordinates": [ [ 28.9283473, 41.0224184 ], [ 28.9287718, 41.0226418 ], [ 28.9288119, 41.0226778 ] ] }, { "type": "LineString", "coordinates": [ [ 28.9288119, 41.0226778 ], [ 28.9288876, 41.0227338 ] ] }, { "type": "LineString", "coordinates": [ [ 28.9288876, 41.0227338 ], [ 28.9291322, 41.0229049 ] ] }, { "type": "LineString", "coordinates": [ [ 28.9291322, 41.0229049 ], [ 28.9292776, 41.0230158 ], [ 28.9295114, 41.0230918 ], [ 28.9297201, 41.0231602 ] ] }, { "type": "LineString", "coordinates": [ [ 28.9301205, 41.0214153 ], [ 28.9299863, 41.0215748 ], [ 28.9299573, 41.0216094 ], [ 28.9297696, 41.0218326 ] ] }, { "type": "LineString", "coordinates": [ [ 28.9297696, 41.0218326 ], [ 28.9295878, 41.0220283 ] ] }, { "type": "LineString", "coordinates": [ [ 28.9295878, 41.0220283 ], [ 28.9292789, 41.0223015 ] ] }, { "type": "LineString", "coordinates": [ [ 28.9292789, 41.0223015 ], [ 28.9290775, 41.0224638 ], [ 28.9288119, 41.0226778 ] ] }, { "type": "LineString", "coordinates": [ [ 28.9289766, 41.0217821 ], [ 28.9295878, 41.0220283 ] ] }, { "type": "LineString", "coordinates": [ [ 28.9309012, 41.02028330000001 ], [ 28.9303869, 41.0202865 ], [ 28.9303666, 41.0201949 ], [ 28.9302915, 41.0197982 ], [ 28.9302513, 41.019717300000011 ], [ 28.9301869, 41.0195999 ], [ 28.930139, 41.0195097 ] ] }, { "type": "LineString", "coordinates": [ [ 28.9281519, 41.0201638 ], [ 28.9284622, 41.020115 ] ] }, { "type": "LineString", "coordinates": [ [ 28.9284622, 41.020115 ], [ 28.9286625, 41.0200866 ] ] }, { "type": "LineString", "coordinates": [ [ 28.9307905, 41.0199668 ], [ 28.9311634, 41.019907099999983 ] ] }, { "type": "LineString", "coordinates": [ [ 28.9311634, 41.019907099999983 ], [ 28.9316085, 41.0198579 ] ] }, { "type": "LineString", "coordinates": [ [ 28.9316085, 41.0198579 ], [ 28.932137, 41.0197798 ] ] }, { "type": "LineString", "coordinates": [ [ 28.9311775, 41.0176688 ], [ 28.9312157, 41.017755 ], [ 28.9312398, 41.0178713 ], [ 28.9312801, 41.018101 ], [ 28.9313562, 41.0185581 ] ] }, { "type": "LineString", "coordinates": [ [ 28.9313562, 41.0185581 ], [ 28.9314383, 41.0190077 ], [ 28.9314893, 41.0192465 ], [ 28.9315491, 41.0194988 ] ] }, { "type": "LineString", "coordinates": [ [ 28.9315491, 41.0194988 ], [ 28.9315578, 41.0195437 ] ] }, { "type": "LineString", "coordinates": [ [ 28.9315578, 41.0195437 ], [ 28.9315885, 41.0197018 ], [ 28.9316085, 41.0198579 ] ] }, { "type": "LineString", "coordinates": [ [ 28.9311634, 41.019907099999983 ], [ 28.9310998, 41.0195399 ] ] }, { "type": "LineString", "coordinates": [ [ 28.9310998, 41.0195399 ], [ 28.9309389, 41.0186104 ] ] }, { "type": "LineString", "coordinates": [ [ 28.9309389, 41.0186104 ], [ 28.9308322, 41.0178568 ] ] }, { "type": "LineString", "coordinates": [ [ 28.9310998, 41.0195399 ], [ 28.9315491, 41.0194988 ] ] }, { "type": "LineString", "coordinates": [ [ 28.9294768, 41.0205444 ], [ 28.9293795, 41.02020910000001 ], [ 28.9293274, 41.0199305 ], [ 28.9292367, 41.019645 ] ] }, { "type": "LineString", "coordinates": [ [ 28.9292367, 41.019645 ], [ 28.9291695, 41.0192667 ] ] }, { "type": "LineString", "coordinates": [ [ 28.9291695, 41.0192667 ], [ 28.929078, 41.0190218 ], [ 28.9291233, 41.0187625 ] ] }, { "type": "LineString", "coordinates": [ [ 28.9296016, 41.0187301 ], [ 28.9298832, 41.0185203 ], [ 28.9300005, 41.0184355 ], [ 28.930144, 41.0182348 ], [ 28.930258, 41.0181494 ], [ 28.9303336, 41.0181099 ], [ 28.9304525, 41.0180379 ] ] }, { "type": "LineString", "coordinates": [ [ 28.9304525, 41.0180379 ], [ 28.9308322, 41.0178568 ] ] }, { "type": "LineString", "coordinates": [ [ 28.9308322, 41.0178568 ], [ 28.9311775, 41.0176688 ] ] }, { "type": "LineString", "coordinates": [ [ 28.9305478, 41.0186446 ], [ 28.9304525, 41.0180379 ] ] }, { "type": "LineString", "coordinates": [ [ 28.9324909, 41.020559100000021 ], [ 28.9322066, 41.020571 ] ] }, { "type": "LineString", "coordinates": [ [ 28.9322066, 41.020571 ], [ 28.932083, 41.020564400000012 ], [ 28.9317364, 41.0205471 ], [ 28.9316814, 41.020543 ] ] }, { "type": "LineString", "coordinates": [ [ 28.9316814, 41.020543 ], [ 28.9312786, 41.020526799999985 ] ] }, { "type": "LineString", "coordinates": [ [ 28.9312786, 41.020526799999985 ], [ 28.9309274, 41.0205283 ] ] }, { "type": "LineString", "coordinates": [ [ 28.9307922, 41.020528 ], [ 28.9300233, 41.0205187 ], [ 28.9299656, 41.0205251 ] ] }, { "type": "LineString", "coordinates": [ [ 28.9299656, 41.0205251 ], [ 28.929791, 41.0205276 ] ] }, { "type": "LineString", "coordinates": [ [ 28.929791, 41.0205276 ], [ 28.9294768, 41.0205444 ] ] }, { "type": "LineString", "coordinates": [ [ 28.9294768, 41.0205444 ], [ 28.9289515, 41.0206797 ] ] }, { "type": "LineString", "coordinates": [ [ 28.9289515, 41.0206797 ], [ 28.9287029, 41.0207451 ], [ 28.9285785, 41.0207779 ], [ 28.9283337, 41.0208424 ] ] }, { "type": "LineString", "coordinates": [ [ 28.9310924, 41.0166852 ], [ 28.9312066, 41.0168042 ] ] }, { "type": "LineString", "coordinates": [ [ 28.9312066, 41.0168042 ], [ 28.9317904, 41.017293199999983 ] ] }, { "type": "LineString", "coordinates": [ [ 28.9279148, 41.0188085 ], [ 28.9279765, 41.018801 ] ] }, { "type": "LineString", "coordinates": [ [ 28.9279765, 41.018801 ], [ 28.92862, 41.018789699999978 ] ] }, { "type": "LineString", "coordinates": [ [ 28.92862, 41.018789699999978 ], [ 28.9291233, 41.0187625 ] ] }, { "type": "LineString", "coordinates": [ [ 28.9291233, 41.0187625 ], [ 28.9292863, 41.018767 ], [ 28.9296016, 41.0187301 ] ] }, { "type": "LineString", "coordinates": [ [ 28.9312066, 41.0168042 ], [ 28.930963, 41.0170283 ] ] }, { "type": "LineString", "coordinates": [ [ 28.9294139, 41.0178873 ], [ 28.9291484, 41.0180023 ], [ 28.9289969, 41.0180954 ], [ 28.9288668, 41.0183575 ], [ 28.9287945, 41.0184518 ], [ 28.9286971, 41.0185945 ], [ 28.92862, 41.018789699999978 ] ] }, { "type": "LineString", "coordinates": [ [ 28.928039, 41.0192931 ], [ 28.9280745, 41.019663399999985 ] ] }, { "type": "LineString", "coordinates": [ [ 28.9280745, 41.019663399999985 ], [ 28.9281075, 41.0198324 ] ] }, { "type": "LineString", "coordinates": [ [ 28.9281075, 41.0198324 ], [ 28.9281519, 41.0201638 ] ] }, { "type": "LineString", "coordinates": [ [ 28.9281519, 41.0201638 ], [ 28.9281765, 41.0204083 ], [ 28.9281921, 41.020479099999989 ], [ 28.9282143, 41.0205368 ], [ 28.9282943, 41.0206184 ] ] }, { "type": "LineString", "coordinates": [ [ 28.9281215, 41.0205993 ], [ 28.9280631, 41.0199901 ] ] }, { "type": "LineString", "coordinates": [ [ 28.9280631, 41.0199901 ], [ 28.9280441, 41.0198375 ] ] }, { "type": "LineString", "coordinates": [ [ 28.9280441, 41.0198375 ], [ 28.9280147, 41.0196777 ] ] }, { "type": "LineString", "coordinates": [ [ 28.9280147, 41.0196777 ], [ 28.9280001, 41.0195713 ] ] }, { "type": "LineString", "coordinates": [ [ 28.9403083, 41.014521799999983 ], [ 28.9397078, 41.0148833 ] ] }, { "type": "LineString", "coordinates": [ [ 28.9380416, 41.0154123 ], [ 28.9388387, 41.0149568 ] ] }, { "type": "LineString", "coordinates": [ [ 28.9396287, 41.0134673 ], [ 28.9387798, 41.0139274 ] ] }, { "type": "LineString", "coordinates": [ [ 28.9387798, 41.0139274 ], [ 28.9382135, 41.0142219 ] ] }, { "type": "LineString", "coordinates": [ [ 28.9382135, 41.0142219 ], [ 28.9377804, 41.0144187 ], [ 28.9373771, 41.0146568 ] ] }, { "type": "LineString", "coordinates": [ [ 28.9391179, 41.0160629 ], [ 28.9394825, 41.0163131 ], [ 28.9397018, 41.016476 ] ] }, { "type": "LineString", "coordinates": [ [ 28.9397018, 41.016476 ], [ 28.9400285, 41.0167058 ] ] }, { "type": "LineString", "coordinates": [ [ 28.9397018, 41.016476 ], [ 28.9389472, 41.0170292 ], [ 28.9392071, 41.0172626 ] ] }, { "type": "LineString", "coordinates": [ [ 28.939383, 41.0155101 ], [ 28.9388387, 41.0149568 ] ] }, { "type": "LineString", "coordinates": [ [ 28.9388387, 41.0149568 ], [ 28.9385559, 41.0146271 ] ] }, { "type": "LineString", "coordinates": [ [ 28.9385559, 41.0146271 ], [ 28.9382135, 41.0142219 ] ] }, { "type": "LineString", "coordinates": [ [ 28.9382135, 41.0142219 ], [ 28.9378564, 41.0137957 ] ] }, { "type": "LineString", "coordinates": [ [ 28.941526, 41.0149265 ], [ 28.9411198, 41.0145645 ], [ 28.9408934, 41.0143133 ] ] }, { "type": "LineString", "coordinates": [ [ 28.9408934, 41.0143133 ], [ 28.9403744, 41.0137102 ] ] }, { "type": "LineString", "coordinates": [ [ 28.9414029, 41.013506 ], [ 28.9416718, 41.0139676 ] ] }, { "type": "LineString", "coordinates": [ [ 28.9425059, 41.0150854 ], [ 28.942091, 41.0147194 ] ] }, { "type": "LineString", "coordinates": [ [ 28.942091, 41.0147194 ], [ 28.941526, 41.0149265 ] ] }, { "type": "LineString", "coordinates": [ [ 28.941526, 41.0149265 ], [ 28.9410336, 41.015200299999989 ] ] }, { "type": "LineString", "coordinates": [ [ 28.9419327, 41.0121067 ], [ 28.941367, 41.0123256 ] ] }, { "type": "LineString", "coordinates": [ [ 28.9437742, 41.0130289 ], [ 28.9443679, 41.012781399999987 ] ] }, { "type": "LineString", "coordinates": [ [ 28.9435386, 41.0126912 ], [ 28.9441141, 41.0124535 ] ] }, { "type": "LineString", "coordinates": [ [ 28.9438742, 41.0131582 ], [ 28.9432529, 41.0134274 ] ] }, { "type": "LineString", "coordinates": [ [ 28.9432529, 41.0134274 ], [ 28.942715, 41.0136494 ] ] }, { "type": "LineString", "coordinates": [ [ 28.9434963, 41.013742799999989 ], [ 28.9432529, 41.0134274 ] ] }, { "type": "LineString", "coordinates": [ [ 28.9432529, 41.0134274 ], [ 28.9426479, 41.0126162 ] ] }, { "type": "LineString", "coordinates": [ [ 28.9426479, 41.0126162 ], [ 28.9420989, 41.0118545 ], [ 28.9417537, 41.0114613 ] ] }, { "type": "LineString", "coordinates": [ [ 28.9446508, 41.012324499999984 ], [ 28.9446521, 41.0124277 ], [ 28.9441629, 41.0125253 ] ] }, { "type": "LineString", "coordinates": [ [ 28.9439924, 41.0108777 ], [ 28.9442765, 41.0114781 ] ] }, { "type": "LineString", "coordinates": [ [ 28.9442765, 41.0114781 ], [ 28.9444551, 41.0120428 ] ] }, { "type": "LineString", "coordinates": [ [ 28.9448308, 41.0133601 ], [ 28.9445724, 41.01302780000001 ] ] }, { "type": "LineString", "coordinates": [ [ 28.9445724, 41.01302780000001 ], [ 28.9443679, 41.012781399999987 ] ] }, { "type": "LineString", "coordinates": [ [ 28.9443679, 41.012781399999987 ], [ 28.9441629, 41.0125253 ] ] }, { "type": "LineString", "coordinates": [ [ 28.9441629, 41.0125253 ], [ 28.9441141, 41.0124535 ] ] }, { "type": "LineString", "coordinates": [ [ 28.9441141, 41.0124535 ], [ 28.9438546, 41.0121302 ] ] }, { "type": "LineString", "coordinates": [ [ 28.9438546, 41.0121302 ], [ 28.943606, 41.0117717 ] ] }, { "type": "LineString", "coordinates": [ [ 28.943606, 41.0117717 ], [ 28.9431499, 41.0110982 ] ] }, { "type": "LineString", "coordinates": [ [ 28.9446836, 41.01128460000001 ], [ 28.9450341, 41.0120005 ] ] }, { "type": "LineString", "coordinates": [ [ 28.9450341, 41.0120005 ], [ 28.9450908, 41.0120468 ], [ 28.9451325, 41.01210660000001 ] ] }, { "type": "LineString", "coordinates": [ [ 28.9377727, 41.0150286 ], [ 28.9385559, 41.0146271 ] ] }, { "type": "LineString", "coordinates": [ [ 28.9385559, 41.0146271 ], [ 28.939153, 41.014330599999987 ] ] }, { "type": "LineString", "coordinates": [ [ 28.939153, 41.014330599999987 ], [ 28.9398609, 41.0139462 ] ] }, { "type": "LineString", "coordinates": [ [ 28.9453119, 41.0110632 ], [ 28.9453414, 41.0111359 ] ] }, { "type": "LineString", "coordinates": [ [ 28.9453414, 41.0111359 ], [ 28.945687, 41.0119741 ] ] }, { "type": "LineString", "coordinates": [ [ 28.9464957, 41.0115489 ], [ 28.9470861, 41.0113054 ] ] }, { "type": "LineString", "coordinates": [ [ 28.9482238, 41.0099818 ], [ 28.9484293, 41.0105469 ] ] }, { "type": "LineString", "coordinates": [ [ 28.9448308, 41.0133601 ], [ 28.9451592, 41.0131662 ], [ 28.9452655, 41.0131008 ], [ 28.9457132, 41.0128058 ] ] }, { "type": "LineString", "coordinates": [ [ 28.9457132, 41.0128058 ], [ 28.9459011, 41.0126576 ], [ 28.9460837, 41.0125356 ], [ 28.9463747, 41.0123367 ], [ 28.9470359, 41.0119048 ] ] }, { "type": "LineString", "coordinates": [ [ 28.9465776, 41.0102057 ], [ 28.9468886, 41.01072 ] ] }, { "type": "LineString", "coordinates": [ [ 28.9469658, 41.01084 ], [ 28.947538, 41.0105849 ] ] }, { "type": "LineString", "coordinates": [ [ 28.9411157, 41.0154379 ], [ 28.9412898, 41.0155224 ], [ 28.9414135, 41.0155857 ], [ 28.9415109, 41.015618 ], [ 28.9416107, 41.0156364 ], [ 28.9416909, 41.0156387 ], [ 28.9417784, 41.015618899999986 ], [ 28.9418896, 41.0155842 ] ] }, { "type": "LineString", "coordinates": [ [ 28.9393966, 41.0127186 ], [ 28.9396283, 41.0131806 ] ] }, { "type": "LineString", "coordinates": [ [ 28.9397455, 41.0134223 ], [ 28.9399331, 41.013789399999986 ], [ 28.939995, 41.0138931 ] ] }, { "type": "LineString", "coordinates": [ [ 28.939995, 41.0138931 ], [ 28.9401908, 41.0142106 ], [ 28.9402657, 41.01431560000001 ], [ 28.9403869, 41.0144909 ] ] }, { "type": "LineString", "coordinates": [ [ 28.9403869, 41.0144909 ], [ 28.9407807, 41.0150604 ], [ 28.9409367, 41.015255799999984 ], [ 28.9410062, 41.0153382 ] ] }, { "type": "LineString", "coordinates": [ [ 28.9572658, 41.0261269 ], [ 28.9575718, 41.0261014 ] ] }, { "type": "LineString", "coordinates": [ [ 28.9575718, 41.0261014 ], [ 28.9577232, 41.0259113 ] ] }, { "type": "LineString", "coordinates": [ [ 28.9577232, 41.0259113 ], [ 28.9577371, 41.0258174 ] ] }, { "type": "LineString", "coordinates": [ [ 28.9577371, 41.0258174 ], [ 28.9579628, 41.0255393 ] ] }, { "type": "LineString", "coordinates": [ [ 28.9621166, 41.023025699999984 ], [ 28.9620138, 41.0230819 ], [ 28.961889, 41.0231502 ], [ 28.961809, 41.023192 ], [ 28.9617243, 41.0232131 ], [ 28.9616402, 41.0232221 ], [ 28.9615485, 41.0232267 ], [ 28.9614575, 41.0232265 ], [ 28.9613457, 41.0232263 ] ] }, { "type": "LineString", "coordinates": [ [ 28.9731284, 41.0178982 ], [ 28.973192909549997, 41.017904493638767 ] ] }, { "type": "LineString", "coordinates": [ [ 28.973192909549997, 41.017904493638767 ], [ 28.973276, 41.01791260000001 ] ] }, { "type": "LineString", "coordinates": [ [ 28.9733527, 41.0176725 ], [ 28.973175711068585, 41.017680354042128 ] ] }, { "type": "LineString", "coordinates": [ [ 28.973175711068585, 41.017680354042128 ], [ 28.9729065, 41.0176923 ] ] }, { "type": "LineString", "coordinates": [ [ 28.9732558, 41.0179928 ], [ 28.973199489621752, 41.017990248063093 ] ] }, { "type": "LineString", "coordinates": [ [ 28.973199489621752, 41.017990248063093 ], [ 28.9731212, 41.0179867 ] ] }, { "type": "LineString", "coordinates": [ [ 28.9543876, 41.0143951 ], [ 28.954488466763095, 41.014509989978713 ] ] }, { "type": "LineString", "coordinates": [ [ 28.954488466763095, 41.014509989978713 ], [ 28.9545293, 41.0145565 ], [ 28.954567181556332, 41.014599655622661 ] ] }, { "type": "LineString", "coordinates": [ [ 28.954567181556332, 41.014599655622661 ], [ 28.954580238459975, 41.01461453035958 ] ] }, { "type": "LineString", "coordinates": [ [ 28.954580238459975, 41.01461453035958 ], [ 28.9546708, 41.0147177 ], [ 28.9546680069895, 41.014742256031383 ] ] }, { "type": "LineString", "coordinates": [ [ 28.9546680069895, 41.014742256031383 ], [ 28.9546559, 41.0148487 ] ] }, { "type": "LineString", "coordinates": [ [ 28.9545626, 41.0148804 ], [ 28.954451401922849, 41.014844745790924 ] ] }, { "type": "LineString", "coordinates": [ [ 28.954451401922849, 41.014844745790924 ], [ 28.9544182, 41.0148341 ], [ 28.954341261641311, 41.01474968242804 ] ] }, { "type": "LineString", "coordinates": [ [ 28.954341261641311, 41.01474968242804 ], [ 28.9542855, 41.0146885 ], [ 28.954277105979845, 41.014679296938652 ] ] }, { "type": "LineString", "coordinates": [ [ 28.954277105979845, 41.014679296938652 ], [ 28.954249552798018, 41.014649088074407 ] ] }, { "type": "LineString", "coordinates": [ [ 28.954249552798018, 41.014649088074407 ], [ 28.9541693, 41.0145611 ], [ 28.954162, 41.0144391 ] ] }, { "type": "LineString", "coordinates": [ [ 28.9474083, 41.0183372 ], [ 28.947015, 41.018729 ] ] }, { "type": "LineString", "coordinates": [ [ 28.9489301, 41.0170534 ], [ 28.9496468, 41.0174814 ] ] }, { "type": "LineString", "coordinates": [ [ 28.9438899, 41.0167693 ], [ 28.944437, 41.0170951 ] ] }, { "type": "LineString", "coordinates": [ [ 28.9475753, 41.0184097 ], [ 28.9482938, 41.0188072 ] ] }, { "type": "LineString", "coordinates": [ [ 28.9478636, 41.0192141 ], [ 28.9471994, 41.0188413 ] ] }, { "type": "LineString", "coordinates": [ [ 28.9450951, 41.0183531 ], [ 28.9455408, 41.0178793 ] ] }, { "type": "LineString", "coordinates": [ [ 28.9471994, 41.0188413 ], [ 28.9467531, 41.0192693 ] ] }, { "type": "LineString", "coordinates": [ [ 28.9443671, 41.0145159 ], [ 28.9450069, 41.015042399999984 ] ] }, { "type": "LineString", "coordinates": [ [ 28.945864, 41.0157574 ], [ 28.9464729, 41.016249 ] ] }, { "type": "LineString", "coordinates": [ [ 28.9454712, 41.0147317 ], [ 28.9462899, 41.0154406 ] ] }, { "type": "LineString", "coordinates": [ [ 28.9474826, 41.0140319 ], [ 28.9486658, 41.013733 ] ] }, { "type": "LineString", "coordinates": [ [ 28.948349, 41.015671 ], [ 28.947833, 41.015949 ] ] }, { "type": "LineString", "coordinates": [ [ 28.947833, 41.015949 ], [ 28.9472693, 41.0162437 ] ] }, { "type": "LineString", "coordinates": [ [ 28.9472693, 41.0162437 ], [ 28.9463155, 41.0171463 ] ] }, { "type": "LineString", "coordinates": [ [ 28.9474528, 41.0166816 ], [ 28.9480212, 41.017009 ] ] }, { "type": "LineString", "coordinates": [ [ 28.9441366, 41.0156553 ], [ 28.9431931, 41.0165542 ] ] }, { "type": "LineString", "coordinates": [ [ 28.9431931, 41.0165542 ], [ 28.9428322, 41.016898 ] ] }, { "type": "LineString", "coordinates": [ [ 28.9422038, 41.0164805 ], [ 28.9427733, 41.0161137 ], [ 28.943302, 41.0157073 ] ] }, { "type": "LineString", "coordinates": [ [ 28.943302, 41.0157073 ], [ 28.9438177, 41.0153728 ] ] }, { "type": "LineString", "coordinates": [ [ 28.9489492, 41.014332 ], [ 28.948507, 41.0144341 ], [ 28.9484745, 41.0144413 ] ] }, { "type": "LineString", "coordinates": [ [ 28.9484745, 41.0144413 ], [ 28.948326, 41.014474 ] ] }, { "type": "LineString", "coordinates": [ [ 28.948326, 41.014474 ], [ 28.9479339, 41.0145595 ] ] }, { "type": "LineString", "coordinates": [ [ 28.9479339, 41.0145595 ], [ 28.9475984, 41.0147477 ] ] }, { "type": "LineString", "coordinates": [ [ 28.9441366, 41.0156553 ], [ 28.9438177, 41.0153728 ] ] }, { "type": "LineString", "coordinates": [ [ 28.9438177, 41.0153728 ], [ 28.9434898, 41.0151133 ] ] }, { "type": "LineString", "coordinates": [ [ 28.9455885, 41.0186154 ], [ 28.9450511, 41.0191742 ] ] }, { "type": "LineString", "coordinates": [ [ 28.9450511, 41.0191742 ], [ 28.9445728, 41.0196545 ] ] }, { "type": "LineString", "coordinates": [ [ 28.9422038, 41.0164805 ], [ 28.9425166, 41.0166807 ] ] }, { "type": "LineString", "coordinates": [ [ 28.9425166, 41.0166807 ], [ 28.9427848, 41.0168654 ], [ 28.9428322, 41.016898 ] ] }, { "type": "LineString", "coordinates": [ [ 28.9428322, 41.016898 ], [ 28.9433929, 41.0172592 ] ] }, { "type": "LineString", "coordinates": [ [ 28.9517767, 41.016024899999984 ], [ 28.9517312, 41.0157974 ] ] }, { "type": "LineString", "coordinates": [ [ 28.9517312, 41.0157974 ], [ 28.9517256, 41.0157795 ], [ 28.9515276, 41.0155005 ] ] }, { "type": "LineString", "coordinates": [ [ 28.9515276, 41.0155005 ], [ 28.9511866, 41.015034300000011 ] ] }, { "type": "LineString", "coordinates": [ [ 28.949699, 41.0164809 ], [ 28.9503482, 41.0169282 ] ] }, { "type": "LineString", "coordinates": [ [ 28.9464296, 41.0134369 ], [ 28.9468232, 41.0132364 ] ] }, { "type": "LineString", "coordinates": [ [ 28.9468232, 41.0132364 ], [ 28.947149, 41.0130766 ], [ 28.94745, 41.012929 ], [ 28.9477626, 41.0127762 ], [ 28.9480447, 41.012657 ], [ 28.9482235, 41.012555 ] ] }, { "type": "LineString", "coordinates": [ [ 28.9468232, 41.0132364 ], [ 28.9470704, 41.0135344 ] ] }, { "type": "LineString", "coordinates": [ [ 28.9470704, 41.0135344 ], [ 28.9474826, 41.0140319 ] ] }, { "type": "LineString", "coordinates": [ [ 28.9474826, 41.0140319 ], [ 28.9479339, 41.0145595 ] ] }, { "type": "LineString", "coordinates": [ [ 28.9479339, 41.0145595 ], [ 28.9484327, 41.0151532 ] ] }, { "type": "LineString", "coordinates": [ [ 28.9484327, 41.0151532 ], [ 28.9489615, 41.0157592 ] ] }, { "type": "LineString", "coordinates": [ [ 28.9511112, 41.014043 ], [ 28.950913, 41.0137672 ], [ 28.9513729, 41.0135874 ] ] }, { "type": "LineString", "coordinates": [ [ 28.9516188, 41.013867500000011 ], [ 28.9511112, 41.014043 ] ] }, { "type": "LineString", "coordinates": [ [ 28.9511112, 41.014043 ], [ 28.9510136, 41.014082 ] ] }, { "type": "LineString", "coordinates": [ [ 28.9510136, 41.014082 ], [ 28.9505905, 41.014225699999983 ], [ 28.9502944, 41.0143286 ] ] }, { "type": "LineString", "coordinates": [ [ 28.9502944, 41.0143286 ], [ 28.9500648, 41.0144329 ] ] }, { "type": "LineString", "coordinates": [ [ 28.9500648, 41.0144329 ], [ 28.9498414, 41.0145256 ] ] }, { "type": "LineString", "coordinates": [ [ 28.9498414, 41.0145256 ], [ 28.9492155, 41.0147663 ], [ 28.9490895, 41.0148234 ] ] }, { "type": "LineString", "coordinates": [ [ 28.9491876, 41.0125022 ], [ 28.9494023, 41.0126695 ] ] }, { "type": "LineString", "coordinates": [ [ 28.9494023, 41.0126695 ], [ 28.949415, 41.0126794 ], [ 28.9498095, 41.0129658 ] ] }, { "type": "LineString", "coordinates": [ [ 28.953002, 41.0125636 ], [ 28.9526595, 41.0127368 ], [ 28.9525501, 41.012786700000014 ] ] }, { "type": "LineString", "coordinates": [ [ 28.9525501, 41.012786700000014 ], [ 28.9522589, 41.012941800000014 ] ] }, { "type": "LineString", "coordinates": [ [ 28.9528079, 41.0113698 ], [ 28.9527487, 41.01174 ], [ 28.9527266, 41.011889 ], [ 28.9527066, 41.0119612 ] ] }, { "type": "LineString", "coordinates": [ [ 28.9527066, 41.0119612 ], [ 28.952644, 41.0120036 ], [ 28.9524826, 41.0120808 ], [ 28.95214, 41.0122405 ] ] }, { "type": "LineString", "coordinates": [ [ 28.9528682, 41.0137177 ], [ 28.9523299, 41.0130322 ], [ 28.9522589, 41.012941800000014 ] ] }, { "type": "LineString", "coordinates": [ [ 28.9510547, 41.013301 ], [ 28.950552, 41.013490899999987 ], [ 28.9501075, 41.01358 ], [ 28.9498125, 41.0136107 ] ] }, { "type": "LineString", "coordinates": [ [ 28.9494511, 41.0132421 ], [ 28.9497211, 41.0130382 ], [ 28.9498095, 41.0129658 ] ] }, { "type": "LineString", "coordinates": [ [ 28.9498095, 41.0129658 ], [ 28.9500423, 41.0128011 ] ] }, { "type": "LineString", "coordinates": [ [ 28.9500423, 41.0128011 ], [ 28.9501812, 41.0127117 ], [ 28.9503211, 41.01263669999998 ], [ 28.950456, 41.0125612 ] ] }, { "type": "LineString", "coordinates": [ [ 28.9489296, 41.012802899999983 ], [ 28.9494511, 41.0132421 ] ] }, { "type": "LineString", "coordinates": [ [ 28.9494511, 41.0132421 ], [ 28.9498125, 41.0136107 ] ] }, { "type": "LineString", "coordinates": [ [ 28.9472584, 41.0157851 ], [ 28.9469231, 41.0159623 ] ] }, { "type": "LineString", "coordinates": [ [ 28.9419708, 41.0205756 ], [ 28.941719, 41.0208304 ] ] }, { "type": "LineString", "coordinates": [ [ 28.941719, 41.0208304 ], [ 28.941411, 41.021135 ] ] }, { "type": "LineString", "coordinates": [ [ 28.941411, 41.021135 ], [ 28.9409652, 41.0215868 ], [ 28.9408472, 41.021684 ] ] }, { "type": "LineString", "coordinates": [ [ 28.9325512, 41.0253487 ], [ 28.93284, 41.0251837 ] ] }, { "type": "LineString", "coordinates": [ [ 28.9329089, 41.0251623 ], [ 28.9333988, 41.0247841 ], [ 28.9338413, 41.024433 ] ] }, { "type": "LineString", "coordinates": [ [ 28.9330477, 41.0240471 ], [ 28.9333643, 41.0242587 ] ] }, { "type": "LineString", "coordinates": [ [ 28.9352343, 41.0215936 ], [ 28.9355142, 41.0217567 ], [ 28.935666, 41.0218451 ], [ 28.9357649, 41.0219027 ] ] }, { "type": "LineString", "coordinates": [ [ 28.9357649, 41.0219027 ], [ 28.9359263, 41.0219968 ] ] }, { "type": "LineString", "coordinates": [ [ 28.9359263, 41.0219968 ], [ 28.9360695, 41.0220791 ] ] }, { "type": "LineString", "coordinates": [ [ 28.9360695, 41.0220791 ], [ 28.9362813, 41.0222161 ] ] }, { "type": "LineString", "coordinates": [ [ 28.9320586, 41.0248046 ], [ 28.9322906, 41.0245755 ] ] }, { "type": "LineString", "coordinates": [ [ 28.9322906, 41.0245755 ], [ 28.9320121, 41.0243804 ] ] }, { "type": "LineString", "coordinates": [ [ 28.9322906, 41.0245755 ], [ 28.9328471, 41.0242197 ] ] }, { "type": "LineString", "coordinates": [ [ 28.9328471, 41.0242197 ], [ 28.9330477, 41.0240471 ] ] }, { "type": "LineString", "coordinates": [ [ 28.9330477, 41.0240471 ], [ 28.9335753, 41.0237497 ] ] }, { "type": "LineString", "coordinates": [ [ 28.937384, 41.0200769 ], [ 28.9374705, 41.0200967 ], [ 28.9377303, 41.020375299999984 ] ] }, { "type": "LineString", "coordinates": [ [ 28.9377303, 41.020375299999984 ], [ 28.9379768, 41.020639699999982 ], [ 28.9380182, 41.0207249 ] ] }, { "type": "LineString", "coordinates": [ [ 28.9380182, 41.0207249 ], [ 28.9380977, 41.020888199999987 ], [ 28.9381397, 41.020980699999988 ], [ 28.9381557, 41.021016 ] ] }, { "type": "LineString", "coordinates": [ [ 28.9393157, 41.0216941 ], [ 28.9391306, 41.02140880000001 ], [ 28.938994, 41.02133460000001 ] ] }, { "type": "LineString", "coordinates": [ [ 28.938994, 41.02133460000001 ], [ 28.9389778, 41.0213258 ], [ 28.9388597, 41.0213015 ], [ 28.938217, 41.0213971 ] ] }, { "type": "LineString", "coordinates": [ [ 28.9378797, 41.0213628 ], [ 28.9378125, 41.0213836 ], [ 28.9377443, 41.0214127 ], [ 28.9377971, 41.0215078 ] ] }, { "type": "LineString", "coordinates": [ [ 28.9377971, 41.0215078 ], [ 28.9378713, 41.0216415 ] ] }, { "type": "LineString", "coordinates": [ [ 28.9415098, 41.0236489 ], [ 28.9416492, 41.0235922 ], [ 28.9419168, 41.023494400000011 ] ] }, { "type": "LineString", "coordinates": [ [ 28.9419168, 41.023494400000011 ], [ 28.9421428, 41.0234222 ], [ 28.9424467, 41.023344 ] ] }, { "type": "LineString", "coordinates": [ [ 28.9424467, 41.023344 ], [ 28.9425943, 41.0233157 ] ] }, { "type": "LineString", "coordinates": [ [ 28.9425943, 41.0233157 ], [ 28.9426612, 41.0233062 ] ] }, { "type": "LineString", "coordinates": [ [ 28.9426612, 41.0233062 ], [ 28.9427958, 41.0232811 ] ] }, { "type": "LineString", "coordinates": [ [ 28.9427958, 41.0232811 ], [ 28.9430989, 41.023255399999989 ] ] }, { "type": "LineString", "coordinates": [ [ 28.9419748, 41.022728 ], [ 28.9422726, 41.0230485 ], [ 28.9424467, 41.023344 ] ] }, { "type": "LineString", "coordinates": [ [ 28.9419168, 41.023494400000011 ], [ 28.942009, 41.023734 ] ] }, { "type": "LineString", "coordinates": [ [ 28.942009, 41.023734 ], [ 28.9421087, 41.0240169 ] ] }, { "type": "LineString", "coordinates": [ [ 28.9429194, 41.0227818 ], [ 28.9432693, 41.0226452 ] ] }, { "type": "LineString", "coordinates": [ [ 28.9432693, 41.0226452 ], [ 28.9441623, 41.0224581 ] ] }, { "type": "LineString", "coordinates": [ [ 28.943538, 41.023161699999989 ], [ 28.9432693, 41.0226452 ] ] }, { "type": "LineString", "coordinates": [ [ 28.9450511, 41.0191742 ], [ 28.9455191, 41.0194471 ] ] }, { "type": "LineString", "coordinates": [ [ 28.9401451, 41.022198299999985 ], [ 28.9399427, 41.0217021 ] ] }, { "type": "LineString", "coordinates": [ [ 28.9441623, 41.0224581 ], [ 28.9440954, 41.0223538 ], [ 28.9439833, 41.0221891 ] ] }, { "type": "LineString", "coordinates": [ [ 28.9439833, 41.0221891 ], [ 28.9438771, 41.0219994 ], [ 28.9437569, 41.021700799999984 ], [ 28.9437458, 41.0216493 ] ] }, { "type": "LineString", "coordinates": [ [ 28.9426344, 41.0225004 ], [ 28.9432171, 41.0223837 ], [ 28.9435575, 41.022307 ], [ 28.9439833, 41.0221891 ] ] }, { "type": "LineString", "coordinates": [ [ 28.9441263, 41.0201038 ], [ 28.9436301, 41.0198256 ] ] }, { "type": "LineString", "coordinates": [ [ 28.9436301, 41.0198256 ], [ 28.943041, 41.019477 ] ] }, { "type": "LineString", "coordinates": [ [ 28.9455095, 41.0202082 ], [ 28.9450074, 41.0206995 ] ] }, { "type": "LineString", "coordinates": [ [ 28.9450074, 41.0206995 ], [ 28.9444245, 41.0212821 ] ] }, { "type": "LineString", "coordinates": [ [ 28.9443676, 41.0219615 ], [ 28.9451505, 41.021246599999984 ] ] }, { "type": "LineString", "coordinates": [ [ 28.9445569, 41.020444299999987 ], [ 28.9450074, 41.0206995 ] ] }, { "type": "LineString", "coordinates": [ [ 28.9439808, 41.0185242 ], [ 28.9433565, 41.0181686 ] ] }, { "type": "LineString", "coordinates": [ [ 28.941896, 41.0215605 ], [ 28.9425529, 41.0209127 ] ] }, { "type": "LineString", "coordinates": [ [ 28.9425529, 41.0209127 ], [ 28.9433534, 41.0201234 ] ] }, { "type": "LineString", "coordinates": [ [ 28.9433534, 41.0201234 ], [ 28.9436301, 41.0198256 ] ] }, { "type": "LineString", "coordinates": [ [ 28.9436301, 41.0198256 ], [ 28.9440953, 41.0193749 ] ] }, { "type": "LineString", "coordinates": [ [ 28.9459173, 41.0211764 ], [ 28.9451505, 41.021246599999984 ] ] }, { "type": "LineString", "coordinates": [ [ 28.9451505, 41.021246599999984 ], [ 28.9446866, 41.0212833 ], [ 28.9443979, 41.0213061 ] ] }, { "type": "LineString", "coordinates": [ [ 28.9443979, 41.0213061 ], [ 28.9437126, 41.0213933 ], [ 28.9436458, 41.0213765 ] ] }, { "type": "LineString", "coordinates": [ [ 28.9407301, 41.0207849 ], [ 28.941411, 41.021135 ] ] }, { "type": "LineString", "coordinates": [ [ 28.9410345, 41.0204607 ], [ 28.941719, 41.0208304 ] ] }, { "type": "LineString", "coordinates": [ [ 28.9406807, 41.0171386 ], [ 28.9409959, 41.0173643 ] ] }, { "type": "LineString", "coordinates": [ [ 28.9418612, 41.0178618 ], [ 28.9424619, 41.0181997 ] ] }, { "type": "LineString", "coordinates": [ [ 28.9424619, 41.0181997 ], [ 28.942999, 41.0185228 ] ] }, { "type": "LineString", "coordinates": [ [ 28.9421928, 41.0165552 ], [ 28.9415557, 41.0169991 ] ] }, { "type": "LineString", "coordinates": [ [ 28.9428923, 41.0177526 ], [ 28.9423114, 41.0174451 ] ] }, { "type": "LineString", "coordinates": [ [ 28.9423114, 41.0174451 ], [ 28.9415557, 41.0169991 ] ] }, { "type": "LineString", "coordinates": [ [ 28.9443456, 41.0206533 ], [ 28.9438353, 41.02038970000001 ] ] }, { "type": "LineString", "coordinates": [ [ 28.9438353, 41.02038970000001 ], [ 28.9433534, 41.0201234 ] ] }, { "type": "LineString", "coordinates": [ [ 28.9433534, 41.0201234 ], [ 28.9427676, 41.0197694 ] ] }, { "type": "LineString", "coordinates": [ [ 28.9427676, 41.0197694 ], [ 28.9421081, 41.0193997 ] ] }, { "type": "LineString", "coordinates": [ [ 28.9421081, 41.0193997 ], [ 28.9415777, 41.0190703 ] ] }, { "type": "LineString", "coordinates": [ [ 28.9415777, 41.0190703 ], [ 28.940982, 41.0187352 ] ] }, { "type": "LineString", "coordinates": [ [ 28.9470436, 41.0200268 ], [ 28.9457052, 41.019261 ] ] }, { "type": "LineString", "coordinates": [ [ 28.9453627, 41.0196035 ], [ 28.9467234, 41.0203536 ] ] }, { "type": "LineString", "coordinates": [ [ 28.9464024, 41.0206946 ], [ 28.9459207, 41.020449 ] ] }, { "type": "LineString", "coordinates": [ [ 28.9459207, 41.020449 ], [ 28.9455095, 41.0202082 ] ] }, { "type": "LineString", "coordinates": [ [ 28.9455095, 41.0202082 ], [ 28.9450503, 41.0199386 ] ] }, { "type": "LineString", "coordinates": [ [ 28.936491, 41.0199929 ], [ 28.9360159, 41.0203185 ], [ 28.9351867, 41.0209303 ] ] }, { "type": "LineString", "coordinates": [ [ 28.9351867, 41.0209303 ], [ 28.934186, 41.0216377 ], [ 28.9339289, 41.0218027 ], [ 28.9327117, 41.0226401 ] ] }, { "type": "LineString", "coordinates": [ [ 28.9322882, 41.0229231 ], [ 28.9314026, 41.0235428 ] ] }, { "type": "LineString", "coordinates": [ [ 28.9386495, 41.0185333 ], [ 28.9386218, 41.0185889 ], [ 28.9385606, 41.018638 ] ] }, { "type": "LineString", "coordinates": [ [ 28.9375912, 41.0228803 ], [ 28.937843, 41.0227117 ] ] }, { "type": "LineString", "coordinates": [ [ 28.9387884, 41.0221366 ], [ 28.9388076, 41.0222625 ] ] }, { "type": "LineString", "coordinates": [ [ 28.9388076, 41.0222625 ], [ 28.9385779, 41.02240470000001 ], [ 28.9386898, 41.0226919 ] ] }, { "type": "LineString", "coordinates": [ [ 28.9386898, 41.0226919 ], [ 28.9388797, 41.0229934 ] ] }, { "type": "LineString", "coordinates": [ [ 28.9386898, 41.0226919 ], [ 28.9384385, 41.022828 ] ] }, { "type": "LineString", "coordinates": [ [ 28.9384385, 41.022828 ], [ 28.9383123, 41.0228843 ] ] }, { "type": "LineString", "coordinates": [ [ 28.9383123, 41.0228843 ], [ 28.9381198, 41.0226588 ], [ 28.9378844, 41.0223459 ] ] }, { "type": "LineString", "coordinates": [ [ 28.9392375, 41.0235359 ], [ 28.9396642, 41.0234751 ] ] }, { "type": "LineString", "coordinates": [ [ 28.9367228, 41.0229775 ], [ 28.9369551, 41.0227871 ], [ 28.9365273, 41.022464899999989 ], [ 28.9368009, 41.0222296 ] ] }, { "type": "LineString", "coordinates": [ [ 28.9393267, 41.0226481 ], [ 28.9398055, 41.0225191 ] ] }, { "type": "LineString", "coordinates": [ [ 28.9398055, 41.0225191 ], [ 28.9402516, 41.0224134 ] ] }, { "type": "LineString", "coordinates": [ [ 28.9404326, 41.022855 ], [ 28.9400008, 41.022946 ], [ 28.9398055, 41.0225191 ] ] }, { "type": "LineString", "coordinates": [ [ 28.9396784, 41.0250016 ], [ 28.9394244, 41.0246683 ] ] }, { "type": "LineString", "coordinates": [ [ 28.9387992, 41.024581 ], [ 28.9390699, 41.024436799999989 ], [ 28.9388072, 41.024155 ] ] }, { "type": "LineString", "coordinates": [ [ 28.9388072, 41.024155 ], [ 28.9384287, 41.0236998 ] ] }, { "type": "LineString", "coordinates": [ [ 28.9384287, 41.0236998 ], [ 28.938164, 41.0238501 ] ] }, { "type": "LineString", "coordinates": [ [ 28.938164, 41.0238501 ], [ 28.9378083, 41.0240574 ] ] }, { "type": "LineString", "coordinates": [ [ 28.9395928, 41.0242001 ], [ 28.9399795, 41.0240168 ] ] }, { "type": "LineString", "coordinates": [ [ 28.9399795, 41.0240168 ], [ 28.9402851, 41.0238769 ] ] }, { "type": "LineString", "coordinates": [ [ 28.9388072, 41.024155 ], [ 28.9385222, 41.0243038 ] ] }, { "type": "LineString", "coordinates": [ [ 28.940215, 41.0243414 ], [ 28.9398306, 41.0245071 ] ] }, { "type": "LineString", "coordinates": [ [ 28.9398306, 41.0245071 ], [ 28.9394244, 41.0246683 ] ] }, { "type": "LineString", "coordinates": [ [ 28.9394244, 41.0246683 ], [ 28.9390391, 41.0248404 ] ] }, { "type": "LineString", "coordinates": [ [ 28.9394604, 41.025902 ], [ 28.9392278, 41.0260189 ] ] }, { "type": "LineString", "coordinates": [ [ 28.9392278, 41.0260189 ], [ 28.9389978, 41.026171 ] ] }, { "type": "LineString", "coordinates": [ [ 28.9389676, 41.0256867 ], [ 28.9392278, 41.0260189 ] ] }, { "type": "LineString", "coordinates": [ [ 28.9372063, 41.0233771 ], [ 28.9368599, 41.023634 ], [ 28.93721, 41.0240761 ], [ 28.9365292, 41.0242915 ] ] }, { "type": "LineString", "coordinates": [ [ 28.9346029, 41.0227877 ], [ 28.9341474, 41.022463799999983 ] ] }, { "type": "LineString", "coordinates": [ [ 28.9351286, 41.0228771 ], [ 28.9349793, 41.0227794 ], [ 28.9346973, 41.0230249 ], [ 28.9348467, 41.0231225 ], [ 28.9351286, 41.0228771 ] ] }, { "type": "LineString", "coordinates": [ [ 28.9351286, 41.0228771 ], [ 28.9353473, 41.0226576 ] ] }, { "type": "LineString", "coordinates": [ [ 28.9392262, 41.0255464 ], [ 28.9393915, 41.025764 ], [ 28.9394481, 41.0258573 ], [ 28.9394604, 41.025902 ] ] }, { "type": "LineString", "coordinates": [ [ 28.9394604, 41.025902 ], [ 28.9395019, 41.0260218 ], [ 28.9395598, 41.026336499999985 ] ] }, { "type": "LineString", "coordinates": [ [ 28.9376458, 41.0251031 ], [ 28.9375303, 41.0249642 ] ] }, { "type": "LineString", "coordinates": [ [ 28.9375303, 41.0249642 ], [ 28.9372684, 41.024588 ] ] }, { "type": "LineString", "coordinates": [ [ 28.9375303, 41.0249642 ], [ 28.9373028, 41.0250619 ] ] }, { "type": "LineString", "coordinates": [ [ 28.9373028, 41.0250619 ], [ 28.9368478, 41.0252216 ] ] }, { "type": "LineString", "coordinates": [ [ 28.9368478, 41.0252216 ], [ 28.9364281, 41.0253054 ], [ 28.9360442, 41.0253558 ] ] }, { "type": "LineString", "coordinates": [ [ 28.9378924, 41.0256647 ], [ 28.9374535, 41.0252387 ] ] }, { "type": "LineString", "coordinates": [ [ 28.9374535, 41.0252387 ], [ 28.9373028, 41.0250619 ] ] }, { "type": "LineString", "coordinates": [ [ 28.9341416, 41.025878 ], [ 28.9333299, 41.0260806 ] ] }, { "type": "LineString", "coordinates": [ [ 28.9357111, 41.0256446 ], [ 28.9357139, 41.025733099999989 ], [ 28.9357195, 41.0259139 ] ] }, { "type": "LineString", "coordinates": [ [ 28.935746, 41.0263695 ], [ 28.9357272, 41.0262076 ], [ 28.9357195, 41.0259139 ] ] }, { "type": "LineString", "coordinates": [ [ 28.9357195, 41.0259139 ], [ 28.9360599, 41.0258998 ] ] }, { "type": "LineString", "coordinates": [ [ 28.938164, 41.0238501 ], [ 28.9383639, 41.0240686 ], [ 28.9379953, 41.0242767 ] ] }, { "type": "LineString", "coordinates": [ [ 28.9372006, 41.0266822 ], [ 28.9378432, 41.026197 ] ] }, { "type": "LineString", "coordinates": [ [ 28.932961831140258, 41.02762384387308 ], [ 28.9331142, 41.0275323 ], [ 28.9331889, 41.0271915 ], [ 28.9332643, 41.0269384 ] ] }, { "type": "LineString", "coordinates": [ [ 28.9332643, 41.0269384 ], [ 28.93334, 41.0266893 ], [ 28.933347, 41.0265071 ], [ 28.9333277, 41.0263578 ], [ 28.9333292, 41.0261998 ], [ 28.9333299, 41.0260806 ] ] }, { "type": "LineString", "coordinates": [ [ 28.9333299, 41.0260806 ], [ 28.9333448, 41.0259641 ], [ 28.9334075, 41.0256974 ] ] }, { "type": "LineString", "coordinates": [ [ 28.9374385, 41.0268755 ], [ 28.9372006, 41.0266822 ] ] }, { "type": "LineString", "coordinates": [ [ 28.9372006, 41.0266822 ], [ 28.9368334, 41.0263482 ] ] }, { "type": "LineString", "coordinates": [ [ 28.9373713, 41.0274326 ], [ 28.9377924, 41.0271183 ] ] }, { "type": "LineString", "coordinates": [ [ 28.935908, 41.0266338 ], [ 28.9351958, 41.0270529 ] ] }, { "type": "LineString", "coordinates": [ [ 28.9385737, 41.0252073 ], [ 28.9378924, 41.0256647 ] ] }, { "type": "LineString", "coordinates": [ [ 28.9378924, 41.0256647 ], [ 28.9375023, 41.0259382 ] ] }, { "type": "LineString", "coordinates": [ [ 28.9375023, 41.0259382 ], [ 28.9368334, 41.0263482 ] ] }, { "type": "LineString", "coordinates": [ [ 28.9368334, 41.0263482 ], [ 28.9364502, 41.0265064 ], [ 28.9362426, 41.0265412 ], [ 28.9361375, 41.026519 ] ] }, { "type": "LineString", "coordinates": [ [ 28.9369353, 41.0278512 ], [ 28.9368759, 41.0277098 ], [ 28.9367664, 41.0277411 ], [ 28.9363862, 41.0273472 ] ] }, { "type": "LineString", "coordinates": [ [ 28.9366747, 41.0272192 ], [ 28.9370508, 41.0271733 ] ] }, { "type": "LineString", "coordinates": [ [ 28.9382962, 41.0247813 ], [ 28.9376458, 41.0251031 ] ] }, { "type": "LineString", "coordinates": [ [ 28.9376458, 41.0251031 ], [ 28.9374535, 41.0252387 ] ] }, { "type": "LineString", "coordinates": [ [ 28.9374535, 41.0252387 ], [ 28.9371093, 41.02539440000001 ], [ 28.9369613, 41.0254533 ] ] }, { "type": "LineString", "coordinates": [ [ 28.9369613, 41.0254533 ], [ 28.936766, 41.0254997 ], [ 28.9360504, 41.0256043 ] ] }, { "type": "LineString", "coordinates": [ [ 28.9378432, 41.026197 ], [ 28.9375023, 41.0259382 ] ] }, { "type": "LineString", "coordinates": [ [ 28.9375023, 41.0259382 ], [ 28.9369613, 41.0254533 ] ] }, { "type": "LineString", "coordinates": [ [ 28.9386535, 41.0267562 ], [ 28.9383279, 41.0270488 ] ] }, { "type": "LineString", "coordinates": [ [ 28.9383279, 41.0270488 ], [ 28.9380914, 41.0272882 ] ] }, { "type": "LineString", "coordinates": [ [ 28.9380914, 41.0272882 ], [ 28.9375953, 41.0277581 ] ] }, { "type": "LineString", "coordinates": [ [ 28.9371412, 41.0277616 ], [ 28.9369353, 41.0278512 ] ] }, { "type": "LineString", "coordinates": [ [ 28.9369353, 41.0278512 ], [ 28.9367833, 41.027856 ] ] }, { "type": "LineString", "coordinates": [ [ 28.9367833, 41.027856 ], [ 28.9365148, 41.0279341 ] ] }, { "type": "LineString", "coordinates": [ [ 28.9365148, 41.0279341 ], [ 28.9363681, 41.027977 ], [ 28.9363063, 41.028024 ], [ 28.9360633, 41.0282638 ] ] }, { "type": "LineString", "coordinates": [ [ 28.9367833, 41.027856 ], [ 28.9369592, 41.0280533 ], [ 28.9369791, 41.0282035 ], [ 28.9369191, 41.028387 ] ] }, { "type": "LineString", "coordinates": [ [ 28.9366623, 41.0282515 ], [ 28.9365148, 41.0279341 ] ] }, { "type": "LineString", "coordinates": [ [ 28.9369191, 41.028387 ], [ 28.9367143, 41.0282992 ], [ 28.9366623, 41.0282515 ] ] }, { "type": "LineString", "coordinates": [ [ 28.9366623, 41.0282515 ], [ 28.9365568, 41.0282718 ], [ 28.9364348, 41.0283126 ], [ 28.9363072, 41.0283681 ], [ 28.9360633, 41.0282638 ] ] }, { "type": "LineString", "coordinates": [ [ 28.9360633, 41.0282638 ], [ 28.9357286, 41.0283053 ] ] }, { "type": "LineString", "coordinates": [ [ 28.9526869, 41.0229368 ], [ 28.9535158, 41.0226937 ] ] }, { "type": "LineString", "coordinates": [ [ 28.9535158, 41.0226937 ], [ 28.9540572, 41.0225712 ] ] }, { "type": "LineString", "coordinates": [ [ 28.9533535, 41.0200015 ], [ 28.9531007, 41.0197367 ], [ 28.9530052, 41.0196467 ], [ 28.9527015, 41.0194935 ] ] }, { "type": "LineString", "coordinates": [ [ 28.9496506, 41.0231368 ], [ 28.9495075, 41.0225727 ] ] }, { "type": "LineString", "coordinates": [ [ 28.9510618, 41.0261918 ], [ 28.9512884, 41.0259253 ], [ 28.951323, 41.0258486 ] ] }, { "type": "LineString", "coordinates": [ [ 28.9497337, 41.0214796 ], [ 28.949362, 41.02141 ], [ 28.9490598, 41.021356199999985 ] ] }, { "type": "LineString", "coordinates": [ [ 28.9531999, 41.0222115 ], [ 28.9524751, 41.0225313 ] ] }, { "type": "LineString", "coordinates": [ [ 28.9524751, 41.0225313 ], [ 28.9518422, 41.022752799999978 ] ] }, { "type": "LineString", "coordinates": [ [ 28.9518569, 41.02096550000001 ], [ 28.9525575, 41.0215935 ] ] }, { "type": "LineString", "coordinates": [ [ 28.9525575, 41.0215935 ], [ 28.9531999, 41.0222115 ] ] }, { "type": "LineString", "coordinates": [ [ 28.9511064, 41.0210712 ], [ 28.9511562, 41.0211187 ], [ 28.9514787, 41.0213182 ] ] }, { "type": "LineString", "coordinates": [ [ 28.9514787, 41.0213182 ], [ 28.951896, 41.0216888 ], [ 28.9520983, 41.0219051 ] ] }, { "type": "LineString", "coordinates": [ [ 28.9520983, 41.0219051 ], [ 28.9522281, 41.0220778 ], [ 28.9524751, 41.0225313 ] ] }, { "type": "LineString", "coordinates": [ [ 28.9524751, 41.0225313 ], [ 28.9526869, 41.0229368 ] ] }, { "type": "LineString", "coordinates": [ [ 28.9526869, 41.0229368 ], [ 28.9531365, 41.0239349 ] ] }, { "type": "LineString", "coordinates": [ [ 28.9531365, 41.0239349 ], [ 28.9533739, 41.0243638 ] ] }, { "type": "LineString", "coordinates": [ [ 28.9533739, 41.0243638 ], [ 28.9536474, 41.0249183 ] ] }, { "type": "LineString", "coordinates": [ [ 28.9526124, 41.0241423 ], [ 28.9523147, 41.0235785 ] ] }, { "type": "LineString", "coordinates": [ [ 28.9523147, 41.0235785 ], [ 28.9518422, 41.022752799999978 ] ] }, { "type": "LineString", "coordinates": [ [ 28.9449095, 41.0230269 ], [ 28.9454802, 41.02259930000001 ] ] }, { "type": "LineString", "coordinates": [ [ 28.9454802, 41.02259930000001 ], [ 28.946028, 41.0220827 ] ] }, { "type": "LineString", "coordinates": [ [ 28.946028, 41.0220827 ], [ 28.946503, 41.0216109 ] ] }, { "type": "LineString", "coordinates": [ [ 28.946503, 41.0216109 ], [ 28.9468041, 41.0212641 ], [ 28.9470465, 41.0210482 ] ] }, { "type": "LineString", "coordinates": [ [ 28.9470465, 41.0210482 ], [ 28.9475359, 41.0205391 ] ] }, { "type": "LineString", "coordinates": [ [ 28.9483761, 41.020854 ], [ 28.9480015, 41.020768599999982 ] ] }, { "type": "LineString", "coordinates": [ [ 28.9480015, 41.020768599999982 ], [ 28.9476853, 41.0206073 ] ] }, { "type": "LineString", "coordinates": [ [ 28.9476853, 41.0206073 ], [ 28.9476127, 41.0205625 ], [ 28.9475359, 41.0205391 ] ] }, { "type": "LineString", "coordinates": [ [ 28.9475359, 41.0205391 ], [ 28.9471127, 41.0202602 ], [ 28.947051, 41.02021950000001 ] ] }, { "type": "LineString", "coordinates": [ [ 28.9480015, 41.020768599999982 ], [ 28.947467, 41.0213199 ] ] }, { "type": "LineString", "coordinates": [ [ 28.947467, 41.0213199 ], [ 28.9469511, 41.0218536 ] ] }, { "type": "LineString", "coordinates": [ [ 28.9469511, 41.0218536 ], [ 28.9464598, 41.0223253 ] ] }, { "type": "LineString", "coordinates": [ [ 28.9464598, 41.0223253 ], [ 28.9459097, 41.0228204 ] ] }, { "type": "LineString", "coordinates": [ [ 28.9459097, 41.0228204 ], [ 28.9454537, 41.0233548 ] ] }, { "type": "LineString", "coordinates": [ [ 28.9479041, 41.021598 ], [ 28.9473969, 41.0221436 ] ] }, { "type": "LineString", "coordinates": [ [ 28.9473969, 41.0221436 ], [ 28.946903, 41.0225782 ] ] }, { "type": "LineString", "coordinates": [ [ 28.946903, 41.0225782 ], [ 28.9463961, 41.0230943 ] ] }, { "type": "LineString", "coordinates": [ [ 28.9463961, 41.0230943 ], [ 28.9458819, 41.023594 ] ] }, { "type": "LineString", "coordinates": [ [ 28.9557545, 41.0218074 ], [ 28.9554495, 41.0214004 ] ] }, { "type": "LineString", "coordinates": [ [ 28.9554495, 41.0214004 ], [ 28.9553121, 41.021013399999987 ] ] }, { "type": "LineString", "coordinates": [ [ 28.9439378, 41.0230328 ], [ 28.9440661, 41.0230498 ], [ 28.9445288, 41.0229404 ] ] }, { "type": "LineString", "coordinates": [ [ 28.9547096, 41.0208269 ], [ 28.9551269, 41.0207648 ] ] }, { "type": "LineString", "coordinates": [ [ 28.9554828, 41.0209768 ], [ 28.9553582, 41.020334 ], [ 28.9550634, 41.02037 ] ] }, { "type": "LineString", "coordinates": [ [ 28.9548157, 41.0211823 ], [ 28.9550078, 41.0215272 ] ] }, { "type": "LineString", "coordinates": [ [ 28.9529867, 41.0213915 ], [ 28.9526094, 41.021044 ] ] }, { "type": "LineString", "coordinates": [ [ 28.9526094, 41.021044 ], [ 28.9522994, 41.0206913 ] ] }, { "type": "LineString", "coordinates": [ [ 28.9522994, 41.0206913 ], [ 28.9518506, 41.0202962 ] ] }, { "type": "LineString", "coordinates": [ [ 28.9526094, 41.021044 ], [ 28.9532061, 41.020697699999978 ] ] }, { "type": "LineString", "coordinates": [ [ 28.9532061, 41.020697699999978 ], [ 28.9536736, 41.0207033 ] ] }, { "type": "LineString", "coordinates": [ [ 28.9551155, 41.0205677 ], [ 28.9548989, 41.0206044 ], [ 28.9548913, 41.020593 ], [ 28.9548445, 41.0205223 ], [ 28.9548128, 41.020474299999975 ], [ 28.9547758, 41.0204185 ], [ 28.9546716, 41.0203332 ], [ 28.9545471, 41.0203272 ], [ 28.9544098, 41.0202945 ], [ 28.9542495, 41.0202979 ], [ 28.954054, 41.0203002 ] ] }, { "type": "LineString", "coordinates": [ [ 28.954054, 41.0203002 ], [ 28.9536169, 41.0203379 ] ] }, { "type": "LineString", "coordinates": [ [ 28.9554828, 41.0209768 ], [ 28.9553121, 41.021013399999987 ] ] }, { "type": "LineString", "coordinates": [ [ 28.9553121, 41.021013399999987 ], [ 28.9551738, 41.02104880000001 ] ] }, { "type": "LineString", "coordinates": [ [ 28.9551738, 41.02104880000001 ], [ 28.9548157, 41.0211823 ] ] }, { "type": "LineString", "coordinates": [ [ 28.9548157, 41.0211823 ], [ 28.9547587, 41.0211229 ], [ 28.9547161, 41.0210357 ] ] }, { "type": "LineString", "coordinates": [ [ 28.9551738, 41.02104880000001 ], [ 28.9551926, 41.0208942 ], [ 28.9551269, 41.0207648 ] ] }, { "type": "LineString", "coordinates": [ [ 28.9551269, 41.0207648 ], [ 28.9551155, 41.0205677 ] ] }, { "type": "LineString", "coordinates": [ [ 28.9551155, 41.0205677 ], [ 28.9550634, 41.02037 ] ] }, { "type": "LineString", "coordinates": [ [ 28.9550634, 41.02037 ], [ 28.9549197, 41.0199151 ], [ 28.9549143, 41.0197249 ] ] }, { "type": "LineString", "coordinates": [ [ 28.9561138, 41.0202005 ], [ 28.9563082, 41.0204886 ] ] }, { "type": "LineString", "coordinates": [ [ 28.9559503, 41.0198981 ], [ 28.9561138, 41.0202005 ] ] }, { "type": "LineString", "coordinates": [ [ 28.9561138, 41.0202005 ], [ 28.9562534, 41.0201739 ], [ 28.9563127, 41.0201421 ], [ 28.9563398, 41.0201195 ], [ 28.9564495, 41.0200707 ] ] }, { "type": "LineString", "coordinates": [ [ 28.9564495, 41.0200707 ], [ 28.9568686, 41.0198842 ] ] }, { "type": "LineString", "coordinates": [ [ 28.9547161, 41.0210357 ], [ 28.9537431, 41.0211342 ] ] }, { "type": "LineString", "coordinates": [ [ 28.9549642, 41.0195725 ], [ 28.9545013, 41.019601399999985 ] ] }, { "type": "LineString", "coordinates": [ [ 28.9545013, 41.019601399999985 ], [ 28.9542143, 41.0196733 ], [ 28.9537556, 41.0198055 ] ] }, { "type": "LineString", "coordinates": [ [ 28.9549642, 41.0195725 ], [ 28.9550768, 41.0195881 ], [ 28.9552008, 41.0195853 ], [ 28.9553341, 41.0195792 ], [ 28.9555902, 41.0196152 ], [ 28.9556996, 41.019642399999988 ] ] }, { "type": "LineString", "coordinates": [ [ 28.9556996, 41.019642399999988 ], [ 28.9558011, 41.0197905 ], [ 28.9558585, 41.019815 ], [ 28.9559045, 41.0198474 ], [ 28.9559503, 41.0198981 ] ] }, { "type": "LineString", "coordinates": [ [ 28.9559503, 41.0198981 ], [ 28.9560511, 41.0198588 ], [ 28.9561125, 41.0198218 ], [ 28.9561857, 41.01982 ], [ 28.9562543, 41.019810099999987 ], [ 28.9562873, 41.019803 ], [ 28.9563387, 41.019793 ] ] }, { "type": "LineString", "coordinates": [ [ 28.9563387, 41.019793 ], [ 28.9564322, 41.0197284 ], [ 28.9565401, 41.019647099999986 ], [ 28.9567738, 41.0194855 ] ] }, { "type": "LineString", "coordinates": [ [ 28.9567738, 41.0194855 ], [ 28.9571636, 41.0192431 ] ] }, { "type": "LineString", "coordinates": [ [ 28.9571636, 41.0192431 ], [ 28.9572588, 41.0191211 ], [ 28.957369, 41.0189037 ] ] }, { "type": "LineString", "coordinates": [ [ 28.9544086, 41.0181787 ], [ 28.9546145, 41.0180979 ], [ 28.95488, 41.0181669 ] ] }, { "type": "LineString", "coordinates": [ [ 28.95488, 41.0181669 ], [ 28.9549532, 41.0182143 ], [ 28.9551932, 41.0183583 ], [ 28.9552696, 41.0184309 ] ] }, { "type": "LineString", "coordinates": [ [ 28.9552696, 41.0184309 ], [ 28.9553421, 41.0185543 ], [ 28.9555562, 41.0187459 ] ] }, { "type": "LineString", "coordinates": [ [ 28.9555562, 41.0187459 ], [ 28.9555694, 41.0187669 ], [ 28.9557133, 41.019027199999989 ] ] }, { "type": "LineString", "coordinates": [ [ 28.9534375, 41.019440699999983 ], [ 28.9538833, 41.019122 ] ] }, { "type": "LineString", "coordinates": [ [ 28.9538833, 41.019122 ], [ 28.9543123, 41.0188868 ] ] }, { "type": "LineString", "coordinates": [ [ 28.9541861, 41.0193687 ], [ 28.9538833, 41.019122 ] ] }, { "type": "LineString", "coordinates": [ [ 28.9538833, 41.019122 ], [ 28.9533681, 41.0188219 ] ] }, { "type": "LineString", "coordinates": [ [ 28.9479905, 41.0224305 ], [ 28.9483093, 41.021802399999984 ] ] }, { "type": "LineString", "coordinates": [ [ 28.9483093, 41.021802399999984 ], [ 28.9486279, 41.021296 ], [ 28.9486858, 41.021157699999989 ] ] }, { "type": "LineString", "coordinates": [ [ 28.9486858, 41.021157699999989 ], [ 28.9487746, 41.0208415 ], [ 28.9487861, 41.020756 ] ] }, { "type": "LineString", "coordinates": [ [ 28.9495075, 41.0225727 ], [ 28.9496727, 41.0218871 ] ] }, { "type": "LineString", "coordinates": [ [ 28.9496727, 41.0218871 ], [ 28.9497337, 41.0214796 ] ] }, { "type": "LineString", "coordinates": [ [ 28.9497337, 41.0214796 ], [ 28.9500225, 41.0211917 ] ] }, { "type": "LineString", "coordinates": [ [ 28.9512329, 41.023172699999989 ], [ 28.9505837, 41.0231334 ] ] }, { "type": "LineString", "coordinates": [ [ 28.9505837, 41.0231334 ], [ 28.9503237, 41.0231408 ], [ 28.9499844, 41.023077 ], [ 28.9496506, 41.0231368 ] ] }, { "type": "LineString", "coordinates": [ [ 28.9496506, 41.0231368 ], [ 28.9492306, 41.0231964 ], [ 28.9486948, 41.0231439 ] ] }, { "type": "LineString", "coordinates": [ [ 28.9480613, 41.0232167 ], [ 28.9481336, 41.0224659 ] ] }, { "type": "LineString", "coordinates": [ [ 28.9480613, 41.0232167 ], [ 28.9474039, 41.0228888 ] ] }, { "type": "LineString", "coordinates": [ [ 28.9474039, 41.0228888 ], [ 28.946903, 41.0225782 ] ] }, { "type": "LineString", "coordinates": [ [ 28.946903, 41.0225782 ], [ 28.9464598, 41.0223253 ] ] }, { "type": "LineString", "coordinates": [ [ 28.9464598, 41.0223253 ], [ 28.946028, 41.0220827 ] ] }, { "type": "LineString", "coordinates": [ [ 28.946028, 41.0220827 ], [ 28.9455157, 41.0217693 ] ] }, { "type": "LineString", "coordinates": [ [ 28.9459839, 41.0213215 ], [ 28.946503, 41.0216109 ] ] }, { "type": "LineString", "coordinates": [ [ 28.946503, 41.0216109 ], [ 28.9469511, 41.0218536 ] ] }, { "type": "LineString", "coordinates": [ [ 28.9469511, 41.0218536 ], [ 28.9473969, 41.0221436 ] ] }, { "type": "LineString", "coordinates": [ [ 28.9473969, 41.0221436 ], [ 28.9478601, 41.0223991 ] ] }, { "type": "LineString", "coordinates": [ [ 28.9478601, 41.0223991 ], [ 28.9479905, 41.0224305 ] ] }, { "type": "LineString", "coordinates": [ [ 28.9479905, 41.0224305 ], [ 28.9481336, 41.0224659 ] ] }, { "type": "LineString", "coordinates": [ [ 28.9481336, 41.0224659 ], [ 28.94871, 41.0225034 ] ] }, { "type": "LineString", "coordinates": [ [ 28.9557472, 41.0168203 ], [ 28.9551461, 41.0171864 ] ] }, { "type": "LineString", "coordinates": [ [ 28.948591, 41.0203836 ], [ 28.9480177, 41.0200491 ] ] }, { "type": "LineString", "coordinates": [ [ 28.9480177, 41.0200491 ], [ 28.9476985, 41.0198303 ] ] }, { "type": "LineString", "coordinates": [ [ 28.9532061, 41.020697699999978 ], [ 28.9528241, 41.0203524 ] ] }, { "type": "LineString", "coordinates": [ [ 28.9528241, 41.0203524 ], [ 28.9526268, 41.0201512 ], [ 28.9525038, 41.0200725 ], [ 28.9523682, 41.0199899 ], [ 28.9522518, 41.0199242 ] ] }, { "type": "LineString", "coordinates": [ [ 28.9522518, 41.0199242 ], [ 28.9518916, 41.0197298 ] ] }, { "type": "LineString", "coordinates": [ [ 28.9518916, 41.0197298 ], [ 28.9515496, 41.0195453 ] ] }, { "type": "LineString", "coordinates": [ [ 28.9515496, 41.0195453 ], [ 28.9514847, 41.019509 ] ] }, { "type": "LineString", "coordinates": [ [ 28.9514847, 41.019509 ], [ 28.9512446, 41.0193746 ] ] }, { "type": "LineString", "coordinates": [ [ 28.9504603, 41.0169635 ], [ 28.950504, 41.0169896 ], [ 28.9509263, 41.01723530000001 ] ] }, { "type": "LineString", "coordinates": [ [ 28.9509263, 41.01723530000001 ], [ 28.9514308, 41.0175349 ] ] }, { "type": "LineString", "coordinates": [ [ 28.9504414, 41.017682 ], [ 28.9509263, 41.01723530000001 ] ] }, { "type": "LineString", "coordinates": [ [ 28.9509263, 41.01723530000001 ], [ 28.9514224, 41.0167378 ] ] }, { "type": "LineString", "coordinates": [ [ 28.9521555, 41.015932 ], [ 28.9525961, 41.0163786 ] ] }, { "type": "LineString", "coordinates": [ [ 28.9525961, 41.0163786 ], [ 28.9528061, 41.0165918 ], [ 28.9533233, 41.0171047 ] ] }, { "type": "LineString", "coordinates": [ [ 28.9533233, 41.0171047 ], [ 28.9533435, 41.017125299999989 ] ] }, { "type": "LineString", "coordinates": [ [ 28.9556053, 41.0260688 ], [ 28.95571, 41.0259307 ] ] }, { "type": "LineString", "coordinates": [ [ 28.9563448, 41.0273602 ], [ 28.9561754, 41.0272235 ] ] }, { "type": "LineString", "coordinates": [ [ 28.9520442, 41.0254659 ], [ 28.9517736, 41.0256377 ] ] }, { "type": "LineString", "coordinates": [ [ 28.9517736, 41.0256377 ], [ 28.951397, 41.0258335 ], [ 28.951323, 41.0258486 ] ] }, { "type": "LineString", "coordinates": [ [ 28.9495744, 41.0244048 ], [ 28.9494958, 41.0242769 ], [ 28.9493056, 41.024061 ], [ 28.9491015, 41.0238373 ] ] }, { "type": "LineString", "coordinates": [ [ 28.9491015, 41.0238373 ], [ 28.9490374, 41.0237683 ], [ 28.9486136, 41.0237476 ] ] }, { "type": "LineString", "coordinates": [ [ 28.955948, 41.0276904 ], [ 28.9556977, 41.0275151 ] ] }, { "type": "LineString", "coordinates": [ [ 28.9556977, 41.0275151 ], [ 28.9553747, 41.027245099999988 ] ] }, { "type": "LineString", "coordinates": [ [ 28.9555127, 41.0275559 ], [ 28.9556931, 41.027886 ] ] }, { "type": "LineString", "coordinates": [ [ 28.9556931, 41.027886 ], [ 28.9557577, 41.027972 ], [ 28.9559025, 41.0279822 ] ] }, { "type": "LineString", "coordinates": [ [ 28.9567447, 41.0267309 ], [ 28.9563666, 41.0270703 ] ] }, { "type": "LineString", "coordinates": [ [ 28.9561754, 41.0272235 ], [ 28.9559695, 41.027355 ] ] }, { "type": "LineString", "coordinates": [ [ 28.9559695, 41.027355 ], [ 28.9556977, 41.0275151 ] ] }, { "type": "LineString", "coordinates": [ [ 28.9547207, 41.0263276 ], [ 28.9552941, 41.0267964 ] ] }, { "type": "LineString", "coordinates": [ [ 28.957848, 41.0253407 ], [ 28.9580401, 41.025421 ] ] }, { "type": "LineString", "coordinates": [ [ 28.956943, 41.0268556 ], [ 28.9571907, 41.0266263 ] ] }, { "type": "LineString", "coordinates": [ [ 28.9571907, 41.0266263 ], [ 28.9571906, 41.026562 ] ] }, { "type": "LineString", "coordinates": [ [ 28.9567015, 41.025935499999989 ], [ 28.9568205, 41.0260824 ], [ 28.9569305, 41.0261755 ], [ 28.957141, 41.0262646 ] ] }, { "type": "LineString", "coordinates": [ [ 28.958093, 41.0248664 ], [ 28.9579128, 41.0252255 ] ] }, { "type": "LineString", "coordinates": [ [ 28.9560767, 41.024504199999988 ], [ 28.9562482, 41.024437 ] ] }, { "type": "LineString", "coordinates": [ [ 28.9562482, 41.024437 ], [ 28.9567512, 41.0242836 ] ] }, { "type": "LineString", "coordinates": [ [ 28.9538414, 41.0233527 ], [ 28.9543849, 41.0232285 ] ] }, { "type": "LineString", "coordinates": [ [ 28.9528194, 41.0245826 ], [ 28.9533739, 41.0243638 ] ] }, { "type": "LineString", "coordinates": [ [ 28.9533739, 41.0243638 ], [ 28.9537613, 41.0242453 ] ] }, { "type": "LineString", "coordinates": [ [ 28.9537613, 41.0242453 ], [ 28.954203, 41.0240978 ] ] }, { "type": "LineString", "coordinates": [ [ 28.9540393, 41.0247878 ], [ 28.9537613, 41.0242453 ] ] }, { "type": "LineString", "coordinates": [ [ 28.9537613, 41.0242453 ], [ 28.9535463, 41.0238198 ] ] }, { "type": "LineString", "coordinates": [ [ 28.9572106, 41.0270059 ], [ 28.9574271, 41.0268021 ] ] }, { "type": "LineString", "coordinates": [ [ 28.9574271, 41.0268021 ], [ 28.957656, 41.026649 ], [ 28.9580462, 41.0264031 ], [ 28.9583386, 41.0262463 ], [ 28.9583932, 41.0262421 ] ] }, { "type": "LineString", "coordinates": [ [ 28.9583932, 41.0262421 ], [ 28.9585576, 41.0261986 ] ] }, { "type": "LineString", "coordinates": [ [ 28.9603, 41.023194 ], [ 28.9606181, 41.0233929 ] ] }, { "type": "LineString", "coordinates": [ [ 28.9554406, 41.0254727 ], [ 28.9564138, 41.0252039 ] ] }, { "type": "LineString", "coordinates": [ [ 28.9564138, 41.0252039 ], [ 28.9562161, 41.0247871 ] ] }, { "type": "LineString", "coordinates": [ [ 28.9562161, 41.0247871 ], [ 28.9560767, 41.024504199999988 ] ] }, { "type": "LineString", "coordinates": [ [ 28.9560767, 41.024504199999988 ], [ 28.9560744, 41.0244967 ], [ 28.9558303, 41.0241305 ] ] }, { "type": "LineString", "coordinates": [ [ 28.9558303, 41.0241305 ], [ 28.955819, 41.0241135 ], [ 28.955688, 41.0238902 ] ] }, { "type": "LineString", "coordinates": [ [ 28.956969, 41.0245255 ], [ 28.9567078, 41.0246437 ], [ 28.9562161, 41.0247871 ] ] }, { "type": "LineString", "coordinates": [ [ 28.9562161, 41.0247871 ], [ 28.9553045, 41.0250304 ] ] }, { "type": "LineString", "coordinates": [ [ 28.9551949, 41.0248091 ], [ 28.9555598, 41.0246984 ], [ 28.9556725, 41.0246356 ], [ 28.9553383, 41.0239896 ] ] }, { "type": "LineString", "coordinates": [ [ 28.9540729, 41.0273228 ], [ 28.9539882, 41.0272924 ], [ 28.9539153, 41.0272274 ], [ 28.9539917, 41.0271232 ], [ 28.9537833, 41.0269359 ] ] }, { "type": "LineString", "coordinates": [ [ 28.9522629, 41.0256841 ], [ 28.9529082, 41.0253271 ] ] }, { "type": "LineString", "coordinates": [ [ 28.9574675, 41.0217735 ], [ 28.9568458, 41.0219006 ] ] }, { "type": "LineString", "coordinates": [ [ 28.9568458, 41.0219006 ], [ 28.9562125, 41.0219895 ], [ 28.9559685, 41.0220488 ] ] }, { "type": "LineString", "coordinates": [ [ 28.9572804, 41.0202926 ], [ 28.957898, 41.0205686 ] ] }, { "type": "LineString", "coordinates": [ [ 28.957898, 41.0205686 ], [ 28.9580424, 41.0206385 ] ] }, { "type": "LineString", "coordinates": [ [ 28.9580424, 41.0206385 ], [ 28.9580891, 41.0206611 ], [ 28.9584, 41.0209098 ] ] }, { "type": "LineString", "coordinates": [ [ 28.9573623, 41.0216164 ], [ 28.9574675, 41.0217735 ] ] }, { "type": "LineString", "coordinates": [ [ 28.9574675, 41.0217735 ], [ 28.9574696, 41.0218315 ], [ 28.9575346, 41.02213660000001 ] ] }, { "type": "LineString", "coordinates": [ [ 28.9567239, 41.0210268 ], [ 28.9572723, 41.0208161 ] ] }, { "type": "LineString", "coordinates": [ [ 28.9572723, 41.0208161 ], [ 28.957898, 41.0205686 ] ] }, { "type": "LineString", "coordinates": [ [ 28.9572723, 41.0208161 ], [ 28.9570756, 41.0206006 ], [ 28.9569446, 41.0204957 ] ] }, { "type": "LineString", "coordinates": [ [ 28.957763, 41.022628399999988 ], [ 28.9573881, 41.022167899999985 ] ] }, { "type": "LineString", "coordinates": [ [ 28.9550398, 41.0270095 ], [ 28.9552941, 41.0267964 ] ] }, { "type": "LineString", "coordinates": [ [ 28.9552941, 41.0267964 ], [ 28.9554547, 41.026642399999986 ] ] }, { "type": "LineString", "coordinates": [ [ 28.9554547, 41.026642399999986 ], [ 28.9556457, 41.0264962 ] ] }, { "type": "LineString", "coordinates": [ [ 28.940769, 41.030109099999983 ], [ 28.940557, 41.0299113 ] ] }, { "type": "LineString", "coordinates": [ [ 28.940557, 41.0299113 ], [ 28.9402224, 41.0295657 ] ] }, { "type": "LineString", "coordinates": [ [ 28.9402224, 41.0295657 ], [ 28.9400294, 41.029402 ] ] }, { "type": "LineString", "coordinates": [ [ 28.9400294, 41.029402 ], [ 28.9398606, 41.0292362 ] ] }, { "type": "LineString", "coordinates": [ [ 28.9395404, 41.0297709 ], [ 28.9400294, 41.029402 ] ] }, { "type": "LineString", "coordinates": [ [ 28.9404218, 41.0284926 ], [ 28.9400258, 41.0281033 ] ] }, { "type": "LineString", "coordinates": [ [ 28.9397733, 41.0289022 ], [ 28.9392359, 41.0286189 ] ] }, { "type": "LineString", "coordinates": [ [ 28.9412148, 41.0298154 ], [ 28.9410735, 41.0295911 ] ] }, { "type": "LineString", "coordinates": [ [ 28.9410735, 41.0295911 ], [ 28.9406728, 41.0292603 ] ] }, { "type": "LineString", "coordinates": [ [ 28.9406728, 41.0292603 ], [ 28.9403222, 41.0289109 ] ] }, { "type": "LineString", "coordinates": [ [ 28.9403222, 41.0289109 ], [ 28.940152, 41.0286528 ] ] }, { "type": "LineString", "coordinates": [ [ 28.9384329, 41.030423 ], [ 28.9386682, 41.0299671 ] ] }, { "type": "LineString", "coordinates": [ [ 28.9386682, 41.0299671 ], [ 28.9387402, 41.029916299999989 ] ] }, { "type": "LineString", "coordinates": [ [ 28.9387402, 41.029916299999989 ], [ 28.9388467, 41.0298493 ] ] }, { "type": "LineString", "coordinates": [ [ 28.9411869, 41.0280263 ], [ 28.9406105, 41.0283796 ] ] }, { "type": "LineString", "coordinates": [ [ 28.9406105, 41.0283796 ], [ 28.9404218, 41.0284926 ] ] }, { "type": "LineString", "coordinates": [ [ 28.9404218, 41.0284926 ], [ 28.940152, 41.0286528 ] ] }, { "type": "LineString", "coordinates": [ [ 28.940152, 41.0286528 ], [ 28.9398757, 41.0288305 ], [ 28.9397733, 41.0289022 ] ] }, { "type": "LineString", "coordinates": [ [ 28.9397733, 41.0289022 ], [ 28.9396149, 41.0290321 ], [ 28.9391507, 41.0294509 ] ] }, { "type": "LineString", "coordinates": [ [ 28.9418173, 41.02809340000001 ], [ 28.9418475, 41.0281945 ] ] }, { "type": "LineString", "coordinates": [ [ 28.9418475, 41.0281945 ], [ 28.9419665, 41.0286734 ] ] }, { "type": "LineString", "coordinates": [ [ 28.9419665, 41.0286734 ], [ 28.9420711, 41.0290611 ] ] }, { "type": "LineString", "coordinates": [ [ 28.9420711, 41.0290611 ], [ 28.9425011, 41.0295593 ] ] }, { "type": "LineString", "coordinates": [ [ 28.9417919, 41.0277747 ], [ 28.9423789, 41.02769090000001 ] ] }, { "type": "LineString", "coordinates": [ [ 28.9425773, 41.0286442 ], [ 28.9419665, 41.0286734 ] ] }, { "type": "LineString", "coordinates": [ [ 28.9419665, 41.0286734 ], [ 28.9417319, 41.0286525 ], [ 28.9416172, 41.0286877 ], [ 28.9412171, 41.0289339 ] ] }, { "type": "LineString", "coordinates": [ [ 28.9412171, 41.0289339 ], [ 28.9406728, 41.0292603 ] ] }, { "type": "LineString", "coordinates": [ [ 28.9406728, 41.0292603 ], [ 28.9403907, 41.0294295 ], [ 28.9402224, 41.0295657 ] ] }, { "type": "LineString", "coordinates": [ [ 28.9402224, 41.0295657 ], [ 28.9399294, 41.0298827 ] ] }, { "type": "LineString", "coordinates": [ [ 28.9418475, 41.0281945 ], [ 28.942075, 41.028147 ] ] }, { "type": "LineString", "coordinates": [ [ 28.942075, 41.028147 ], [ 28.9424676, 41.0280655 ] ] }, { "type": "LineString", "coordinates": [ [ 28.9452129, 41.0275531 ], [ 28.9457229, 41.0273726 ] ] }, { "type": "LineString", "coordinates": [ [ 28.9457229, 41.0273726 ], [ 28.9457912, 41.027266699999984 ], [ 28.9458749, 41.027072799999985 ] ] }, { "type": "LineString", "coordinates": [ [ 28.9407959, 41.0270857 ], [ 28.9402068, 41.0267815 ] ] }, { "type": "LineString", "coordinates": [ [ 28.9402068, 41.0267815 ], [ 28.9396667, 41.026411899999985 ] ] }, { "type": "LineString", "coordinates": [ [ 28.9407959, 41.0270857 ], [ 28.940671, 41.0271916 ], [ 28.9408692, 41.0275968 ] ] }, { "type": "LineString", "coordinates": [ [ 28.9403132, 41.0266876 ], [ 28.9402068, 41.0267815 ] ] }, { "type": "LineString", "coordinates": [ [ 28.9409081, 41.02655 ], [ 28.9411023, 41.0262228 ] ] }, { "type": "LineString", "coordinates": [ [ 28.9437533, 41.0266408 ], [ 28.9444259, 41.0264662 ] ] }, { "type": "LineString", "coordinates": [ [ 28.9440841, 41.026796 ], [ 28.9444844, 41.0266823 ] ] }, { "type": "LineString", "coordinates": [ [ 28.9453011, 41.0261952 ], [ 28.9453269, 41.02652470000001 ], [ 28.9453497, 41.026679799999989 ] ] }, { "type": "LineString", "coordinates": [ [ 28.9453497, 41.026679799999989 ], [ 28.9451919, 41.0267504 ], [ 28.9450202, 41.0268233 ], [ 28.9449063, 41.0268583 ] ] }, { "type": "LineString", "coordinates": [ [ 28.9449063, 41.0268583 ], [ 28.9445505, 41.0269265 ] ] }, { "type": "LineString", "coordinates": [ [ 28.9449063, 41.0268583 ], [ 28.9450416, 41.027168 ] ] }, { "type": "LineString", "coordinates": [ [ 28.9450416, 41.027168 ], [ 28.9452129, 41.0275531 ] ] }, { "type": "LineString", "coordinates": [ [ 28.9452129, 41.0275531 ], [ 28.9452509, 41.02770550000001 ], [ 28.9452938, 41.027863399999987 ], [ 28.9452776, 41.027953 ] ] }, { "type": "LineString", "coordinates": [ [ 28.9452776, 41.027953 ], [ 28.9451436, 41.0280536 ], [ 28.9450256, 41.028092 ], [ 28.9448172, 41.028127499999989 ] ] }, { "type": "LineString", "coordinates": [ [ 28.938658, 41.0289863 ], [ 28.9389458, 41.0287936 ], [ 28.9392359, 41.0286189 ] ] }, { "type": "LineString", "coordinates": [ [ 28.9392359, 41.0286189 ], [ 28.9397553, 41.0282678 ] ] }, { "type": "LineString", "coordinates": [ [ 28.9397553, 41.0282678 ], [ 28.9400258, 41.0281033 ] ] }, { "type": "LineString", "coordinates": [ [ 28.9400258, 41.0281033 ], [ 28.9401882, 41.0280065 ] ] }, { "type": "LineString", "coordinates": [ [ 28.9401882, 41.0280065 ], [ 28.9408692, 41.0275968 ] ] }, { "type": "LineString", "coordinates": [ [ 28.9425434, 41.028395299999985 ], [ 28.9429262, 41.0283557 ] ] }, { "type": "LineString", "coordinates": [ [ 28.9431009, 41.0262744 ], [ 28.9434075, 41.0271213 ] ] }, { "type": "LineString", "coordinates": [ [ 28.9436385, 41.026193899999988 ], [ 28.9437533, 41.0266408 ] ] }, { "type": "LineString", "coordinates": [ [ 28.9437533, 41.0266408 ], [ 28.9439035, 41.0270282 ] ] }, { "type": "LineString", "coordinates": [ [ 28.9439035, 41.0270282 ], [ 28.9442041, 41.0280689 ] ] }, { "type": "LineString", "coordinates": [ [ 28.9425311, 41.0254878 ], [ 28.9430426, 41.0252058 ] ] }, { "type": "LineString", "coordinates": [ [ 28.9419927, 41.026113 ], [ 28.9424361, 41.0258756 ], [ 28.9424024, 41.0258071 ] ] }, { "type": "LineString", "coordinates": [ [ 28.9424024, 41.0258071 ], [ 28.9422807, 41.025682 ] ] }, { "type": "LineString", "coordinates": [ [ 28.9422807, 41.025682 ], [ 28.9421048, 41.0254976 ] ] }, { "type": "LineString", "coordinates": [ [ 28.9421048, 41.0254976 ], [ 28.9419074, 41.0252832 ] ] }, { "type": "LineString", "coordinates": [ [ 28.9418954, 41.0258639 ], [ 28.9422807, 41.025682 ] ] }, { "type": "LineString", "coordinates": [ [ 28.941818, 41.0256841 ], [ 28.9421048, 41.0254976 ] ] }, { "type": "LineString", "coordinates": [ [ 28.9436005, 41.029222499999989 ], [ 28.9433741, 41.0286871 ], [ 28.9433143, 41.0283206 ], [ 28.9432741, 41.0281968 ], [ 28.9432664, 41.0281704 ] ] }, { "type": "LineString", "coordinates": [ [ 28.9432664, 41.0281704 ], [ 28.9430381, 41.027391799999982 ], [ 28.9429491, 41.0272136 ] ] }, { "type": "LineString", "coordinates": [ [ 28.9429491, 41.0272136 ], [ 28.9428851, 41.0270459 ], [ 28.9428449, 41.026622899999985 ], [ 28.9427314, 41.0263279 ] ] }, { "type": "LineString", "coordinates": [ [ 28.9417223, 41.025371099999987 ], [ 28.941818, 41.0256841 ] ] }, { "type": "LineString", "coordinates": [ [ 28.941818, 41.0256841 ], [ 28.9418954, 41.0258639 ] ] }, { "type": "LineString", "coordinates": [ [ 28.9418954, 41.0258639 ], [ 28.9419927, 41.026113 ] ] }, { "type": "LineString", "coordinates": [ [ 28.9419927, 41.026113 ], [ 28.9420932, 41.0263603 ] ] }, { "type": "LineString", "coordinates": [ [ 28.9424137, 41.0263549 ], [ 28.9435073, 41.0255786 ] ] }, { "type": "LineString", "coordinates": [ [ 28.9461883, 41.0259188 ], [ 28.9458929, 41.0258993 ] ] }, { "type": "LineString", "coordinates": [ [ 28.9458929, 41.0258993 ], [ 28.9456425, 41.0259685 ] ] }, { "type": "LineString", "coordinates": [ [ 28.9450045, 41.0259534 ], [ 28.9449517, 41.0259684 ], [ 28.9449678, 41.026189 ] ] }, { "type": "LineString", "coordinates": [ [ 28.9444194, 41.025941 ], [ 28.9441324, 41.0260443 ] ] }, { "type": "LineString", "coordinates": [ [ 28.9408396, 41.0257397 ], [ 28.9405386, 41.025452299999984 ] ] }, { "type": "LineString", "coordinates": [ [ 28.9414436, 41.024889 ], [ 28.9417182, 41.0250834 ] ] }, { "type": "LineString", "coordinates": [ [ 28.9417182, 41.0250834 ], [ 28.9420045, 41.0252206 ] ] }, { "type": "LineString", "coordinates": [ [ 28.9410346, 41.025251 ], [ 28.941131, 41.0252571 ], [ 28.9414499, 41.0251861 ] ] }, { "type": "LineString", "coordinates": [ [ 28.9414499, 41.0251861 ], [ 28.9416351, 41.0251314 ], [ 28.9417182, 41.0250834 ] ] }, { "type": "LineString", "coordinates": [ [ 28.9415532, 41.025420499999989 ], [ 28.9414499, 41.0251861 ] ] }, { "type": "LineString", "coordinates": [ [ 28.9418123, 41.0280009 ], [ 28.9411869, 41.0280263 ] ] }, { "type": "LineString", "coordinates": [ [ 28.947559, 41.02657820000001 ], [ 28.947391, 41.0263343 ], [ 28.9472562, 41.0263682 ], [ 28.9469435, 41.0264124 ] ] }, { "type": "LineString", "coordinates": [ [ 28.9458666, 41.02619270000001 ], [ 28.9459327, 41.026335 ], [ 28.9463039, 41.0266521 ] ] }, { "type": "LineString", "coordinates": [ [ 28.9463039, 41.0266521 ], [ 28.9463694, 41.0267423 ], [ 28.9464302, 41.0269182 ] ] }, { "type": "LineString", "coordinates": [ [ 28.9447272, 41.0288207 ], [ 28.9448076, 41.0284223 ], [ 28.9448069, 41.0283487 ] ] }, { "type": "LineString", "coordinates": [ [ 28.9448069, 41.0283487 ], [ 28.944819, 41.0282702 ] ] }, { "type": "LineString", "coordinates": [ [ 28.944819, 41.0282702 ], [ 28.944819, 41.0281567 ], [ 28.9448172, 41.028127499999989 ] ] }, { "type": "LineString", "coordinates": [ [ 28.9448172, 41.028127499999989 ], [ 28.9448009, 41.028005899999989 ] ] }, { "type": "LineString", "coordinates": [ [ 28.9448009, 41.028005899999989 ], [ 28.9447654, 41.0277521 ], [ 28.9446688, 41.0273636 ], [ 28.9445505, 41.0269265 ] ] }, { "type": "LineString", "coordinates": [ [ 28.9445505, 41.0269265 ], [ 28.944529, 41.026847299999986 ] ] }, { "type": "LineString", "coordinates": [ [ 28.944529, 41.026847299999986 ], [ 28.9444844, 41.0266823 ] ] }, { "type": "LineString", "coordinates": [ [ 28.9444844, 41.0266823 ], [ 28.9444259, 41.0264662 ] ] }, { "type": "LineString", "coordinates": [ [ 28.9444259, 41.0264662 ], [ 28.9443282, 41.02623040000001 ] ] }, { "type": "LineString", "coordinates": [ [ 28.9443282, 41.02623040000001 ], [ 28.9442236, 41.0261131 ] ] }, { "type": "LineString", "coordinates": [ [ 28.9442236, 41.0261131 ], [ 28.9441324, 41.0260443 ] ] }, { "type": "LineString", "coordinates": [ [ 28.9441324, 41.0260443 ], [ 28.9437254, 41.0257372 ], [ 28.9436388, 41.0256719 ], [ 28.9435073, 41.0255786 ] ] }, { "type": "LineString", "coordinates": [ [ 28.9435073, 41.0255786 ], [ 28.9433349, 41.0254291 ] ] }, { "type": "LineString", "coordinates": [ [ 28.9433349, 41.0254291 ], [ 28.9430426, 41.0252058 ] ] }, { "type": "LineString", "coordinates": [ [ 28.9430426, 41.0252058 ], [ 28.9428763, 41.025028 ], [ 28.9426822, 41.0248298 ] ] }, { "type": "LineString", "coordinates": [ [ 28.9436391, 41.0252356 ], [ 28.9433349, 41.0254291 ] ] }, { "type": "LineString", "coordinates": [ [ 28.9402505, 41.0257884 ], [ 28.9405261, 41.025991199999986 ] ] }, { "type": "LineString", "coordinates": [ [ 28.946029, 41.0241039 ], [ 28.9462736, 41.0244107 ], [ 28.9465302, 41.0247165 ] ] }, { "type": "LineString", "coordinates": [ [ 28.9465302, 41.0247165 ], [ 28.9467744, 41.0249799 ] ] }, { "type": "LineString", "coordinates": [ [ 28.9467744, 41.0249799 ], [ 28.9469172, 41.0251787 ], [ 28.9469554, 41.0252111 ] ] }, { "type": "LineString", "coordinates": [ [ 28.9469554, 41.0252111 ], [ 28.9472456, 41.0251248 ] ] }, { "type": "LineString", "coordinates": [ [ 28.9469554, 41.0252111 ], [ 28.946887, 41.0252809 ], [ 28.9465555, 41.0253502 ] ] }, { "type": "LineString", "coordinates": [ [ 28.9456799, 41.0254666 ], [ 28.9461221, 41.025363 ] ] }, { "type": "LineString", "coordinates": [ [ 28.9461221, 41.025363 ], [ 28.946361, 41.0252986 ] ] }, { "type": "LineString", "coordinates": [ [ 28.9443282, 41.02623040000001 ], [ 28.9449678, 41.026189 ] ] }, { "type": "LineString", "coordinates": [ [ 28.9449678, 41.026189 ], [ 28.9453011, 41.0261952 ] ] }, { "type": "LineString", "coordinates": [ [ 28.9453011, 41.0261952 ], [ 28.9457087, 41.0262076 ] ] }, { "type": "LineString", "coordinates": [ [ 28.9457087, 41.0262076 ], [ 28.9458666, 41.02619270000001 ] ] }, { "type": "LineString", "coordinates": [ [ 28.9458666, 41.02619270000001 ], [ 28.9460072, 41.02616470000001 ] ] }, { "type": "LineString", "coordinates": [ [ 28.9460072, 41.02616470000001 ], [ 28.9461253, 41.0261353 ], [ 28.9463595, 41.026067 ], [ 28.9464282, 41.0260258 ] ] }, { "type": "LineString", "coordinates": [ [ 28.9466095, 41.0265136 ], [ 28.9469435, 41.0264124 ] ] }, { "type": "LineString", "coordinates": [ [ 28.9462811, 41.0250264 ], [ 28.9460299, 41.0250906 ], [ 28.9461221, 41.025363 ] ] }, { "type": "LineString", "coordinates": [ [ 28.9461221, 41.025363 ], [ 28.946161, 41.0255095 ], [ 28.9461816, 41.0256274 ], [ 28.9461695, 41.0258641 ], [ 28.9461883, 41.0259188 ] ] }, { "type": "LineString", "coordinates": [ [ 28.9468071, 41.0237169 ], [ 28.9471935, 41.023845 ] ] }, { "type": "LineString", "coordinates": [ [ 28.9471935, 41.023845 ], [ 28.9472706, 41.0243668 ], [ 28.9473329, 41.0246184 ] ] }, { "type": "LineString", "coordinates": [ [ 28.9473329, 41.0246184 ], [ 28.9474025, 41.0248349 ] ] }, { "type": "LineString", "coordinates": [ [ 28.9473329, 41.0246184 ], [ 28.9470131, 41.0246642 ], [ 28.946912, 41.024604 ], [ 28.9468011, 41.0245165 ], [ 28.946739, 41.0243723 ], [ 28.946647, 41.0242241 ], [ 28.9464539, 41.0239185 ] ] }, { "type": "LineString", "coordinates": [ [ 28.9477641, 41.0258358 ], [ 28.9476074, 41.0255663 ] ] }, { "type": "LineString", "coordinates": [ [ 28.9476074, 41.0255663 ], [ 28.9472456, 41.0251248 ] ] }, { "type": "LineString", "coordinates": [ [ 28.9472456, 41.0251248 ], [ 28.9471076, 41.024946 ] ] }, { "type": "LineString", "coordinates": [ [ 28.9429621, 41.0243846 ], [ 28.9432272, 41.0242696 ], [ 28.9432977, 41.0244047 ], [ 28.9433125, 41.0244264 ], [ 28.9433881, 41.02445070000001 ], [ 28.9434287, 41.0246069 ] ] }, { "type": "LineString", "coordinates": [ [ 28.942529, 41.024911299999985 ], [ 28.9423652, 41.0247478 ], [ 28.9422752, 41.024521900000011 ], [ 28.9422293, 41.0243545 ] ] }, { "type": "LineString", "coordinates": [ [ 28.9477158, 41.0243728 ], [ 28.9477844, 41.0246519 ] ] }, { "type": "LineString", "coordinates": [ [ 28.9396667, 41.026411899999985 ], [ 28.9398811, 41.0263781 ], [ 28.9403065, 41.0261355 ] ] }, { "type": "LineString", "coordinates": [ [ 28.9405261, 41.025991199999986 ], [ 28.9408396, 41.0257397 ] ] }, { "type": "LineString", "coordinates": [ [ 28.9408396, 41.0257397 ], [ 28.9409816, 41.0256437 ] ] }, { "type": "LineString", "coordinates": [ [ 28.9409816, 41.0256437 ], [ 28.94119, 41.0255444 ], [ 28.9415532, 41.025420499999989 ] ] }, { "type": "LineString", "coordinates": [ [ 28.9415532, 41.025420499999989 ], [ 28.9417223, 41.025371099999987 ] ] }, { "type": "LineString", "coordinates": [ [ 28.9460072, 41.02616470000001 ], [ 28.9458929, 41.0258993 ] ] }, { "type": "LineString", "coordinates": [ [ 28.9458929, 41.0258993 ], [ 28.9456799, 41.0254666 ] ] }, { "type": "LineString", "coordinates": [ [ 28.9456799, 41.0254666 ], [ 28.9456672, 41.0254294 ], [ 28.9456226, 41.0252238 ] ] }, { "type": "LineString", "coordinates": [ [ 28.9456226, 41.0252238 ], [ 28.9455492, 41.0249902 ], [ 28.9454707, 41.0245889 ], [ 28.9454129, 41.0242974 ] ] }, { "type": "LineString", "coordinates": [ [ 28.9443292, 41.0244762 ], [ 28.9442092, 41.0241409 ] ] }, { "type": "LineString", "coordinates": [ [ 28.9442092, 41.0241409 ], [ 28.9441163, 41.0239327 ], [ 28.9439387, 41.023500899999988 ] ] }, { "type": "LineString", "coordinates": [ [ 28.9439387, 41.023500899999988 ], [ 28.9437864, 41.0231447 ] ] }, { "type": "LineString", "coordinates": [ [ 28.9434855, 41.0234951 ], [ 28.9435042, 41.0236357 ], [ 28.9435436, 41.023878 ], [ 28.9435719, 41.0239827 ] ] }, { "type": "LineString", "coordinates": [ [ 28.9435719, 41.0239827 ], [ 28.9436616, 41.0241533 ], [ 28.943851, 41.0245485 ] ] }, { "type": "LineString", "coordinates": [ [ 28.9328414, 41.0150426 ], [ 28.9326131, 41.015215199999986 ] ] }, { "type": "LineString", "coordinates": [ [ 28.9430382, 41.0297766 ], [ 28.9433273, 41.0301072 ] ] }, { "type": "LineString", "coordinates": [ [ 28.9433273, 41.0301072 ], [ 28.9433882, 41.0301874 ] ] }, { "type": "LineString", "coordinates": [ [ 28.9438224, 41.0312394 ], [ 28.9439415, 41.0310807 ], [ 28.9439742, 41.0310388 ] ] }, { "type": "LineString", "coordinates": [ [ 28.9439742, 41.0310388 ], [ 28.9441406, 41.0308732 ] ] }, { "type": "LineString", "coordinates": [ [ 28.9441406, 41.0308732 ], [ 28.9443155, 41.0307186 ] ] }, { "type": "LineString", "coordinates": [ [ 28.9437641, 41.0302832 ], [ 28.9438506, 41.0303389 ], [ 28.9440625, 41.0304933 ], [ 28.9438807, 41.0305593 ], [ 28.9436799, 41.0304983 ], [ 28.9435633, 41.0305751 ], [ 28.9435197, 41.0307053 ], [ 28.9434307, 41.0308153 ] ] }, { "type": "LineString", "coordinates": [ [ 28.9412143, 41.030246 ], [ 28.9411556, 41.0303267 ], [ 28.9409952, 41.0305409 ] ] }, { "type": "LineString", "coordinates": [ [ 28.9409952, 41.0305409 ], [ 28.9408911, 41.0306841 ], [ 28.940753, 41.0306831 ] ] }, { "type": "LineString", "coordinates": [ [ 28.9416196, 41.0302992 ], [ 28.9414222, 41.0307529 ], [ 28.941504, 41.030820699999985 ], [ 28.9416113, 41.0309502 ], [ 28.9416736, 41.0310815 ] ] }, { "type": "LineString", "coordinates": [ [ 28.9416736, 41.0310815 ], [ 28.9417125, 41.0311538 ] ] }, { "type": "LineString", "coordinates": [ [ 28.942404, 41.0306922 ], [ 28.9422152, 41.0308163 ] ] }, { "type": "LineString", "coordinates": [ [ 28.9422152, 41.0308163 ], [ 28.942015, 41.0309441 ], [ 28.9417125, 41.0311538 ] ] }, { "type": "LineString", "coordinates": [ [ 28.9418768, 41.031424 ], [ 28.9421094, 41.031272 ], [ 28.9425836, 41.03088 ] ] }, { "type": "LineString", "coordinates": [ [ 28.9443462, 41.0301011 ], [ 28.9441587, 41.0301072 ] ] }, { "type": "LineString", "coordinates": [ [ 28.9441587, 41.0301072 ], [ 28.9438639, 41.030233699999982 ], [ 28.9437641, 41.0302832 ] ] }, { "type": "LineString", "coordinates": [ [ 28.9437641, 41.0302832 ], [ 28.9437267, 41.0302953 ] ] }, { "type": "LineString", "coordinates": [ [ 28.9437267, 41.0302953 ], [ 28.9435989, 41.0303459 ], [ 28.9434224, 41.0304288 ], [ 28.9432349, 41.0305329 ], [ 28.9430812, 41.0306426 ], [ 28.943074, 41.0307504 ] ] }, { "type": "LineString", "coordinates": [ [ 28.943074, 41.0307504 ], [ 28.9429846, 41.0308318 ], [ 28.9428317, 41.0309143 ] ] }, { "type": "LineString", "coordinates": [ [ 28.9450156, 41.0325945 ], [ 28.9448341, 41.0323219 ] ] }, { "type": "LineString", "coordinates": [ [ 28.9448341, 41.0323219 ], [ 28.9444757, 41.0318141 ] ] }, { "type": "LineString", "coordinates": [ [ 28.9444757, 41.0318141 ], [ 28.9442925, 41.0314635 ] ] }, { "type": "LineString", "coordinates": [ [ 28.9414638, 41.0302561 ], [ 28.9415374, 41.0297574 ] ] }, { "type": "LineString", "coordinates": [ [ 28.9406121, 41.0302405 ], [ 28.9412143, 41.030246 ] ] }, { "type": "LineString", "coordinates": [ [ 28.9412143, 41.030246 ], [ 28.9414638, 41.0302561 ] ] }, { "type": "LineString", "coordinates": [ [ 28.9414638, 41.0302561 ], [ 28.9416196, 41.0302992 ] ] }, { "type": "LineString", "coordinates": [ [ 28.9416196, 41.0302992 ], [ 28.9417615, 41.030327 ], [ 28.9423035, 41.030517499999988 ] ] }, { "type": "LineString", "coordinates": [ [ 28.9405063, 41.030529099999988 ], [ 28.9409341, 41.030541499999984 ], [ 28.9409952, 41.0305409 ] ] }, { "type": "LineString", "coordinates": [ [ 28.9403933, 41.0334148 ], [ 28.9408752, 41.0330733 ] ] }, { "type": "LineString", "coordinates": [ [ 28.9408752, 41.0330733 ], [ 28.9409823, 41.0330584 ], [ 28.9414203, 41.033008 ] ] }, { "type": "LineString", "coordinates": [ [ 28.9406535, 41.0335503 ], [ 28.9410402, 41.0332524 ] ] }, { "type": "LineString", "coordinates": [ [ 28.9410402, 41.0332524 ], [ 28.9414962, 41.0331804 ] ] }, { "type": "LineString", "coordinates": [ [ 28.9414962, 41.0331804 ], [ 28.9416971, 41.0331839 ], [ 28.9417702, 41.0331756 ], [ 28.9418152, 41.0332163 ], [ 28.9421331, 41.0334589 ] ] }, { "type": "LineString", "coordinates": [ [ 28.9410158, 41.0337421 ], [ 28.9413325, 41.033557899999984 ] ] }, { "type": "LineString", "coordinates": [ [ 28.9413325, 41.033557899999984 ], [ 28.9416147, 41.0334094 ] ] }, { "type": "LineString", "coordinates": [ [ 28.9417401, 41.0342522 ], [ 28.9419427, 41.034014 ] ] }, { "type": "LineString", "coordinates": [ [ 28.9419427, 41.034014 ], [ 28.9420833, 41.0338488 ] ] }, { "type": "LineString", "coordinates": [ [ 28.9422081, 41.0337402 ], [ 28.9423127, 41.0336522 ], [ 28.9423951, 41.0335875 ] ] }, { "type": "LineString", "coordinates": [ [ 28.941276, 41.03389 ], [ 28.9415305, 41.0337486 ] ] }, { "type": "LineString", "coordinates": [ [ 28.9415305, 41.0337486 ], [ 28.9417735, 41.0336293 ] ] }, { "type": "LineString", "coordinates": [ [ 28.9417735, 41.0336293 ], [ 28.9421331, 41.0334589 ] ] }, { "type": "LineString", "coordinates": [ [ 28.9420833, 41.0338488 ], [ 28.9417735, 41.0336293 ] ] }, { "type": "LineString", "coordinates": [ [ 28.9417735, 41.0336293 ], [ 28.9416147, 41.0334094 ] ] }, { "type": "LineString", "coordinates": [ [ 28.9416147, 41.0334094 ], [ 28.9414962, 41.0331804 ] ] }, { "type": "LineString", "coordinates": [ [ 28.9414962, 41.0331804 ], [ 28.9414203, 41.033008 ] ] }, { "type": "LineString", "coordinates": [ [ 28.9414203, 41.033008 ], [ 28.9413434, 41.032858 ] ] }, { "type": "LineString", "coordinates": [ [ 28.9413434, 41.032858 ], [ 28.9412939, 41.0327853 ] ] }, { "type": "LineString", "coordinates": [ [ 28.9400991, 41.0332544 ], [ 28.9406929, 41.0328831 ] ] }, { "type": "LineString", "coordinates": [ [ 28.9406929, 41.0328831 ], [ 28.9409488, 41.0328379 ], [ 28.9412939, 41.0327853 ] ] }, { "type": "LineString", "coordinates": [ [ 28.9430663, 41.0341426 ], [ 28.9424646, 41.0343147 ], [ 28.9423301, 41.0342926 ] ] }, { "type": "LineString", "coordinates": [ [ 28.9423301, 41.0342926 ], [ 28.9419427, 41.034014 ] ] }, { "type": "LineString", "coordinates": [ [ 28.9419427, 41.034014 ], [ 28.9415305, 41.0337486 ] ] }, { "type": "LineString", "coordinates": [ [ 28.9409846, 41.0320781 ], [ 28.9406797, 41.031795499999987 ] ] }, { "type": "LineString", "coordinates": [ [ 28.9406797, 41.031795499999987 ], [ 28.9406088, 41.0317327 ], [ 28.9402242, 41.0314222 ] ] }, { "type": "LineString", "coordinates": [ [ 28.9386682, 41.0299671 ], [ 28.9382622, 41.0294452 ] ] }, { "type": "LineString", "coordinates": [ [ 28.9390575, 41.0303756 ], [ 28.9387402, 41.029916299999989 ] ] }, { "type": "LineString", "coordinates": [ [ 28.9383632, 41.032079 ], [ 28.938946, 41.0324265 ] ] }, { "type": "LineString", "coordinates": [ [ 28.9376944, 41.030228 ], [ 28.9374074, 41.0296566 ] ] }, { "type": "LineString", "coordinates": [ [ 28.9392693, 41.0303534 ], [ 28.9392488, 41.0301672 ] ] }, { "type": "LineString", "coordinates": [ [ 28.9392488, 41.0301672 ], [ 28.9388467, 41.0298493 ] ] }, { "type": "LineString", "coordinates": [ [ 28.9392488, 41.0301672 ], [ 28.9397125, 41.0299099 ] ] }, { "type": "LineString", "coordinates": [ [ 28.9382622, 41.0294452 ], [ 28.9378926, 41.0295784 ] ] }, { "type": "LineString", "coordinates": [ [ 28.9378926, 41.0295784 ], [ 28.9374074, 41.0296566 ] ] }, { "type": "LineString", "coordinates": [ [ 28.9372781, 41.028677599999988 ], [ 28.9373152, 41.0287014 ] ] }, { "type": "LineString", "coordinates": [ [ 28.9373152, 41.0287014 ], [ 28.9375183, 41.0288074 ] ] }, { "type": "LineString", "coordinates": [ [ 28.9396564, 41.031599 ], [ 28.939469, 41.0314209 ], [ 28.9391845, 41.0314562 ], [ 28.9391331, 41.0314279 ], [ 28.9391041, 41.031355 ], [ 28.9389261, 41.0313875 ], [ 28.9388538, 41.031400699999985 ], [ 28.9388266, 41.0313244 ] ] }, { "type": "LineString", "coordinates": [ [ 28.9370442, 41.0079633 ], [ 28.9376518, 41.0080205 ] ] }, { "type": "LineString", "coordinates": [ [ 28.9404706, 41.0364286 ], [ 28.9404737, 41.03633 ], [ 28.9404827, 41.0362211 ], [ 28.9404684, 41.0361095 ], [ 28.9404452, 41.0360092 ], [ 28.9403348, 41.035961 ] ] }, { "type": "LineString", "coordinates": [ [ 28.9403348, 41.035961 ], [ 28.9403153, 41.0358889 ], [ 28.940266, 41.0357467 ], [ 28.9402855, 41.0355779 ], [ 28.939889, 41.035566 ] ] }, { "type": "LineString", "coordinates": [ [ 28.941056, 41.0343556 ], [ 28.941191, 41.0341625 ] ] }, { "type": "LineString", "coordinates": [ [ 28.9411164, 41.0341534 ], [ 28.9410059, 41.0341533 ], [ 28.9409008, 41.034172 ] ] }, { "type": "LineString", "coordinates": [ [ 28.9413113, 41.0366246 ], [ 28.9411075, 41.0366691 ], [ 28.9408973, 41.0367109 ] ] }, { "type": "LineString", "coordinates": [ [ 28.9411253, 41.037683 ], [ 28.9409412, 41.037705 ], [ 28.9409118, 41.0378248 ], [ 28.9408869, 41.0379498 ], [ 28.940667, 41.0380347 ], [ 28.9406436, 41.037886 ], [ 28.9403827, 41.0378365 ] ] }, { "type": "LineString", "coordinates": [ [ 28.9405436, 41.0373269 ], [ 28.9405277, 41.0367155 ] ] }, { "type": "LineString", "coordinates": [ [ 28.9420263, 41.0390804 ], [ 28.9417243, 41.0391903 ], [ 28.9417451, 41.039288199999987 ], [ 28.9418734, 41.0394519 ], [ 28.9419188, 41.0394649 ], [ 28.9421172, 41.0394989 ], [ 28.9422259, 41.039589499999984 ], [ 28.942408, 41.0395415 ] ] }, { "type": "LineString", "coordinates": [ [ 28.940607, 40.9993219 ], [ 28.9405307, 40.999488 ], [ 28.9404525, 40.9996582 ], [ 28.9403946, 40.9997841 ] ] }, { "type": "LineString", "coordinates": [ [ 28.9403027, 40.999983899999982 ], [ 28.940244, 41.0001116 ], [ 28.9401899, 41.0002293 ], [ 28.9401188, 41.0003841 ] ] }, { "type": "LineString", "coordinates": [ [ 28.9511064, 41.0210712 ], [ 28.9504466, 41.0216638 ] ] }, { "type": "LineString", "coordinates": [ [ 28.9699077, 41.015010799999985 ], [ 28.9700186, 41.0151892 ], [ 28.9701126, 41.0153386 ] ] }, { "type": "LineString", "coordinates": [ [ 28.9514847, 41.019509 ], [ 28.9513272, 41.0196652 ], [ 28.9510787, 41.019913 ] ] }, { "type": "LineString", "coordinates": [ [ 28.9510787, 41.019913 ], [ 28.9505398, 41.0204502 ], [ 28.9503233, 41.0206635 ], [ 28.9498741, 41.02110840000001 ] ] }, { "type": "LineString", "coordinates": [ [ 28.961221, 41.0224998 ], [ 28.961303628764806, 41.022417082020077 ] ] }, { "type": "LineString", "coordinates": [ [ 28.961303628764806, 41.022417082020077 ], [ 28.961386643781147, 41.022333977108644 ] ] }, { "type": "LineString", "coordinates": [ [ 28.961386643781147, 41.022333977108644 ], [ 28.9614059, 41.02231470000001 ] ] }, { "type": "LineString", "coordinates": [ [ 28.9721401, 41.0177492 ], [ 28.972116613223545, 41.017764024688361 ] ] }, { "type": "LineString", "coordinates": [ [ 28.972116613223545, 41.017764024688361 ], [ 28.9720856, 41.0177836 ] ] }, { "type": "LineString", "coordinates": [ [ 28.9720413, 41.0178248 ], [ 28.972031668568007, 41.017838225640915 ] ] }, { "type": "LineString", "coordinates": [ [ 28.972031668568007, 41.017838225640915 ], [ 28.972005, 41.0178754 ] ] }, { "type": "LineString", "coordinates": [ [ 28.954115, 41.0147642 ], [ 28.954277105979845, 41.014679296938652 ] ] }, { "type": "LineString", "coordinates": [ [ 28.954277105979845, 41.014679296938652 ], [ 28.954346872825482, 41.014642756394231 ] ] }, { "type": "LineString", "coordinates": [ [ 28.954346872825482, 41.014642756394231 ], [ 28.9543592, 41.0146363 ] ] }, { "type": "LineString", "coordinates": [ [ 28.9544425, 41.0146042 ], [ 28.954454443740339, 41.014599460420555 ] ] }, { "type": "LineString", "coordinates": [ [ 28.954454443740339, 41.014599460420555 ], [ 28.9544551, 41.0145992 ] ] }, { "type": "LineString", "coordinates": [ [ 28.9545394, 41.0145916 ], [ 28.954567181556332, 41.014599655622661 ] ] }, { "type": "LineString", "coordinates": [ [ 28.954567181556332, 41.014599655622661 ], [ 28.9545932, 41.0146072 ] ] }, { "type": "LineString", "coordinates": [ [ 28.9545932, 41.0146072 ], [ 28.954580238459975, 41.01461453035958 ] ] }, { "type": "LineString", "coordinates": [ [ 28.954580238459975, 41.01461453035958 ], [ 28.954502266862043, 41.014658626895688 ] ] }, { "type": "LineString", "coordinates": [ [ 28.954502266862043, 41.014658626895688 ], [ 28.954409106751338, 41.014711313092143 ] ] }, { "type": "LineString", "coordinates": [ [ 28.954409106751338, 41.014711313092143 ], [ 28.954341261641311, 41.01474968242804 ] ] }, { "type": "LineString", "coordinates": [ [ 28.954341261641311, 41.01474968242804 ], [ 28.9540714, 41.01490230000001 ] ] }, { "type": "LineString", "coordinates": [ [ 28.9558559, 41.0163066 ], [ 28.9556874, 41.0160916 ], [ 28.9556006, 41.015982 ] ] }, { "type": "LineString", "coordinates": [ [ 28.9502492, 41.0096281 ], [ 28.950402961731154, 41.009622284674109 ] ] }, { "type": "LineString", "coordinates": [ [ 28.950402961731154, 41.009622284674109 ], [ 28.9505374, 41.009617199999987 ] ] }, { "type": "LineString", "coordinates": [ [ 28.9523778, 41.0093502 ], [ 28.9526673, 41.0093491 ] ] }, { "type": "LineString", "coordinates": [ [ 28.9376341, 41.031790199999989 ], [ 28.9382376, 41.0315222 ] ] }, { "type": "LineString", "coordinates": [ [ 28.9418516, 41.02734190000001 ], [ 28.9417989, 41.0276206 ], [ 28.9417919, 41.0277747 ] ] }, { "type": "LineString", "coordinates": [ [ 28.9417919, 41.0277747 ], [ 28.9418123, 41.0280009 ] ] }, { "type": "LineString", "coordinates": [ [ 28.9418123, 41.0280009 ], [ 28.9418173, 41.02809340000001 ] ] }, { "type": "LineString", "coordinates": [ [ 28.9412411, 41.02743060000001 ], [ 28.9418516, 41.02734190000001 ] ] }, { "type": "LineString", "coordinates": [ [ 28.9418516, 41.02734190000001 ], [ 28.9421698, 41.0273306 ], [ 28.9423497, 41.0273041 ] ] }, { "type": "LineString", "coordinates": [ [ 28.9511261, 41.0229714 ], [ 28.9518422, 41.022752799999978 ] ] }, { "type": "LineString", "coordinates": [ [ 28.9531999, 41.0222115 ], [ 28.9537321, 41.021987 ] ] }, { "type": "LineString", "coordinates": [ [ 28.9537321, 41.021987 ], [ 28.9537967, 41.0219597 ] ] }, { "type": "LineString", "coordinates": [ [ 28.9529867, 41.0213915 ], [ 28.9537321, 41.021987 ] ] }, { "type": "LineString", "coordinates": [ [ 28.9512446, 41.0193746 ], [ 28.9509031, 41.0191745 ] ] }, { "type": "LineString", "coordinates": [ [ 28.9548165, 41.0142034 ], [ 28.9550051, 41.0140971 ], [ 28.9555579, 41.0137788 ], [ 28.9557091, 41.01369170000001 ], [ 28.9559697, 41.0135425 ] ] }, { "type": "LineString", "coordinates": [ [ 28.9527918, 41.025971099999985 ], [ 28.952478, 41.0258942 ] ] }, { "type": "LineString", "coordinates": [ [ 28.952478, 41.0258942 ], [ 28.9523331, 41.0257465 ], [ 28.9522629, 41.0256841 ] ] }, { "type": "LineString", "coordinates": [ [ 28.9522629, 41.0256841 ], [ 28.9520442, 41.0254659 ] ] }, { "type": "LineString", "coordinates": [ [ 28.9573771, 41.0150835 ], [ 28.9576971, 41.0154507 ] ] }, { "type": "LineString", "coordinates": [ [ 28.9507182, 41.0287408 ], [ 28.9503776, 41.0287324 ] ] }, { "type": "LineString", "coordinates": [ [ 28.9503776, 41.0287324 ], [ 28.9503181, 41.0287238 ], [ 28.9502346, 41.0287131 ], [ 28.9501118, 41.0286976 ], [ 28.9500578, 41.028895399999989 ] ] }, { "type": "LineString", "coordinates": [ [ 28.9500578, 41.028895399999989 ], [ 28.9500084, 41.0290008 ], [ 28.9499863, 41.0290722 ] ] }, { "type": "LineString", "coordinates": [ [ 28.9499863, 41.0290722 ], [ 28.949833, 41.0291764 ], [ 28.9497461, 41.0292215 ] ] }, { "type": "LineString", "coordinates": [ [ 28.9501163, 41.029225 ], [ 28.9499863, 41.0290722 ] ] }, { "type": "LineString", "coordinates": [ [ 28.9470837, 41.0285739 ], [ 28.9469273, 41.0285221 ], [ 28.9470521, 41.0283562 ], [ 28.9471412, 41.0282477 ], [ 28.947233, 41.0279408 ] ] }, { "type": "LineString", "coordinates": [ [ 28.947233, 41.0279408 ], [ 28.9472712, 41.02777540000001 ], [ 28.947282, 41.0277128 ] ] }, { "type": "LineString", "coordinates": [ [ 28.947282, 41.0277128 ], [ 28.9472879, 41.0276596 ] ] }, { "type": "LineString", "coordinates": [ [ 28.9472879, 41.0276596 ], [ 28.9473008, 41.0274844 ], [ 28.9472788, 41.0271675 ] ] }, { "type": "LineString", "coordinates": [ [ 28.9472788, 41.0271675 ], [ 28.9472697, 41.02709930000001 ], [ 28.9472158, 41.0268211 ] ] }, { "type": "LineString", "coordinates": [ [ 28.9490144, 41.031251 ], [ 28.9484498, 41.0308646 ], [ 28.9484023, 41.0307629 ] ] }, { "type": "LineString", "coordinates": [ [ 28.9484023, 41.0307629 ], [ 28.9482541, 41.0305492 ] ] }, { "type": "LineString", "coordinates": [ [ 28.9482541, 41.0305492 ], [ 28.9482012, 41.0303879 ], [ 28.9480831, 41.0300553 ] ] }, { "type": "LineString", "coordinates": [ [ 28.9499728, 41.0296237 ], [ 28.9501818, 41.0298754 ] ] }, { "type": "LineString", "coordinates": [ [ 28.9501818, 41.0298754 ], [ 28.9504025, 41.0301179 ] ] }, { "type": "LineString", "coordinates": [ [ 28.9500578, 41.028895399999989 ], [ 28.950441, 41.0289547 ] ] }, { "type": "LineString", "coordinates": [ [ 28.950441, 41.0289547 ], [ 28.9507611, 41.0289999 ] ] }, { "type": "LineString", "coordinates": [ [ 28.9506558, 41.0293531 ], [ 28.9504886, 41.0290096 ] ] }, { "type": "LineString", "coordinates": [ [ 28.9504886, 41.0290096 ], [ 28.950441, 41.0289547 ] ] }, { "type": "LineString", "coordinates": [ [ 28.950066, 41.0279898 ], [ 28.9501943, 41.0278887 ], [ 28.9504652, 41.027848199999987 ] ] }, { "type": "LineString", "coordinates": [ [ 28.9503776, 41.0287324 ], [ 28.9502433, 41.0284006 ] ] }, { "type": "LineString", "coordinates": [ [ 28.9504886, 41.0290096 ], [ 28.9501163, 41.029225 ] ] }, { "type": "LineString", "coordinates": [ [ 28.9501163, 41.029225 ], [ 28.950033, 41.0292802 ], [ 28.9502304, 41.0294677 ] ] }, { "type": "LineString", "coordinates": [ [ 28.9502304, 41.0294677 ], [ 28.9504651, 41.0297251 ] ] }, { "type": "LineString", "coordinates": [ [ 28.9504651, 41.0297251 ], [ 28.9506979, 41.0299544 ] ] }, { "type": "LineString", "coordinates": [ [ 28.949903, 41.0296568 ], [ 28.9499728, 41.0296237 ] ] }, { "type": "LineString", "coordinates": [ [ 28.9499728, 41.0296237 ], [ 28.9502304, 41.0294677 ] ] }, { "type": "LineString", "coordinates": [ [ 28.9502304, 41.0294677 ], [ 28.9504074, 41.0293935 ], [ 28.9506558, 41.0293531 ] ] }, { "type": "LineString", "coordinates": [ [ 28.9506558, 41.0293531 ], [ 28.9508274, 41.0293232 ] ] }, { "type": "LineString", "coordinates": [ [ 28.9511338, 41.0251088 ], [ 28.9508082, 41.0252018 ], [ 28.9507308, 41.025242 ], [ 28.9505031, 41.025431 ] ] }, { "type": "LineString", "coordinates": [ [ 28.9485734, 41.026786 ], [ 28.9487022, 41.0268507 ], [ 28.9489699, 41.0269497 ], [ 28.9491631, 41.027044499999988 ], [ 28.9493425, 41.027193 ], [ 28.9492073, 41.0272736 ], [ 28.9489356, 41.0274311 ] ] }, { "type": "LineString", "coordinates": [ [ 28.9489356, 41.0274311 ], [ 28.9486936, 41.0275375 ] ] }, { "type": "LineString", "coordinates": [ [ 28.9501667, 41.0302674 ], [ 28.9499029, 41.0300622 ] ] }, { "type": "LineString", "coordinates": [ [ 28.9499029, 41.0300622 ], [ 28.949903, 41.0296568 ] ] }, { "type": "LineString", "coordinates": [ [ 28.949903, 41.0296568 ], [ 28.9498157, 41.029373600000014 ], [ 28.9497461, 41.0292215 ] ] }, { "type": "LineString", "coordinates": [ [ 28.9497461, 41.0292215 ], [ 28.9496816, 41.0290039 ], [ 28.949671, 41.0288173 ], [ 28.9496786, 41.0286461 ] ] }, { "type": "LineString", "coordinates": [ [ 28.9507817, 41.029084 ], [ 28.9510399, 41.0291533 ], [ 28.9511401, 41.0291678 ] ] }, { "type": "LineString", "coordinates": [ [ 28.9478653, 41.0264317 ], [ 28.9482225, 41.0268863 ], [ 28.948248, 41.0269188 ] ] }, { "type": "LineString", "coordinates": [ [ 28.948248, 41.0269188 ], [ 28.9485734, 41.026786 ] ] }, { "type": "LineString", "coordinates": [ [ 28.9485734, 41.026786 ], [ 28.9491634, 41.0264699 ] ] }, { "type": "LineString", "coordinates": [ [ 28.9493398, 41.024813 ], [ 28.9492395, 41.0251125 ], [ 28.9491215, 41.025339100000011 ], [ 28.9489605, 41.0255253 ], [ 28.948864, 41.0255658 ], [ 28.948612, 41.0255442 ], [ 28.9484325, 41.0255242 ], [ 28.9484055, 41.0255212 ] ] }, { "type": "LineString", "coordinates": [ [ 28.9519539, 41.0270146 ], [ 28.9521685, 41.0271198 ], [ 28.9522865, 41.0272169 ] ] }, { "type": "LineString", "coordinates": [ [ 28.9522865, 41.0272169 ], [ 28.9523696, 41.0273347 ], [ 28.9523829, 41.0273885 ] ] }, { "type": "LineString", "coordinates": [ [ 28.952478, 41.0258942 ], [ 28.9526892, 41.0261615 ], [ 28.9527247, 41.0262418 ], [ 28.9527081, 41.0263651 ], [ 28.9526786, 41.0264339 ] ] }, { "type": "LineString", "coordinates": [ [ 28.9526786, 41.0264339 ], [ 28.9525492, 41.0264406 ], [ 28.9524586, 41.0265138 ], [ 28.9523329, 41.026604 ] ] }, { "type": "LineString", "coordinates": [ [ 28.9527331, 41.0276236 ], [ 28.9529192, 41.0275823 ] ] }, { "type": "LineString", "coordinates": [ [ 28.9529192, 41.0275823 ], [ 28.9530401, 41.0275599 ] ] }, { "type": "LineString", "coordinates": [ [ 28.9531866, 41.0270904 ], [ 28.9529592, 41.0273413 ] ] }, { "type": "LineString", "coordinates": [ [ 28.9511401, 41.0291678 ], [ 28.9512873, 41.0289975 ], [ 28.9513416, 41.02892820000001 ], [ 28.9513238, 41.028612099999989 ] ] }, { "type": "LineString", "coordinates": [ [ 28.9513238, 41.028612099999989 ], [ 28.9511837, 41.0284049 ], [ 28.9509925, 41.0281386 ], [ 28.9513096, 41.0280005 ] ] }, { "type": "LineString", "coordinates": [ [ 28.9540299, 41.0274395 ], [ 28.9539756, 41.0276468 ], [ 28.9539317, 41.0277033 ], [ 28.9537381, 41.0277422 ] ] }, { "type": "LineString", "coordinates": [ [ 28.953708, 41.028060699999983 ], [ 28.9538636, 41.0281477 ], [ 28.9541533, 41.0281639 ], [ 28.9543035, 41.0281963 ], [ 28.9544215, 41.0282529 ], [ 28.9549258, 41.0281882 ], [ 28.9554, 41.028091 ] ] }, { "type": "LineString", "coordinates": [ [ 28.9513238, 41.028612099999989 ], [ 28.9513606, 41.0285397 ], [ 28.9514784, 41.028416 ], [ 28.9514877, 41.0283654 ], [ 28.9514902, 41.0283519 ], [ 28.9514971, 41.0283142 ], [ 28.951439, 41.0282135 ] ] }, { "type": "LineString", "coordinates": [ [ 28.951439, 41.0282135 ], [ 28.9513096, 41.0280005 ] ] }, { "type": "LineString", "coordinates": [ [ 28.9513096, 41.0280005 ], [ 28.951292, 41.0279447 ], [ 28.9511118, 41.0278586 ], [ 28.9506368, 41.0275179 ], [ 28.9504849, 41.02735 ] ] }, { "type": "LineString", "coordinates": [ [ 28.9493557, 41.0277363 ], [ 28.9497736, 41.0275658 ], [ 28.9503554, 41.0273958 ] ] }, { "type": "LineString", "coordinates": [ [ 28.9527918, 41.025971099999985 ], [ 28.9532553, 41.0256933 ] ] }, { "type": "LineString", "coordinates": [ [ 28.951323, 41.0258486 ], [ 28.9516896, 41.0260545 ] ] }, { "type": "LineString", "coordinates": [ [ 28.951439, 41.0282135 ], [ 28.9515435, 41.0280991 ], [ 28.9517351, 41.0278499 ], [ 28.9519069, 41.0276611 ], [ 28.952257, 41.0274507 ], [ 28.9523829, 41.0273885 ] ] }, { "type": "LineString", "coordinates": [ [ 28.9523829, 41.0273885 ], [ 28.9525147, 41.0273471 ], [ 28.9526157, 41.027316 ], [ 28.9527165, 41.0273049 ], [ 28.9528517, 41.0273069 ], [ 28.9529309, 41.0273428 ], [ 28.9529592, 41.0273413 ] ] }, { "type": "LineString", "coordinates": [ [ 28.9418488, 41.0318156 ], [ 28.9417175, 41.032086699999986 ], [ 28.9415636, 41.0322655 ] ] }, { "type": "LineString", "coordinates": [ [ 28.9464496, 41.0316869 ], [ 28.9462777, 41.0314311 ], [ 28.9461275, 41.0311729 ] ] }, { "type": "LineString", "coordinates": [ [ 28.9453522, 41.030672 ], [ 28.9450662, 41.0308444 ], [ 28.9448327, 41.0310372 ] ] }, { "type": "LineString", "coordinates": [ [ 28.9454109, 41.030205 ], [ 28.9455557, 41.0301999 ], [ 28.9455972, 41.0302981 ], [ 28.9456818, 41.0304276 ], [ 28.9458769, 41.0306018 ] ] }, { "type": "LineString", "coordinates": [ [ 28.9458769, 41.0306018 ], [ 28.9460307, 41.03082280000001 ] ] }, { "type": "LineString", "coordinates": [ [ 28.9464272, 41.0310501 ], [ 28.9465642, 41.0308242 ] ] }, { "type": "LineString", "coordinates": [ [ 28.9454963, 41.030796100000011 ], [ 28.9458769, 41.0306018 ] ] }, { "type": "LineString", "coordinates": [ [ 28.9451587, 41.0315372 ], [ 28.9447409, 41.03168680000001 ] ] }, { "type": "LineString", "coordinates": [ [ 28.9447409, 41.03168680000001 ], [ 28.9444757, 41.0318141 ] ] }, { "type": "LineString", "coordinates": [ [ 28.9444757, 41.0318141 ], [ 28.9441306, 41.0319348 ] ] }, { "type": "LineString", "coordinates": [ [ 28.9439148, 41.0316082 ], [ 28.9441306, 41.0319348 ] ] }, { "type": "LineString", "coordinates": [ [ 28.9441306, 41.0319348 ], [ 28.944515, 41.0324628 ] ] }, { "type": "LineString", "coordinates": [ [ 28.944515, 41.0324628 ], [ 28.9446926, 41.0327337 ] ] }, { "type": "LineString", "coordinates": [ [ 28.9447409, 41.03168680000001 ], [ 28.9445371, 41.0313665 ] ] }, { "type": "LineString", "coordinates": [ [ 28.9445371, 41.0313665 ], [ 28.9443861, 41.031081699999987 ] ] }, { "type": "LineString", "coordinates": [ [ 28.9443861, 41.031081699999987 ], [ 28.9442334, 41.0309618 ], [ 28.9441406, 41.0308732 ] ] }, { "type": "LineString", "coordinates": [ [ 28.9443861, 41.031081699999987 ], [ 28.9447398, 41.0310165 ] ] }, { "type": "LineString", "coordinates": [ [ 28.9470313, 41.0314527 ], [ 28.9463291, 41.0312279 ], [ 28.9461275, 41.0311729 ] ] }, { "type": "LineString", "coordinates": [ [ 28.9461275, 41.0311729 ], [ 28.9457274, 41.031029599999982 ], [ 28.945606, 41.0309171 ] ] }, { "type": "LineString", "coordinates": [ [ 28.945606, 41.0309171 ], [ 28.9454963, 41.030796100000011 ] ] }, { "type": "LineString", "coordinates": [ [ 28.9454963, 41.030796100000011 ], [ 28.9453522, 41.030672 ] ] }, { "type": "LineString", "coordinates": [ [ 28.9453522, 41.030672 ], [ 28.9452902, 41.0305197 ], [ 28.945203, 41.0302961 ] ] }, { "type": "LineString", "coordinates": [ [ 28.9465997, 41.0316353 ], [ 28.9467882, 41.0319169 ] ] }, { "type": "LineString", "coordinates": [ [ 28.9467882, 41.0319169 ], [ 28.9469783, 41.0321733 ] ] }, { "type": "LineString", "coordinates": [ [ 28.9469783, 41.0321733 ], [ 28.9471832, 41.0324513 ] ] }, { "type": "LineString", "coordinates": [ [ 28.9457335, 41.0316533 ], [ 28.9458871, 41.0318915 ] ] }, { "type": "LineString", "coordinates": [ [ 28.9458871, 41.0318915 ], [ 28.946086, 41.0321849 ] ] }, { "type": "LineString", "coordinates": [ [ 28.946086, 41.0321849 ], [ 28.94627, 41.0324463 ] ] }, { "type": "LineString", "coordinates": [ [ 28.94627, 41.0324463 ], [ 28.9464667, 41.0327135 ] ] }, { "type": "LineString", "coordinates": [ [ 28.9452103, 41.0321758 ], [ 28.9453773, 41.0324571 ] ] }, { "type": "LineString", "coordinates": [ [ 28.9453773, 41.0324571 ], [ 28.9455627, 41.0327433 ] ] }, { "type": "LineString", "coordinates": [ [ 28.9435621, 41.0321461 ], [ 28.9434204, 41.031954499999983 ] ] }, { "type": "LineString", "coordinates": [ [ 28.9434204, 41.031954499999983 ], [ 28.9433328, 41.0318358 ] ] }, { "type": "LineString", "coordinates": [ [ 28.9433328, 41.0318358 ], [ 28.9432043, 41.0316762 ], [ 28.9431143, 41.0316379 ], [ 28.9430139, 41.0315964 ], [ 28.9432276, 41.0311334 ] ] }, { "type": "LineString", "coordinates": [ [ 28.944948, 41.0312123 ], [ 28.9445371, 41.0313665 ] ] }, { "type": "LineString", "coordinates": [ [ 28.9445371, 41.0313665 ], [ 28.9442925, 41.0314635 ] ] }, { "type": "LineString", "coordinates": [ [ 28.9442925, 41.0314635 ], [ 28.9439148, 41.0316082 ] ] }, { "type": "LineString", "coordinates": [ [ 28.9439148, 41.0316082 ], [ 28.9436218, 41.03171540000001 ] ] }, { "type": "LineString", "coordinates": [ [ 28.9436218, 41.03171540000001 ], [ 28.9433328, 41.0318358 ] ] }, { "type": "LineString", "coordinates": [ [ 28.9479281, 41.031325 ], [ 28.9478463, 41.0314919 ], [ 28.9476209, 41.0315831 ] ] }, { "type": "LineString", "coordinates": [ [ 28.9476209, 41.0315831 ], [ 28.9472971, 41.0317117 ] ] }, { "type": "LineString", "coordinates": [ [ 28.9472971, 41.0317117 ], [ 28.9467882, 41.0319169 ] ] }, { "type": "LineString", "coordinates": [ [ 28.9467882, 41.0319169 ], [ 28.9463366, 41.0320876 ] ] }, { "type": "LineString", "coordinates": [ [ 28.9463366, 41.0320876 ], [ 28.946086, 41.0321849 ] ] }, { "type": "LineString", "coordinates": [ [ 28.946086, 41.0321849 ], [ 28.9457087, 41.0323315 ] ] }, { "type": "LineString", "coordinates": [ [ 28.9457087, 41.0323315 ], [ 28.9453773, 41.0324571 ] ] }, { "type": "LineString", "coordinates": [ [ 28.9453773, 41.0324571 ], [ 28.9450156, 41.0325945 ] ] }, { "type": "LineString", "coordinates": [ [ 28.9450156, 41.0325945 ], [ 28.9446926, 41.0327337 ] ] }, { "type": "LineString", "coordinates": [ [ 28.9446926, 41.0327337 ], [ 28.9443906, 41.0328502 ] ] }, { "type": "LineString", "coordinates": [ [ 28.9455637, 41.0342638 ], [ 28.9453706, 41.0339481 ] ] }, { "type": "LineString", "coordinates": [ [ 28.9476209, 41.0315831 ], [ 28.9474306, 41.0312897 ] ] }, { "type": "LineString", "coordinates": [ [ 28.9467137, 41.0326223 ], [ 28.9465296, 41.0323499 ] ] }, { "type": "LineString", "coordinates": [ [ 28.9465296, 41.0323499 ], [ 28.9463366, 41.0320876 ] ] }, { "type": "LineString", "coordinates": [ [ 28.9463366, 41.0320876 ], [ 28.9461414, 41.031799 ] ] }, { "type": "LineString", "coordinates": [ [ 28.9461414, 41.031799 ], [ 28.9459754, 41.0315536 ], [ 28.9457335, 41.0316533 ] ] }, { "type": "LineString", "coordinates": [ [ 28.9457335, 41.0316533 ], [ 28.9453479, 41.0318022 ] ] }, { "type": "LineString", "coordinates": [ [ 28.9479455, 41.03091460000001 ], [ 28.9484023, 41.0307629 ] ] }, { "type": "LineString", "coordinates": [ [ 28.9481588, 41.0313887 ], [ 28.9483707, 41.0313841 ], [ 28.9487645, 41.031501 ] ] }, { "type": "LineString", "coordinates": [ [ 28.9470822, 41.0314377 ], [ 28.9472971, 41.0317117 ] ] }, { "type": "LineString", "coordinates": [ [ 28.9472971, 41.0317117 ], [ 28.9474698, 41.031970800000018 ] ] }, { "type": "LineString", "coordinates": [ [ 28.9474698, 41.031970800000018 ], [ 28.9476635, 41.032242599999989 ] ] }, { "type": "LineString", "coordinates": [ [ 28.9479093, 41.0325976 ], [ 28.9479911, 41.0327428 ] ] }, { "type": "LineString", "coordinates": [ [ 28.9476411, 41.0306596 ], [ 28.9475483, 41.0304023 ] ] }, { "type": "LineString", "coordinates": [ [ 28.9475483, 41.0304023 ], [ 28.947472, 41.0301682 ], [ 28.9474581, 41.030085199999988 ] ] }, { "type": "LineString", "coordinates": [ [ 28.9474581, 41.030085199999988 ], [ 28.9474482, 41.0299669 ], [ 28.947424, 41.0298746 ], [ 28.9477328, 41.0298352 ] ] }, { "type": "LineString", "coordinates": [ [ 28.9474581, 41.030085199999988 ], [ 28.9475281, 41.0300688 ], [ 28.9477942, 41.0300176 ] ] }, { "type": "LineString", "coordinates": [ [ 28.9475483, 41.0304023 ], [ 28.9479271, 41.0303103 ] ] }, { "type": "LineString", "coordinates": [ [ 28.9446684, 41.0332199 ], [ 28.9449523, 41.0330531 ], [ 28.9451446, 41.0329146 ], [ 28.9455627, 41.0327433 ] ] }, { "type": "LineString", "coordinates": [ [ 28.9455627, 41.0327433 ], [ 28.9458823, 41.0326018 ] ] }, { "type": "LineString", "coordinates": [ [ 28.9442063, 41.0325832 ], [ 28.944515, 41.0324628 ] ] }, { "type": "LineString", "coordinates": [ [ 28.944515, 41.0324628 ], [ 28.9448341, 41.0323219 ] ] }, { "type": "LineString", "coordinates": [ [ 28.9448341, 41.0323219 ], [ 28.9452103, 41.0321758 ] ] }, { "type": "LineString", "coordinates": [ [ 28.9452103, 41.0321758 ], [ 28.9455077, 41.032048699999983 ] ] }, { "type": "LineString", "coordinates": [ [ 28.9470749, 41.0290631 ], [ 28.9475364, 41.029022 ] ] }, { "type": "LineString", "coordinates": [ [ 28.9476469, 41.0295578 ], [ 28.9479955, 41.0294812 ] ] }, { "type": "LineString", "coordinates": [ [ 28.9479955, 41.0294812 ], [ 28.948333, 41.0293779 ] ] }, { "type": "LineString", "coordinates": [ [ 28.948333, 41.0293779 ], [ 28.9484754, 41.0293183 ] ] }, { "type": "LineString", "coordinates": [ [ 28.9484754, 41.0293183 ], [ 28.9485814, 41.029308 ], [ 28.9487136, 41.029296399999986 ] ] }, { "type": "LineString", "coordinates": [ [ 28.9490861, 41.029745 ], [ 28.9487953, 41.0297241 ], [ 28.948695, 41.0295496 ] ] }, { "type": "LineString", "coordinates": [ [ 28.948695, 41.0295496 ], [ 28.9485987, 41.029437699999988 ], [ 28.9485622, 41.0293323 ], [ 28.9484754, 41.0293183 ] ] }, { "type": "LineString", "coordinates": [ [ 28.9483144, 41.0300486 ], [ 28.9483656, 41.0298333 ], [ 28.9483704, 41.0296009 ] ] }, { "type": "LineString", "coordinates": [ [ 28.9483704, 41.0296009 ], [ 28.948333, 41.0293779 ] ] }, { "type": "LineString", "coordinates": [ [ 28.9494217, 41.028772 ], [ 28.9496786, 41.0286461 ] ] }, { "type": "LineString", "coordinates": [ [ 28.9480271, 41.0306056 ], [ 28.9479271, 41.0303103 ] ] }, { "type": "LineString", "coordinates": [ [ 28.9479271, 41.0303103 ], [ 28.9477942, 41.0300176 ] ] }, { "type": "LineString", "coordinates": [ [ 28.9477942, 41.0300176 ], [ 28.9477328, 41.0298352 ] ] }, { "type": "LineString", "coordinates": [ [ 28.9477328, 41.0298352 ], [ 28.9476469, 41.0295578 ] ] }, { "type": "LineString", "coordinates": [ [ 28.9476469, 41.0295578 ], [ 28.947613, 41.029423 ] ] }, { "type": "LineString", "coordinates": [ [ 28.947613, 41.029423 ], [ 28.9475589, 41.0291295 ], [ 28.9475364, 41.029022 ] ] }, { "type": "LineString", "coordinates": [ [ 28.9475795, 41.0311423 ], [ 28.9473319, 41.0310394 ] ] }, { "type": "LineString", "coordinates": [ [ 28.9473319, 41.0310394 ], [ 28.9471275, 41.0309567 ], [ 28.9465642, 41.0308242 ] ] }, { "type": "LineString", "coordinates": [ [ 28.9465642, 41.0308242 ], [ 28.9464562, 41.0307391 ], [ 28.9463792, 41.0306562 ] ] }, { "type": "LineString", "coordinates": [ [ 28.9463792, 41.0306562 ], [ 28.9462247, 41.0304239 ], [ 28.9460457, 41.0302101 ] ] }, { "type": "LineString", "coordinates": [ [ 28.9460457, 41.0302101 ], [ 28.9459057, 41.0298843 ], [ 28.9457824, 41.0297346 ], [ 28.9456815, 41.0296876 ] ] }, { "type": "LineString", "coordinates": [ [ 28.947613, 41.029423 ], [ 28.9473434, 41.0294543 ], [ 28.9472696, 41.0294807 ], [ 28.9472562, 41.0298267 ] ] }, { "type": "LineString", "coordinates": [ [ 28.9472562, 41.0298267 ], [ 28.947228, 41.030153399999989 ], [ 28.9470497, 41.0302769 ], [ 28.9468364, 41.0304245 ], [ 28.9463792, 41.0306562 ] ] }, { "type": "LineString", "coordinates": [ [ 28.9446433, 41.029741799999989 ], [ 28.9448803, 41.0296906 ] ] }, { "type": "LineString", "coordinates": [ [ 28.9448803, 41.0296906 ], [ 28.9451646, 41.0296103 ] ] }, { "type": "LineString", "coordinates": [ [ 28.9456241, 41.0296839 ], [ 28.9455427, 41.029257800000011 ] ] }, { "type": "LineString", "coordinates": [ [ 28.9460457, 41.0302101 ], [ 28.9465413, 41.030092 ], [ 28.9466978, 41.0300717 ], [ 28.9466109, 41.0296855 ], [ 28.9465804, 41.0295734 ] ] }, { "type": "LineString", "coordinates": [ [ 28.9453233, 41.0286651 ], [ 28.9451534, 41.028909 ] ] }, { "type": "LineString", "coordinates": [ [ 28.9443717, 41.0294648 ], [ 28.9446142, 41.0297042 ], [ 28.9446433, 41.029741799999989 ] ] }, { "type": "LineString", "coordinates": [ [ 28.9446433, 41.029741799999989 ], [ 28.9446437, 41.0298439 ] ] }, { "type": "LineString", "coordinates": [ [ 28.9432888, 41.0344828 ], [ 28.9432808, 41.0346654 ], [ 28.9432721, 41.034851 ], [ 28.9432713, 41.0349363 ] ] }, { "type": "LineString", "coordinates": [ [ 28.9432713, 41.0349363 ], [ 28.9432399, 41.0351424 ] ] }, { "type": "LineString", "coordinates": [ [ 28.9448506, 41.034931799999988 ], [ 28.9446991, 41.0349886 ], [ 28.9445703, 41.0350938 ], [ 28.9444039, 41.0352796 ] ] }, { "type": "LineString", "coordinates": [ [ 28.9419545, 41.0348413 ], [ 28.9420349, 41.034679 ], [ 28.9420915, 41.0346509 ], [ 28.9424014, 41.0345652 ], [ 28.9424267, 41.0345232 ], [ 28.9423301, 41.0342926 ] ] }, { "type": "LineString", "coordinates": [ [ 28.9431112, 41.0342168 ], [ 28.9432241, 41.0343978 ], [ 28.9432888, 41.0344828 ] ] }, { "type": "LineString", "coordinates": [ [ 28.9432888, 41.0344828 ], [ 28.9433794, 41.0345597 ], [ 28.9435621, 41.0346171 ], [ 28.9437609, 41.0347994 ], [ 28.943793, 41.0348459 ] ] }, { "type": "LineString", "coordinates": [ [ 28.943793, 41.0348459 ], [ 28.9438729, 41.0349319 ], [ 28.9439636, 41.0350369 ], [ 28.9440129, 41.0351719 ] ] }, { "type": "LineString", "coordinates": [ [ 28.94245, 41.0355466 ], [ 28.9425855, 41.0354661 ], [ 28.9429759, 41.0353154 ] ] }, { "type": "LineString", "coordinates": [ [ 28.9429759, 41.0353154 ], [ 28.9432399, 41.0351424 ] ] }, { "type": "LineString", "coordinates": [ [ 28.9437735, 41.0358423 ], [ 28.9438738, 41.0359021 ] ] }, { "type": "LineString", "coordinates": [ [ 28.9438738, 41.0359021 ], [ 28.9438032, 41.035972 ] ] }, { "type": "LineString", "coordinates": [ [ 28.9438032, 41.035972 ], [ 28.9439078, 41.036018 ], [ 28.9438248, 41.0362362 ], [ 28.9437939, 41.0363718 ], [ 28.9438069, 41.0364378 ] ] }, { "type": "LineString", "coordinates": [ [ 28.9442098, 41.035264599999984 ], [ 28.9442569, 41.035482 ], [ 28.9441841, 41.0355875 ], [ 28.9437735, 41.0358423 ] ] }, { "type": "LineString", "coordinates": [ [ 28.9436334, 41.0384488 ], [ 28.9439392, 41.0386782 ], [ 28.9440837, 41.0387672 ] ] }, { "type": "LineString", "coordinates": [ [ 28.9447078, 41.0368617 ], [ 28.9443245, 41.0367197 ] ] }, { "type": "LineString", "coordinates": [ [ 28.9443245, 41.0367197 ], [ 28.9442134, 41.0366597 ] ] }, { "type": "LineString", "coordinates": [ [ 28.9442134, 41.0366597 ], [ 28.9440997, 41.0366189 ] ] }, { "type": "LineString", "coordinates": [ [ 28.9440997, 41.0366189 ], [ 28.9440212, 41.0365478 ], [ 28.9439266, 41.0365424 ], [ 28.9438069, 41.0364378 ] ] }, { "type": "LineString", "coordinates": [ [ 28.9438069, 41.0364378 ], [ 28.9435579, 41.0363971 ], [ 28.943315, 41.0363158 ], [ 28.9431891, 41.0363434 ], [ 28.9430283, 41.0363927 ] ] }, { "type": "LineString", "coordinates": [ [ 28.9433153, 41.0363154 ], [ 28.9433185, 41.036252899999987 ], [ 28.9432803, 41.0361442 ], [ 28.9431441, 41.0360101 ] ] }, { "type": "LineString", "coordinates": [ [ 28.9431441, 41.0360101 ], [ 28.943003, 41.0359138 ], [ 28.9428362, 41.0358092 ] ] }, { "type": "LineString", "coordinates": [ [ 28.9428362, 41.0358092 ], [ 28.9427805, 41.0358151 ], [ 28.9424991, 41.0357475 ] ] }, { "type": "LineString", "coordinates": [ [ 28.9427375, 41.0379761 ], [ 28.9428688, 41.0381733 ] ] }, { "type": "LineString", "coordinates": [ [ 28.9428688, 41.0381733 ], [ 28.942961, 41.038339 ], [ 28.9430897, 41.038517 ] ] }, { "type": "LineString", "coordinates": [ [ 28.9445625, 41.0375153 ], [ 28.9443384, 41.0372723 ] ] }, { "type": "LineString", "coordinates": [ [ 28.9443384, 41.0372723 ], [ 28.9440154, 41.0369352 ] ] }, { "type": "LineString", "coordinates": [ [ 28.9431518, 41.0374165 ], [ 28.9428887, 41.037119 ] ] }, { "type": "LineString", "coordinates": [ [ 28.9428887, 41.037119 ], [ 28.9427036, 41.0369013 ] ] }, { "type": "LineString", "coordinates": [ [ 28.9425233, 41.036117 ], [ 28.9423707, 41.0361579 ], [ 28.9422602, 41.0362098 ] ] }, { "type": "LineString", "coordinates": [ [ 28.9422602, 41.0362098 ], [ 28.9420543, 41.0362233 ] ] }, { "type": "LineString", "coordinates": [ [ 28.9428371, 41.0368225 ], [ 28.942596, 41.0365581 ] ] }, { "type": "LineString", "coordinates": [ [ 28.942596, 41.0365581 ], [ 28.9422602, 41.0362098 ] ] }, { "type": "LineString", "coordinates": [ [ 28.9421451, 41.03680390000001 ], [ 28.9423348, 41.0366989 ] ] }, { "type": "LineString", "coordinates": [ [ 28.9421347, 41.0381049 ], [ 28.9418774, 41.0377725 ] ] }, { "type": "LineString", "coordinates": [ [ 28.9439495, 41.0373419 ], [ 28.9438274, 41.0372185 ], [ 28.9437269, 41.0371224 ], [ 28.9436808, 41.037109 ] ] }, { "type": "LineString", "coordinates": [ [ 28.9436808, 41.037109 ], [ 28.943416, 41.0368172 ] ] }, { "type": "LineString", "coordinates": [ [ 28.9424574, 41.03703680000001 ], [ 28.942524, 41.0369974 ] ] }, { "type": "LineString", "coordinates": [ [ 28.942524, 41.0369974 ], [ 28.9427036, 41.0369013 ] ] }, { "type": "LineString", "coordinates": [ [ 28.9427036, 41.0369013 ], [ 28.9428371, 41.0368225 ] ] }, { "type": "LineString", "coordinates": [ [ 28.9449722, 41.0361289 ], [ 28.9443245, 41.0367197 ] ] }, { "type": "LineString", "coordinates": [ [ 28.9443245, 41.0367197 ], [ 28.9442188, 41.0368296 ], [ 28.9440154, 41.0369352 ] ] }, { "type": "LineString", "coordinates": [ [ 28.9440154, 41.0369352 ], [ 28.9436808, 41.037109 ] ] }, { "type": "LineString", "coordinates": [ [ 28.9436808, 41.037109 ], [ 28.943594, 41.0371646 ] ] }, { "type": "LineString", "coordinates": [ [ 28.943413, 41.0372663 ], [ 28.9431518, 41.0374165 ] ] }, { "type": "LineString", "coordinates": [ [ 28.9431518, 41.0374165 ], [ 28.9429287, 41.0375472 ] ] }, { "type": "LineString", "coordinates": [ [ 28.9429287, 41.0375472 ], [ 28.9427966, 41.037595299999985 ] ] }, { "type": "LineString", "coordinates": [ [ 28.9453515, 41.0353397 ], [ 28.9454555, 41.0348157 ], [ 28.9455236, 41.0346979 ] ] }, { "type": "LineString", "coordinates": [ [ 28.9418287, 41.0353058 ], [ 28.9419374, 41.035160499999989 ] ] }, { "type": "LineString", "coordinates": [ [ 28.9419374, 41.035160499999989 ], [ 28.9420148, 41.0350407 ] ] }, { "type": "LineString", "coordinates": [ [ 28.9420148, 41.0350407 ], [ 28.9420757, 41.0349638 ], [ 28.9420981, 41.0348621 ] ] }, { "type": "LineString", "coordinates": [ [ 28.941617, 41.0350433 ], [ 28.9416158, 41.0349905 ] ] }, { "type": "LineString", "coordinates": [ [ 28.9416158, 41.0349905 ], [ 28.9416413, 41.0349562 ], [ 28.9417594, 41.0348186 ] ] }, { "type": "LineString", "coordinates": [ [ 28.9418479, 41.0357645 ], [ 28.9418833, 41.0359641 ], [ 28.9419263, 41.0360256 ] ] }, { "type": "LineString", "coordinates": [ [ 28.9419263, 41.0360256 ], [ 28.9419584, 41.0360774 ], [ 28.9420543, 41.0362233 ] ] }, { "type": "LineString", "coordinates": [ [ 28.9420543, 41.0362233 ], [ 28.9421491, 41.0363673 ] ] }, { "type": "LineString", "coordinates": [ [ 28.9421491, 41.0363673 ], [ 28.9422791, 41.0365963 ], [ 28.9423185, 41.0366719 ], [ 28.9423348, 41.0366989 ] ] }, { "type": "LineString", "coordinates": [ [ 28.9423348, 41.0366989 ], [ 28.942524, 41.0369974 ] ] }, { "type": "LineString", "coordinates": [ [ 28.942524, 41.0369974 ], [ 28.9426564, 41.0372212 ] ] }, { "type": "LineString", "coordinates": [ [ 28.9460446, 41.033626 ], [ 28.9458384, 41.0336836 ], [ 28.9456989, 41.033716 ], [ 28.9453221, 41.0338704 ] ] }, { "type": "LineString", "coordinates": [ [ 28.9442134, 41.0366597 ], [ 28.9444845, 41.035984 ], [ 28.9444805, 41.0359788 ] ] }, { "type": "LineString", "coordinates": [ [ 28.945745, 41.0353675 ], [ 28.9453515, 41.0353397 ] ] }, { "type": "LineString", "coordinates": [ [ 28.9453515, 41.0353397 ], [ 28.9449136, 41.0353123 ] ] }, { "type": "LineString", "coordinates": [ [ 28.9429287, 41.0375472 ], [ 28.9431043, 41.0377691 ] ] }, { "type": "LineString", "coordinates": [ [ 28.9453709, 41.0342938 ], [ 28.9454179, 41.0345678 ], [ 28.9455236, 41.0346979 ] ] }, { "type": "LineString", "coordinates": [ [ 28.9455236, 41.0346979 ], [ 28.9457719, 41.0347377 ] ] }, { "type": "LineString", "coordinates": [ [ 28.9423951, 41.0335875 ], [ 28.9426153, 41.03376260000001 ] ] }, { "type": "LineString", "coordinates": [ [ 28.9426153, 41.03376260000001 ], [ 28.9426391, 41.0337908 ], [ 28.9427546, 41.033883399999986 ], [ 28.9429819, 41.0340542 ], [ 28.9430663, 41.0341426 ] ] }, { "type": "LineString", "coordinates": [ [ 28.9430663, 41.0341426 ], [ 28.9431112, 41.0342168 ] ] }, { "type": "LineString", "coordinates": [ [ 28.9219211, 41.014106699999985 ], [ 28.921907457041208, 41.014108632196695 ] ] }, { "type": "LineString", "coordinates": [ [ 28.9220687, 41.0140859 ], [ 28.92199, 41.014097 ], [ 28.9219211, 41.014106699999985 ] ] }, { "type": "LineString", "coordinates": [ [ 28.9667176, 41.0141338 ], [ 28.9672, 41.0141488 ], [ 28.9672632, 41.0141496 ] ] }, { "type": "LineString", "coordinates": [ [ 28.9615907, 41.0223336 ], [ 28.961515625049319, 41.022406369806788 ] ] }, { "type": "LineString", "coordinates": [ [ 28.961515625049319, 41.022406369806788 ], [ 28.9614702, 41.0224504 ], [ 28.961437040024826, 41.022490836128519 ] ] }, { "type": "LineString", "coordinates": [ [ 28.961437040024826, 41.022490836128519 ], [ 28.9613868, 41.0225521 ] ] }, { "type": "LineString", "coordinates": [ [ 28.9540121, 41.0094142 ], [ 28.9540545, 41.0095137 ], [ 28.9541428, 41.0095185 ] ] }, { "type": "LineString", "coordinates": [ [ 28.943527, 41.0215524 ], [ 28.943466, 41.0215111 ], [ 28.9434253, 41.021476 ], [ 28.9433711, 41.0214294 ] ] }, { "type": "LineString", "coordinates": [ [ 28.9483509, 41.011540699999983 ], [ 28.9480727, 41.0117356 ] ] }, { "type": "LineString", "coordinates": [ [ 28.9758763, 41.0104809 ], [ 28.9762061, 41.0107515 ], [ 28.9757059, 41.0110837 ] ] }, { "type": "LineString", "coordinates": [ [ 28.9514698, 41.0063837 ], [ 28.9515348, 41.006217299999989 ] ] }, { "type": "LineString", "coordinates": [ [ 28.9473605, 41.0087766 ], [ 28.9471163, 41.0092111 ] ] }, { "type": "LineString", "coordinates": [ [ 28.9471163, 41.0092111 ], [ 28.9470492, 41.0093151 ], [ 28.947035, 41.0093342 ] ] }, { "type": "LineString", "coordinates": [ [ 28.947035, 41.0093342 ], [ 28.947003, 41.0093772 ], [ 28.9469217, 41.0094684 ], [ 28.9467735, 41.0096191 ] ] } ] } }
]
}
